7.3,274,8.9,15.2
7.2,287,8.3,15.2
7.3,288,8.3,15.2
7.2,288,8.3,15.1
7.4,287,8.6,15.1
7.5,289,8.8,15.1
7.6,291,9.2,15
7.4,291,9.2,14.9
9.4,301,12.1,14.9
10.8,301,12.1,14.9
10.8,301,12.3,14.8
10.2,301,12.3,14.7
-1,-1,-1,-1
8.4,297,10,14.5
8.1,294,9.6,14.3
7.9,294,8.9,14.2
7.9,294,8.9,14.2
8.1,296,10.3,14.2
8.1,290,9.2,14.1
8,290,9.3,14
7.5,290,9.3,14
8.1,280,9.5,13.9
8.4,280,9.5,13.9
7.9,274,9.5,13.8
8.1,274,9.5,13.7
9.1,274,10.6,13.8
9.5,274,10.6,13.8
10.3,269,12.3,13.9
10,266,12.7,14
9.8,266,11.2,14
10.6,266,13.7,14
11.7,266,13.7,13.9
11.7,270,14.4,14
11.1,270,14.4,14.1
11.4,269,13.2,14.2
11.6,269,13.2,14.3
12.3,266,13.6,14.4
12.6,263,14.2,14.6
13.3,261,15.4,14.6
13.7,261,15.4,14.6
13.2,262,15.8,14.7
12.7,265,14.6,14.7
11.6,265,14.6,14.7
11.8,270,14.5,14.7
12.4,270,14.5,14.7
13.4,262,16.2,14.8
13.8,262,16.1,14.9
14.6,260,16.7,14.9
13.9,261,15.8,14.8
13.6,258,16,14.9
14.1,257,16.2,14.8
13.5,262,16.4,14.8
12.3,265,14.6,14.7
12.7,262,15.2,14.8
13.6,259,15,14.7
13.9,255,15.8,14.8
14,255,15.8,14.7
12.8,263,15.5,14.8
13.2,263,15.5,14.8
12.1,264,13.8,14.8
12,264,13.8,14.8
11.5,274,13.3,14.6
11.4,268,13,14.6
12.4,268,13,14.7
13.3,262,15.5,14.7
12.3,261,15.3,14.6
11.8,260,14.4,14.7
13,262,15.3,14.6
12.9,270,15.6,14.6
12,270,15.6,14.6
11.9,271,15.5,14.6
11.3,271,15.5,14.7
11.1,270,14.7,14.6
12.3,269,14.6,14.6
11.8,269,14.6,14.6
12.1,264,14.5,14.6
11.4,266,13.9,14.6
11.9,264,14.1,14.5
10.9,264,14.1,14.5
12.5,265,14.4,14.5
12.2,264,15,14.4
11.7,273,14.8,14.4
11,275,13.2,14.4
11.3,270,14.9,14.3
-1,-1,-1,-1
10.9,277,13.8,14.3
10.4,279,13.3,14.3
11.1,278,13.3,14.3
10.8,281,13.5,14.4
11.1,286,13.8,14.4
12.2,279,14,14.3
11.3,282,13.9,14.3
10.6,289,12.7,14.4
12.3,288,14.8,14.3
12.3,288,14.8,14.2
11.5,287,14.7,14.3
10.5,284,12.5,14.4
10,284,12.5,14.3
9.6,279,12.1,14.4
8.9,279,12.1,14.4
8.5,288,10.2,14.4
8.3,283,10.3,14.4
8.5,276,10.5,14.3
6.6,274,8.9,14.4
6.1,274,7.8,14.5
6.4,267,7.9,14.5
7.4,254,9,14.4
7.6,248,8.6,14.4
7.6,252,8.6,14.4
7.5,242,9.1,14.4
8.3,242,9.1,14.4
8.9,240,10.8,14.4
8.7,240,10.8,14.5
8.4,246,10,14.5
8.1,246,10,14.5
8.9,240,10.1,14.5
9.3,240,10.1,14.5
9.5,241,11.4,14.6
9.6,238,11.1,14.5
9.9,242,11.3,14.5
11,240,12.6,14.5
11,238,12.6,14.6
12,241,13.3,14.5
11.2,235,12.6,14.5
10.7,234,12.2,14.6
10.7,237,12.3,14.7
11,241,12.5,14.7
12,243,13.6,14.7
12.4,243,13.6,14.7
13.1,243,14.7,14.7
12.8,243,14.7,14.7
12.9,237,14.7,14.8
12.1,237,14.7,14.9
12.5,243,14,14.9
13,243,14,14.9
13.9,242,15.4,14.9
14.2,242,15.6,15
13.3,242,14.7,15.1
12.7,244,14.2,15.2
12.7,244,14.2,15.2
12.9,239,14.4,15.3
12.1,239,14.4,15.4
13.3,245,14.5,15.4
12.6,245,14.5,15.4
12.6,244,14.3,15.5
13,247,13.9,15.4
12.9,247,13.9,15.5
12.8,249,14,15.5
13.6,249,14,15.5
13,246,14.5,15.5
13.4,246,14.5,15.3
14.6,249,16.2,15.3
14.3,249,16.2,15.3
14.2,247,15.9,15.4
14.5,245,16.5,15.4
14.8,249,17.2,15.4
-1,-1,-1,-1
16.3,247,19.1,15.4
14.2,240,16.9,15.6
14.8,241,16.8,15.5
14.6,248,16.5,15.4
13.4,246,15.9,15.5
13.8,240,15.9,15.5
14.6,245,17.9,15.4
14.9,240,17,15.3
15,244,17.3,15.1
14.9,244,17.3,15.3
15.9,235,17.9,15.2
16.4,235,17.9,15.1
16.5,234,18,15.1
16.5,234,18,15.1
16,237,18.6,15.1
16.6,239,19.1,15.1
16.8,237,19.2,15.2
17.3,240,20.2,15.2
17,235,19.9,15.1
15.2,236,17.4,15.1
15.5,234,18,15
16,234,18.7,15.1
16.7,236,18.8,15
16.3,237,18.1,15
16,234,17.9,15.1
15.4,234,17.9,15.2
15.5,237,17.5,15.1
16.3,240,17.8,15.2
15.4,249,17.5,15.2
15,246,18.7,15.2
14.9,246,18.7,15.4
16.8,254,19.4,15.1
17.5,254,19.4,15.1
17.9,252,20,15.2
18.1,252,20,15.2
16.9,252,19.6,15.2
17.3,252,19.5,15.2
17.6,252,19.5,15.2
17.5,252,20.1,15.3
17.6,253,20.6,15.3
17.5,252,20.2,15.2
17.7,254,19.9,15.2
17.8,251,20,15.2
18.3,251,20,15.1
17.5,250,20,14.9
18.1,251,20.8,14.9
18.4,249,20.9,15.1
18.8,249,22.3,15.2
19.1,251,23,15.1
19,251,23,15.1
19.5,251,22.1,15.1
19.6,250,22,15.1
18.6,249,21.5,15.2
18.4,250,21.6,15.3
18.2,248,20.6,15.1
18.7,244,21.5,15.1
18.7,244,21.8,15.1
18.3,246,21.6,15.2
18.2,245,20.8,15.3
18.8,244,22.8,15.2
19.6,243,22.3,15.2
18.8,243,22.3,15.2
19.5,244,22.4,15.3
19.1,244,22.4,15.3
18.4,245,23.5,15.4
18.6,245,23.5,15.4
17,247,20.2,15.5
17.4,247,20.2,15.5
17.7,246,20.8,15.6
17.9,243,22,15.6
17.2,244,20.4,15.6
17.6,246,20.9,15.6
17.2,248,20.7,15.6
16.4,246,19.3,15.5
15.6,245,18.2,15.6
15.7,246,19.8,15.6
16.5,246,20.3,15.4
14.9,240,18.1,15.4
15.9,244,18.4,15.4
16.5,246,18.3,15.4
14.6,246,18.9,15.5
12.3,246,18.9,15.4
14.4,242,16.8,15.2
12.9,249,14.9,15.3
13.3,250,16.5,15.2
12.7,248,15.6,15.2
13.4,249,15.7,15.2
13.4,245,15.9,15.1
12.8,244,15.2,15
13.3,240,15.5,15
10.6,231,14.3,14.7
10.8,230,13.9,14.5
12.2,232,14.3,14.4
11.5,240,13.3,14.5
10.2,238,12,14.4
10.1,239,12.5,14.4
11.5,235,13.3,14.4
11.9,239,14.4,14.5
12.7,239,14.4,14.3
12.4,248,14,14.3
11.5,249,13,14.3
11,249,13,14.3
10.4,254,12.2,14.4
10.8,254,12.2,14.5
9.8,256,11.2,14.5
10.2,252,11.3,14.5
9.5,251,11.2,14.8
9.2,259,11.2,14.8
9.9,257,11.5,14.9
9.9,256,11.6,14.9
8,259,9.2,14.8
7.9,255,8.7,14.8
7,260,8.6,14.8
7.1,254,8.9,14.9
7.6,253,11,15
8.1,253,11,15
6.9,278,9.2,15
6.7,278,9.2,15.1
6.6,291,7.9,15.2
6.7,291,7.9,15.2
7.2,262,8.9,14.9
7,262,8.9,15
6,253,7.9,14.8
6.5,264,8.4,15.1
6.6,264,8.4,15
7.1,268,8.6,15
6.7,268,8.6,15
6.3,277,7.6,14.9
5.7,277,7.6,14.9
6.2,291,7.5,14.8
6,295,7.2,14.7
6.2,283,8.3,14.6
5.3,277,6.2,14.6
5.6,277,6.2,14.5
6.3,280,7.9,14.4
6.7,276,7.7,14.2
6.5,276,7.7,14.1
6.5,270,7.5,13.9
6.6,270,7.5,13.9
6.5,276,8.1,13.9
6.7,276,8.1,13.9
6.4,278,7.9,14
6.4,278,7.9,13.9
-1,-1,-1,-1
6,284,7.5,13.8
6,280,7.3,13.7
5.9,281,7,13.6
5.1,277,6,13.5
5,280,6,13.5
5.9,277,6.9,13.5
5.8,277,6.7,13.6
5.7,278,7.3,13.5
4.8,281,5.6,13.5
4.9,276,5.7,13.4
4.4,271,5.4,13.3
3.8,269,4.5,13.2
3.9,264,4.6,13.3
4.5,264,4.6,13.4
5.6,267,6.3,13.4
5.6,275,6.7,13.3
5,273,5.8,13.3
4.5,275,5.3,13.2
4.4,267,5.1,13.1
4.4,266,4.9,13.1
4.5,269,5.1,13.1
4.3,264,4.8,13
4.3,264,4.9,13
3.9,256,4.5,13
3.4,257,4,13
3.5,257,4,13
3.3,265,3.8,13.1
3.4,265,3.8,13.1
4.3,255,5.3,13.1
4.6,255,5.3,13.1
4.5,257,5.4,13.1
4.7,257,5.4,13.1
4.9,263,5.6,13.1
5,258,5.9,13.1
5.1,257,6.3,13.1
4.8,269,5.7,13
4.4,276,5.6,13
4.4,271,5.3,13
4.6,280,5.3,13
4.8,281,5.9,13
4.5,281,5.4,13
4.2,280,5.2,12.9
4.6,279,5.3,12.9
4.8,279,5.3,12.9
5.2,270,6,13
5.1,270,6,12.9
5.5,273,6.3,12.8
4.9,273,6.3,12.7
3.1,286,4,12.7
2.8,286,4,12.7
4.3,290,5.1,12.8
2.3,293,3.9,12.7
2.6,285,4.7,12.8
4.1,276,4.9,12.7
3.4,276,4.2,12.7
2.7,282,3.9,12.7
3.2,289,3.9,12.7
2.8,297,3.6,12.7
2.2,288,3.4,13
1.3,279,2.6,13.1
1.5,320,2.3,13.3
1.7,320,2.3,13.3
2.2,325,3.4,13.2
2.2,316,2.8,13.1
1.4,316,2.8,13.1
1.8,288,2.1,13.1
2.5,284,3.4,13
1.8,284,3.4,13.1
1.8,46,3.6,13.1
3.1,74,4,13.1
1.6,60,2.6,13.2
-1,-1,-1,-1
2.2,104,3.5,13.4
2.5,95,3.6,13.5
1.9,132,2.6,13.8
1.8,123,2.5,14.3
2.2,141,3.7,14.4
2.1,141,2.8,14.6
2.2,142,3.1,14.5
3.3,135,4.2,14.1
3.8,141,5.1,14
3.8,135,5.5,13.8
4.2,137,5.6,13.8
4.6,137,5.6,13.8
4.3,150,5.7,13.9
4.9,150,5.7,14
5.5,160,7,14
5.6,168,6.9,14.1
5.2,170,7.1,14.1
5,162,6.9,14.1
5.6,156,6.8,14.1
6.3,160,7.6,14.1
7.5,153,9.4,14.1
8,149,9,14.1
7.5,147,9.1,14
7.3,147,9.1,14
7.8,147,9.1,14.1
8.6,147,9.1,14.1
8.6,157,9.9,14.2
9.3,157,9.9,14.2
9.8,135,11.5,14.2
9.5,135,11.5,14.2
8.6,155,10,14.3
8.6,155,10,14.3
10.1,144,11.9,14.3
11.6,142,13.2,14.2
11.8,140,13.4,14.2
11.3,141,12.4,14.2
9.5,158,11.6,14.3
9.5,178,12.5,14.4
7.1,181,10.6,14.4
7.6,176,10.8,14.3
8.8,161,12.2,14.5
8.6,165,10.7,14.5
9,168,12.2,14.6
10,168,12.2,14.7
10.7,163,12.9,14.8
10.9,163,12.9,14.8
11.2,163,14.7,14.9
12.6,163,14.7,14.8
10.6,158,12.9,15
11.3,154,13.1,15.1
10.8,157,12.5,15.1
10.6,156,12.3,15.1
10.6,154,12,15.1
10.7,152,12,15.2
11,148,12,15.2
11.3,146,13.1,15.4
11,139,13.2,15.4
10.6,131,12.1,15.1
10.9,130,12.7,15.1
10.7,128,12.3,15.1
10,127,11.5,15.1
9.9,127,11.5,15
6.9,125,8,15.1
6.5,125,8,15.3
4.8,166,7,15.7
4.7,166,7,15.8
8.9,192,11.9,16
7.9,192,11.2,16.3
6.9,194,10.4,16.3
8.3,204,12.7,16.1
9.3,196,12.7,16.1
-1,-1,-1,-1
10.1,185,13.3,16.3
10.8,185,13.4,16.3
8.3,196,11.6,15.9
7.4,196,11.6,15.9
8.2,201,11.8,15.7
8.1,210,13.3,15.7
8.4,205,13.1,15.4
8.8,205,13.1,15.1
8.3,200,12.4,15.2
8.4,200,12.4,15.1
8.2,196,11.6,14.8
8,196,11.6,14.8
7.6,205,13,14.7
7.3,205,13,14.8
9.3,185,11.9,14.8
7.3,192,11.3,14.7
7.7,186,10.3,14.9
9.2,186,10.3,15
7.6,184,10.9,15.1
7.3,186,9.9,15
8,183,10,15.1
7.8,187,9.8,15.1
7.9,189,10.7,15.1
6.9,193,10.6,15.1
6.7,196,10.7,15
7.3,212,11.8,14.9
8.9,221,15.7,14.9
7.4,207,10.7,14.9
7.9,201,13,15
7.3,207,11.9,14.9
6.5,212,10.9,14.7
7.8,217,13.4,14.9
9.1,225,13.3,14.9
12.2,226,18.1,14.7
9.2,212,14.3,14.6
9.6,222,15.2,14.6
8.4,214,12.8,14.4
8,217,13,14.5
9.6,223,15,14.3
14.6,232,17.4,14.3
13.1,231,16.3,14.3
14.2,231,18.3,14.3
14.1,231,17.3,14.3
11.3,227,15,14.3
10.4,223,14.5,14.3
11.6,226,15.9,14.3
12.8,227,16.3,14.3
10.2,221,15.6,14.3
11.2,227,14.6,14.3
7.9,216,12.6,14.2
9.3,220,14.4,14.2
8.8,222,13.4,14.3
8.3,218,12,14
9.3,221,14.4,14
8.2,219,12.8,14.1
9.5,224,14.6,14.2
9.3,224,15.9,14.3
13.1,228,17.3,14.3
13.3,228,17.1,14.3
13.6,228,17.1,14.2
13.6,231,17.4,14.1
13.1,230,16.9,14.1
14.2,233,17.1,14.4
16.9,235,20.4,14.2
16.6,236,20.3,14.4
16.4,235,19.6,14.2
15.4,233,18.1,14.2
15.6,233,18,14
14.4,235,16.9,14.1
14,236,16.8,14.1
14,233,16.6,14.1
13,232,16.5,14.1
12.7,233,16,14.1
11.7,229,15,14.1
13.7,232,17.9,14
15.3,235,18.8,14.1
17.6,236,21.6,14.1
18.3,233,22.4,14.2
16.5,230,19.8,14.1
16.6,232,21.6,14.2
19.2,234,23.6,14.3
18.3,234,22.5,14.3
18.7,233,22.8,14.4
18.5,233,22.3,14.3
14.6,228,19.1,14.4
15.4,229,20.9,14.4
15.4,229,21.2,14.5
16.1,231,21.8,14.5
15.5,229,20.1,14.4
15.2,231,19.7,14.5
16.4,230,22.4,14.5
15.9,229,20.9,14.4
14.8,229,19.4,14.5
15.5,228,22.6,14.4
14.8,226,19.6,14.4
13.3,228,21.7,14.4
12.4,226,18.9,14.4
13,225,18.8,14.5
12.6,227,19.1,14.6
13.1,226,20.9,14.5
14.3,226,20.7,14.4
15.1,228,22,14.3
14.8,226,20.1,14.2
10.4,223,18.5,14.2
10.8,220,18.9,14.2
10.1,221,18.4,14.2
9.9,217,16.5,14.2
9.6,214,15.5,14.2
10,215,17.5,14.1
12.3,218,20.9,14.2
10.9,219,16.1,14.2
12.5,221,21.4,14.4
12.8,214,20.4,14.3
11.6,213,17.4,14.3
12.8,215,20.3,14.3
11.6,211,15.6,14.4
12,214,19,14.4
13.6,219,23.7,14.3
13.4,217,23.3,14.3
13.7,221,20.1,14.3
15.1,220,23.9,14.3
13.7,222,23.1,14.2
14.7,223,22.4,14.1
13,220,21.4,14.3
12.1,220,24.3,14.2
10.9,219,17.5,14.2
12.6,223,18.5,14.2
14.4,225,22,14.2
13.4,225,20,14.2
14.9,225,20.9,14.1
13.2,222,21.5,14.2
16.9,227,24.9,14.2
14.6,226,19.3,14.1
15.1,228,22.4,14.1
17.4,228,23.5,14.1
15.9,230,22.5,14.2
15.8,228,21.3,14.1
18.5,230,22.1,14.2
19.9,232,25.4,14.1
20,231,24.8,14.1
20.9,231,25.2,14
20.3,231,24.4,14.1
20.6,232,24.2,14.2
20.1,232,24,14.3
20.1,233,25,14.2
21.1,232,25.2,14.3
20.8,232,24.4,14.3
21.1,232,24.7,14.3
20.3,232,24.9,14.4
20.1,231,23.5,14.2
20.6,230,25.3,14.3
21.1,231,26.5,14.3
20.3,232,24,14.3
20.1,231,25.7,14.2
19.4,231,25.7,14.2
20.5,231,24,14.2
22.1,233,25.1,14.3
22.3,234,26.3,14.3
22.3,235,25.8,14.2
21.3,237,26.5,14.3
22.2,237,26.2,14.3
21.7,238,24.3,14.3
22.1,242,27.5,14.4
22,244,27.7,14.3
22.3,245,26.1,14.3
21.9,245,26.5,14.4
22.9,246,26.5,14.3
21.9,243,28.1,14.3
20.6,245,24.8,14.4
20.8,242,24.2,14.4
20,243,24.5,14.7
22.9,246,26.4,14.6
23.1,250,25.8,14.6
22.7,251,26.7,14.5
23,248,26.7,14.5
21,251,25.3,14.6
22.7,252,26,14.5
21.8,249,24.6,14.5
22,250,23.7,14.5
20.6,250,23.7,14.6
19.8,251,22.6,14.7
17.9,251,22.6,14.6
18.9,255,21.9,14.6
18.3,255,21.9,14.7
17.5,254,19.9,14.8
17.8,254,19.9,14.8
17.6,256,19.9,14.8
17.2,256,19.9,15
17.3,250,20.1,14.9
18,249,19.8,14.8
17.7,251,20.4,14.8
17.4,251,20.4,14.9
17.1,248,19,14.9
16,249,17.8,14.9
15.3,249,17.8,14.9
15.1,247,17.7,14.8
15.3,245,17.4,14.8
15.2,245,17.4,14.9
15.2,247,17.1,14.8
14.3,247,17.1,14.9
13.7,252,15.1,15
14,255,15.7,15.1
14.1,260,17,15.1
14,260,17,15.1
13.7,266,15.7,15.1
12.8,266,15.7,15.2
14.4,263,16.5,15.2
13.6,266,16.1,15.1
13.9,266,16.1,15.1
12.7,263,15,15.2
13.7,263,16.5,15.1
13.1,262,16.3,15.2
14.3,261,16.7,15.1
12.8,260,15.1,15.1
12.8,260,15.1,15.2
13.6,264,16,15.3
14.3,265,16.9,15.3
16.2,260,19,15.3
16.9,258,21.3,15.3
16.2,261,19,15.2
17,262,19.5,15.2
18,265,22.7,15.2
16.9,262,20.4,15
14.5,267,17.2,15
12.8,267,15.2,14.9
12.9,267,15.2,14.9
14.7,268,18.2,15.1
15.6,268,18.8,15.1
15.5,267,18.3,15.2
16.1,267,18.3,15.2
14.6,268,17.2,15.2
14.1,267,17.6,15.2
14.6,267,17.6,15.2
15.2,265,17.7,15.2
16,265,17.7,15.2
16.8,272,19.8,15
17.7,272,19.8,15
16,278,20.6,15
14.4,278,20.6,15
12,279,14.8,15
12.1,280,15.5,15.1
11.6,279,13.9,15
12,279,14.7,15.1
13.1,283,16.3,15.2
13.7,288,18,15.3
13.7,285,16.9,15.5
12.6,282,14.7,15.6
12.7,286,15.7,15.7
12,285,16.7,15.7
13.2,289,16.3,15.8
13.9,293,16.4,15.9
13.1,282,17.3,15.9
13.9,282,17.3,16.1
16,282,20.8,16.2
15.4,282,20.8,16.2
13.2,291,16.4,16.4
12.7,291,16.4,16.4
12.8,279,16.9,16.4
11.6,281,14.2,16.5
12,289,17.6,16.7
11.7,289,17.6,16.7
12.7,280,16.3,16.7
12.4,286,14.5,16.8
14,285,16.8,16.9
13.7,283,17.6,17
12.3,283,17.6,16.9
14.1,296,16.7,16.9
13.9,292,16.5,16.9
12.2,292,16.5,16.9
13.4,300,16.1,16.9
12.2,300,16.1,17
11.8,294,14.4,17
13.3,294,14.4,17.1
12.8,278,15.3,17
12.2,278,15.3,17.1
11.6,289,14.4,17.2
11.5,298,14.9,17.2
10.6,288,13.8,17.1
11.9,284,14.6,17.2
9.9,284,12,17.3
10.6,290,14.8,17.3
13.7,307,16.6,17.2
13.6,303,15.6,17.2
14.1,298,16.9,17.4
12.8,299,14.9,17.5
10.9,290,12.9,17.6
10.2,290,12.9,17.5
12.8,289,14.8,17.5
12,279,14.4,17.5
11.2,292,14.6,17.6
11.5,292,14.6,17.7
10.6,297,14.3,17.8
13,297,14.3,17.9
15.4,287,21.2,17.6
16,286,19.7,17.5
15.9,286,19.7,17.5
14.1,286,16.8,17.6
13.6,276,16.6,17.6
14.4,277,18.7,17.8
13.5,280,16.9,17.7
16.3,278,19,17.6
14.9,276,18,17.6
15.9,281,19.8,17.7
14.5,285,17.4,17.6
12.6,285,17.4,17.6
14,292,17.5,17.6
14.9,292,17.5,17.6
16.1,285,19.8,17.6
15.6,285,19.8,17.6
15.7,299,19,17.5
15.8,299,19,17.5
16.5,283,19,17.6
14.8,281,17.7,17.7
13.6,281,17.7,17.7
14.8,289,18.3,17.7
16.4,289,18.3,17.8
12.8,280,15.6,17.8
13.5,280,15.6,17.8
16.1,283,18.5,17.7
15.9,283,18.5,17.7
14.2,284,17.5,17.7
15.1,283,19.4,17.6
17.2,283,19.4,17.5
15.1,291,19.4,17.5
13.1,291,19.4,17.6
16.5,286,20.9,17.7
15.6,286,20.9,17.7
13.8,287,16.5,17.6
14,287,16.5,17.7
14.6,296,17.6,17.7
13.7,293,16,17.7
13.2,290,17.6,17.8
12.5,288,16.8,17.8
12.1,288,14.8,17.8
15,287,20.2,17.8
12.7,290,17.9,17.7
15.1,280,17.9,17.7
14.5,284,16.7,17.7
12.4,284,15.9,17.7
12.9,294,15.7,17.7
12.4,299,14.3,17.7
10.9,299,14.3,17.7
11,297,12.1,17.9
8.3,310,9.7,17.8
9.8,310,9.7,18.3
11.1,313,13,18.1
11.5,313,13,18.2
10.9,313,13.8,18.2
10.3,314,13.3,18.4
10.3,298,14.6,18.3
9.2,291,10.9,18.2
7.8,277,12.8,17.6
10.8,241,14.6,16.8
11.2,246,13.8,16.4
11.3,252,15.7,16.4
13,252,15.7,16.3
14.8,249,17.5,16.1
14.5,251,17.6,16.4
-1,-1,-1,-1
-1,-1,-1,-1
-1,-1,-1,-1
-1,-1,-1,-1
-1,-1,-1,-1
-1,-1,-1,-1
-1,-1,-1,-1
-1,-1,-1,-1
-1,-1,-1,-1
-1,-1,-1,-1
-1,-1,-1,-1
-1,-1,-1,-1
-1,-1,-1,-1
-1,-1,-1,-1
-1,-1,-1,-1
-1,-1,-1,-1
-1,-1,-1,-1
-1,-1,-1,-1
-1,-1,-1,-1
-1,-1,-1,-1
-1,-1,-1,-1
-1,-1,-1,-1
-1,-1,-1,-1
-1,-1,-1,-1
-1,-1,-1,-1
-1,-1,-1,-1
-1,-1,-1,-1
-1,-1,-1,-1
-1,-1,-1,-1
-1,-1,-1,-1
-1,-1,-1,-1
-1,-1,-1,-1
-1,-1,-1,-1
-1,-1,-1,-1
-1,-1,-1,-1
-1,-1,-1,-1
-1,-1,-1,-1
-1,-1,-1,-1
-1,-1,-1,-1
-1,-1,-1,-1
-1,-1,-1,-1
-1,-1,-1,-1
-1,-1,-1,-1
-1,-1,-1,-1
-1,-1,-1,-1
-1,-1,-1,-1
-1,-1,-1,-1
-1,-1,-1,-1
-1,-1,-1,-1
-1,-1,-1,-1
-1,-1,-1,-1
-1,-1,-1,-1
-1,-1,-1,-1
-1,-1,-1,-1
-1,-1,-1,-1
-1,-1,-1,-1
-1,-1,-1,-1
-1,-1,-1,-1
-1,-1,-1,-1
-1,-1,-1,-1
-1,-1,-1,-1
6.3,284,7.2,14.8
5.7,283,6.6,14.8
5.4,281,6.3,14.6
5.1,286,5.9,14.6
4.7,286,6.2,14.6
5,286,6,14.7
6,284,7.2,14.5
5.8,287,7.3,14.4
5.6,274,7.9,14.4
6.2,276,7.7,14.4
6.7,277,7.8,14.4
6.7,277,7.8,14.4
5.7,280,6.6,14.4
5.9,281,6.8,14.3
5.3,290,6.5,14.3
4.1,286,5.1,14.3
3.6,280,4.8,14.3
4.3,276,5.5,14.3
4.6,279,5.8,14.3
5.2,279,6.3,14.3
5.7,290,7.1,14.4
5.9,299,7.3,14.4
5.9,294,7.4,14.3
6,292,7.6,14.3
6.2,288,7.1,14.2
6.3,282,7.8,14.1
6.8,275,8.5,14.1
7.9,275,8.9,14.3
7.6,275,8.5,14.3
6.5,266,8.2,14.2
5.2,267,6.5,14.3
5.3,270,6.3,14.4
4.8,260,5.7,14.4
4.4,251,6.6,14.5
4.4,247,5.8,14.4
5.5,235,7.1,14.3
5.3,237,7.2,14.4
6.8,251,10.5,14.5
8.9,268,10.6,14.8
7.9,267,11.3,14.9
9.6,263,12.3,14.9
9.2,277,12.2,14.8
11,268,14,14.9
12.1,265,13.9,15
12.4,252,16.1,14.9
12.6,253,15.3,14.9
13.3,258,16.3,14.9
14.6,258,17.4,14.8
14.2,253,15.9,14.7
13.4,244,15.6,14.8
13.4,245,15.2,14.8
13.5,247,15.1,14.9
12.2,238,14.5,14.8
12.2,239,13.9,14.8
11.2,237,13.6,14.7
9.7,235,12.4,14.6
10.6,236,13.8,14.7
10.9,235,14.1,14.7
13.5,240,15.8,14.7
12.3,242,14.2,14.6
12.7,241,15,14.5
12.2,237,14.1,14.4
13.4,238,15,14.5
14.6,238,16.4,14.3
15.4,239,17.9,14.3
14.1,238,16.7,14.4
14.2,239,17.5,14.3
14.6,242,17.4,14.4
14.9,244,17.4,14.4
14,245,16,14.4
14.5,245,17.3,14.4
14.5,245,17.1,14.5
15.4,245,17.6,14.5
17.4,247,21,14.5
18.1,248,21.1,14.4
16.9,246,18.8,14.5
17,248,19.4,14.4
16.8,246,19.2,14.4
15.8,246,18.7,14.4
15.8,247,18.7,14.4
16.1,245,18.6,14.4
16.1,242,19.1,14.5
16.6,243,19.3,14.5
16,246,18.1,14.5
15.3,239,17.7,14.5
12.9,236,15.8,14.6
12.3,241,14.1,14.6
10.6,236,13.9,14.7
12.1,239,14.2,14.8
12.1,243,14.7,14.6
12.5,248,14.2,14.6
12.1,244,13.9,14.7
11.1,245,12.6,14.7
10.6,235,12.7,14.7
8.9,227,11.1,14.7
6.7,221,10.4,14.8
10.9,236,13,14.9
10.6,238,12.7,15
13.3,244,15.3,15
15.4,240,18.2,14.8
14.5,236,17.4,14.8
14.2,238,16.3,14.8
14.6,248,17,14.8
16.1,247,19,14.8
17,250,19.4,14.8
17.7,251,20.8,14.8
18,252,21.9,14.8
18.3,252,21.9,14.9
17.2,250,19.7,14.9
18.4,254,21.4,14.9
16.6,248,19.4,14.9
16.3,248,19.4,15
17.1,249,19.7,14.9
17.2,249,19.7,14.9
16.7,253,19.2,14.9
17,253,19.2,14.9
16.7,251,20.3,14.9
16.6,246,19.4,14.9
16.3,246,19.1,14.9
15.8,246,19.1,14.8
16.7,249,19.3,14.8
15.8,249,19.3,14.9
15.1,248,18.3,15
15.1,248,18.3,14.9
16.2,251,19.3,15
15.5,251,19.3,15.2
15.5,242,17.9,15.1
16.1,243,19,15.2
18,243,20.9,15.1
18.9,243,20.9,15.2
19.2,244,21.6,15.1
18.1,244,21.6,15.2
16.8,246,19.6,15.3
16,246,19.6,15.3
16.3,252,21.1,15.3
17.1,252,21.1,15.3
17.5,251,20.2,15.2
16.3,251,20.2,15.2
16.5,250,18.9,15.3
15.8,250,18.9,15.5
14.9,240,17.6,15.7
15.8,240,17.6,15.8
15.3,242,18.4,15.9
14.9,242,18.4,15.8
16.6,246,19.4,15.6
15.2,242,18.4,15.6
16.7,235,19.6,15.3
16.4,235,19.6,15.4
17.2,235,19.5,15.4
17.3,235,19.5,15.5
15.8,241,19.3,15.6
19.3,241,19.3,15.4
20.4,248,23.2,15.4
20.8,248,23.2,15.3
17.3,241,19.4,15.4
18.2,241,19.4,15.4
17.9,240,20.8,15.3
19.8,245,23.7,15.3
20.5,248,23.1,15.3
19.5,251,23.4,15.3
19.7,247,23.6,15.3
20.5,247,23.6,15.2
21.4,247,24,15.3
21.8,248,25.3,15.3
21.5,246,24.5,15.3
21.9,246,24.5,15.1
21.4,247,24.6,15.1
21,247,24.6,15.1
21.7,246,25.3,15.2
21.3,246,25.3,15.2
21.5,246,24.8,15.2
21.5,246,24.8,15.4
21.7,249,26,15.3
22.3,249,25.3,15.4
21.4,251,23.3,15.3
21.2,251,23.3,15.4
21.8,253,24.5,15.3
21.7,253,24.5,15.4
22.1,255,24.6,15.3
21.7,255,24.6,15.2
20.9,250,23.5,15.3
20.7,247,23.6,15.3
20.2,246,22.2,15.4
19.5,246,22.2,15.4
19.4,250,22.6,15.6
19.6,250,22.6,15.6
19.1,250,21.3,15.7
18,250,21.3,15.8
18,253,20.2,15.7
18.5,253,20.2,15.7
17.9,252,20.3,15.7
17.7,252,20.3,15.7
18.4,251,21.2,15.7
18.4,251,21.2,15.7
17,250,19.5,15.9
16.7,250,19.5,15.9
17.1,252,18.9,15.7
16.8,252,18.9,15.9
17,251,18.5,15.8
16.1,249,19.4,15.7
17.2,248,19.1,15.7
18.3,248,19.1,15.5
18.9,251,21.5,15.8
19,251,21.5,15.6
18.7,250,21.1,15.6
19,250,21.1,15.7
18.8,247,21.4,15.8
20.4,247,21.4,15.6
22,252,25.6,15.4
21.8,252,25.6,15.3
21.5,253,25.1,15.1
21.9,253,25.1,15.1
21.3,248,24.2,14.8
20.2,248,24.2,14.9
21,243,24.1,14.9
20.5,243,24.1,15
20.4,247,23.3,14.9
19.9,252,23.5,14.9
20.1,253,23.1,14.8
18.6,253,23.1,14.9
19.2,253,23,15.1
19.7,253,23,14.8
19.1,252,22.5,14.9
19.1,252,22.5,15.1
18.7,254,21.6,15.2
20,254,21.6,14.9
20,251,23.9,14.7
19.9,251,23.9,14.9
19.6,249,22.7,14.7
18.8,252,21.9,14.9
19.7,250,21.9,14.9
19.6,252,22.2,15.1
19.7,250,22.1,15
20.2,254,22.6,14.9
18.9,251,22.3,14.9
18.1,248,20.9,15.1
19.2,248,21.5,15
19.3,248,21.5,15.1
17.4,247,19.8,15.3
17.7,248,20.2,15.4
16.5,243,19.1,15.5
16.5,244,19.2,15.6
15.9,245,18.4,15.6
15.4,245,17.9,15.6
14.7,243,17.1,15.6
14.6,240,16.7,15.7
13.6,243,16.5,15.7
13.9,242,16.3,15.8
14.4,244,16.4,15.8
14.6,243,16.8,15.8
14.2,244,17.5,15.8
13.5,240,16.8,15.8
13.5,243,16.8,15.7
12.8,243,15.4,15.6
13,243,15.4,15.6
12,243,15.4,15.5
12.5,242,14.6,15.4
12,242,14.6,15.3
12.2,249,13.9,15.4
10.9,249,13.9,15.4
10.8,251,13.5,15.5
10.5,249,14.2,15.5
12.5,252,14.7,15.5
12.3,252,14.1,15.5
11.5,249,13,15.6
11.4,249,13,15.6
11.4,246,13.4,15.7
10.5,248,12,15.8
8.6,244,10.9,15.8
7.6,244,10.9,15.8
6.4,261,8.3,15.7
5.1,265,6.7,15.7
4.5,264,5.5,15.7
4.7,264,5.5,15.7
4.3,291,6.6,15.7
5.7,291,6.6,16.1
7.8,299,9.5,16.2
8.5,305,9.7,16.1
8,309,9.9,16.1
8.7,309,9.9,16.2
8.8,310,11.6,16
10.1,310,11.6,16
9.7,304,12.3,15.9
9.4,304,12.3,15.9
8.3,296,11.2,15.6
8.2,296,11.2,15.6
7,297,8.7,15.5
7,297,8.7,15.3
6.3,304,8,15.4
5.8,302,8.9,15.4
5.7,311,7.6,15.3
5.7,311,7.6,15.2
7.3,290,8.7,15.1
7.6,290,8.7,15
6.7,277,7.7,14.7
6.5,277,7.7,14.6
6.1,273,7.8,14.5
6.5,273,7.8,14.5
7.1,282,9,14.4
6.8,282,9,14.3
6.4,285,7.9,14.2
5.7,278,7,14.4
5.6,278,7,14.4
6.4,271,7.7,14.3
6.8,264,7.8,14.1
7.2,264,7.8,14.1
6.9,285,8.1,14.2
6.8,282,8.8,14.1
6.6,274,7.7,13.9
6.4,274,7.7,13.8
6.5,285,7.4,13.6
5.9,285,7.4,13.6
4.2,289,5.6,13.7
4.3,289,5.6,13.7
5.4,264,6.8,13.7
5.6,264,6.8,13.7
5.2,272,6.1,13.7
4.7,272,6.1,13.8
5.6,278,6.9,13.7
6.1,278,6.9,13.6
6.1,275,7.4,13.8
7,275,7.4,13.8
6.3,269,7.2,13.8
6.2,269,7.2,13.7
5.6,268,6.7,13.8
5.4,266,6.1,13.7
6.2,276,7.2,13.7
6.1,276,7.2,13.8
5.8,275,6.8,13.7
6.6,275,6.8,13.6
6.3,273,7.1,13.4
7,273,7.1,13.4
7.1,280,7.8,13.3
7.1,280,7.8,13.2
7,280,7.9,13.1
6.9,280,7.9,13.1
7,285,7.8,13
6.8,285,7.8,13
7.4,278,8.3,12.9
7.2,278,8.3,12.9
6.7,277,7.3,12.9
6.8,277,7.3,12.9
6.8,278,8,12.8
6.5,279,7.3,12.7
6.1,280,6.7,12.6
6.2,280,6.7,12.5
6.3,277,7.2,12.3
6.3,277,7.2,12.3
5.9,268,7.1,12.3
6.1,268,7.1,12.3
5.1,283,6.3,12.4
5.4,283,6.3,12.4
4.6,280,5.9,12.3
4.2,280,5.9,12.2
4.3,280,5.4,12.2
4.1,280,5.4,12.3
4.2,287,5,12.4
4.5,287,5,12.4
4.9,311,6,12.5
5.3,311,6,12.6
4.8,318,6,12.8
4.7,317,5.7,13
5.5,324,6.9,13.1
6.3,325,8.4,13.2
7,325,8.6,13.2
4.9,325,8.6,13.2
5.3,336,6.7,13.4
5.7,336,6.7,13.5
5.3,326,6.3,13.4
5.7,326,6.3,13.6
6,338,7.3,13.5
6.5,338,7.3,13.5
6.7,338,7.9,13.5
6.4,333,8.1,13.5
6.2,334,7.3,13.5
5.6,334,7.3,13.5
5.5,340,6.9,13.5
5.4,340,6.9,13.6
5.3,319,6.7,13.6
5.2,317,6.5,13.7
4.3,313,5.8,13.8
4.4,313,5.8,13.8
4,313,5.1,13.9
4.5,313,5.1,13.8
4.8,322,6.3,13.9
4.4,322,6.3,14.1
4.6,325,6.5,14.1
4.8,325,6.5,14.2
4.4,318,6.4,14.3
4.1,311,5,14.4
4.2,311,5.5,14.5
4.2,311,5.5,14.5
4.2,314,4.9,14.5
4.7,315,5.5,14.6
4.3,309,5.1,14.8
4.5,309,5.1,14.8
4.7,325,5.7,14.9
4.7,323,5.8,15
4.2,318,4.9,15.2
4.7,318,4.9,15.2
4.8,332,5.4,15.3
4.8,332,5.4,15.4
4.8,311,5.7,15.6
4.5,311,5.7,15.8
5.6,323,6.4,15.9
5.1,323,6.4,16.1
4.7,318,5.8,16.3
4.6,318,5.8,16.4
4,321,5,16.6
3.8,321,5,16.6
2.8,297,3.7,16.8
2.7,297,3.7,16.8
3.2,272,5.4,16.8
4.3,272,5.4,16.3
4.2,226,5,16.2
4.1,201,6.1,16.5
4.4,201,6.2,16.6
3.3,201,6.2,16.8
3.5,224,4,16.9
3.6,224,4,17
3,228,3.7,17.2
2.5,228,3.7,17.3
2.7,227,3.3,17.4
2.1,227,3.3,17.8
3.3,188,4,18.9
3.5,188,4,19.4
5.2,158,6.8,19
5.6,150,6.8,19.1
6.4,143,7.2,19
6.6,140,7.2,18.6
6.7,138,7.3,18.1
6.1,142,7,18.3
5.5,141,6.3,18.2
5.5,132,6.5,17.9
5.2,130,5.8,17.8
5.6,126,6.6,17.7
6.1,126,6.7,17.7
6,123,6.6,17.8
6.3,123,6.7,17.7
6.7,128,7.1,17.5
6.5,128,7.1,17.5
6.3,134,6.5,17.8
6.3,138,6.5,18
6.1,137,6.3,18.1
5.9,130,6.3,17.8
6.4,130,6.7,17.6
6.1,134,6.5,17.9
5.9,136,6.1,18.3
5.2,142,5.9,18.7
5.4,143,6.1,18.9
5.6,147,6.1,19
5.2,147,5.4,19.3
4.7,141,5,19
4.2,142,4.3,19.7
3.7,139,4.1,19.9
3.1,141,3.4,20.1
3.1,203,4.1,19.2
4.9,243,6.7,18.3
6.2,248,7.2,17.9
5.6,247,6.9,17.9
6,246,7.7,18
6.3,244,8,17.9
7.1,243,9.5,18
6.7,252,8.9,17.9
8.4,255,10.4,17.7
8.9,256,10.5,17.7
8.8,254,10.7,17.8
8.3,250,9.5,17.9
7.1,244,9.7,18.1
5.1,227,8.5,17.7
3.9,216,7.5,18
3.8,222,7.7,17.8
7.6,239,10.5,17.7
2.7,234,6.9,18
6.8,253,8.7,17.6
7.7,243,11,17.7
5.8,243,8,17.5
3.4,234,6.9,17.6
4.7,222,7.2,17.6
5.2,238,6.3,17.7
5.4,254,7.1,18
4.4,246,6.2,18.1
4.5,245,6.8,18.1
5.5,243,6.7,18.2
6.4,239,9.7,18.2
4.6,253,6.5,18.4
5.6,252,7.7,18
4.6,239,7,18.1
3.7,231,5.1,18.2
1.8,205,3.1,19.2
3.5,203,5.7,19.2
4.8,270,6.6,18.5
4.9,256,6,18.4
2.8,242,5.7,18.8
2.7,229,5.1,18.7
3.4,222,5.6,18.5
2.8,196,4.7,19.3
3.1,233,5.5,18.4
3.5,237,4.6,18.3
5,259,7.7,17.8
3.9,255,6.2,18.1
2.4,239,4.8,18.8
3.1,182,7.2,19
4,173,7,19.5
4.3,175,6.8,19.6
2.4,229,4.6,18.6
2.7,229,4.1,18.1
2,242,3.5,18.4
2.4,216,3.7,18.2
1.8,204,3,18.6
2.4,193,5,18.9
2.8,179,5.2,18.5
2.1,180,4.2,19.1
1.7,165,3.3,19.3
1.9,177,4.1,20
4.3,141,7.1,19.1
-1,-1,-1,-1
3.6,143,5.6,19.1
5.2,119,7.8,18.4
6.9,114,8.1,18.2
7.5,109,8.7,18
7.9,112,9.2,17.9
8.3,111,9.5,17.8
8.4,110,9.7,17.7
8.6,112,9.9,17.7
8.7,116,10.1,17.6
9.4,111,10.4,17.5
9,111,10.3,17.4
8.9,110,10.7,17.3
8.8,109,10.3,17.2
9.2,109,10.6,17.1
8.6,111,9.9,17
8.3,114,10,17
8.1,116,9.7,16.9
8.3,114,9.8,16.6
8.6,109,10.3,16.6
7.9,107,9,16.4
8.1,109,9.1,16.4
8.4,111,9.7,16.3
8.3,107,9.5,16.2
8.2,116,9.1,16.2
8.6,119,9.6,16.1
8.6,123,9.5,16.1
8.7,123,10.2,16
8.9,124,10.3,16
9.5,124,10.7,15.9
8.9,126,10.1,15.8
9.3,127,10.5,15.8
9.5,127,10.6,15.7
8.9,123,10.1,15.7
8.6,126,9.9,15.7
8.5,126,9.9,15.8
8.6,124,10,15.7
8.8,125,10.2,15.6
8.8,122,9.7,15.6
8.7,122,9.4,15.6
8.8,121,9.7,15.6
9.3,125,10.3,15.5
9.2,129,10.4,15.4
9.4,137,10.4,15.2
9,136,10,15
9.1,132,10.1,15
8.8,130,9.8,15
8.5,128,9.4,14.9
8.4,130,9.4,14.9
7.8,126,8.5,14.9
7.5,128,8.3,15
7.2,124,8.4,14.9
7.5,128,8.6,15
7.2,124,8.5,15
6.7,121,7.8,15.1
6.8,125,7.7,15.3
7,122,8.1,15.1
7.1,130,8.5,15.2
8,131,9.1,15.3
8.9,132,10.2,15.2
8.2,132,9.4,15.4
8,137,9.2,15.2
7.6,137,8.8,15
6.7,140,7.9,14.9
5.8,145,6.6,14.8
5.7,153,6.7,14.6
5.3,148,5.9,14.5
5.1,150,5.9,14.4
4.6,148,5.6,14.3
4.4,146,5,14.3
4.1,144,4.8,14.2
3.7,152,4.6,14.2
-1,-1,-1,-1
4.2,147,4.8,14.2
4.4,150,5.3,14.1
4.6,157,5.4,14.1
4.2,178,5.1,13.9
3.9,181,4.9,13.9
3.2,184,4.5,13.6
2.7,185,3.8,13.6
2.5,167,3.4,13.6
2.5,157,3.3,13.7
2.5,155,3.3,13.7
2.5,172,3.8,13.7
2.5,173,3,13.8
2.2,181,2.8,13.8
1.8,204,2.6,13.7
1.9,216,2.9,13.7
1.6,214,2.4,13.7
2,208,2.8,13.7
2.2,207,2.9,13.7
2,206,2.8,13.7
1.6,195,2.3,13.6
1.8,191,2.6,13.7
1.4,195,2.2,13.8
1.3,202,2,13.8
1.1,202,2,13.7
0.7,138,1.5,13.7
0.9,138,1.5,13.9
0.8,336,1.3,13.9
0.9,336,1.3,14.1
1.1,254,1.8,14
0.8,254,1.8,14
1.3,228,2.1,13.9
1.2,228,2.1,13.9
0.5,283,1.2,13.9
0.7,96,1.9,13.9
2.8,58,3.9,14.1
2.3,69,3,14.1
3.1,69,3,14.2
3.2,57,4.2,14.2
4.2,57,4.2,14.2
4.4,59,5.2,14
4.2,62,5.1,14.2
4.5,57,5.5,14.1
4.2,53,4.8,14
4.3,53,4.8,14.1
4.6,46,5.3,13.9
4.4,46,5.3,13.8
4.4,44,5.2,13.8
4.8,44,5.2,13.9
4.6,36,5.4,13.8
5,36,5.4,13.7
4,49,4.9,13.7
3.4,56,4.1,13.8
3.1,56,4.1,13.8
2.4,77,3.1,14
2.8,83,3.6,14.1
3.1,74,4.2,14.2
3.5,57,4.3,14
3.7,62,5,13.9
3,64,3.5,14
2.9,50,3.5,14.1
2.7,42,3.3,14
2.8,42,3.3,14
2.9,41,4,14.1
3,25,3.8,14.1
2.2,35,3,14.5
2.1,35,3,14.5
2.1,46,2.8,14.5
1.8,46,2.8,14.6
2.1,24,2.6,14.5
2.4,22,3.5,14.5
3,22,3.5,14.5
3.1,52,4.2,14.7
3.7,64,4.7,14.8
4.5,67,5.1,14.8
4.4,75,5.4,14.8
4.8,80,6.2,14.9
4.4,92,5.5,15.2
4.1,100,5,15.4
3.7,99,4.7,15.5
3.2,100,4.3,15.6
2.9,98,3.6,15.6
2.8,99,3.9,15.7
3.9,111,5.2,16.1
4,112,5,16.3
4.3,116,5.2,16.3
4.4,116,5.2,16.4
4.9,113,5.9,16.2
5.1,111,6.2,16.2
5.2,110,6.4,16
5.6,116,6.3,16.3
6,112,6.9,16.4
5.6,112,6.8,16.1
6.4,119,7.6,16.2
6.5,117,7.5,16.4
6.6,116,8.2,16.5
6.3,115,7.8,16.6
7,113,8.1,16.6
6.4,111,7.2,16.6
6.3,116,7.3,16.6
6.6,116,7.3,16.7
6.7,114,7.4,16.7
7,114,7.4,16.7
6.8,110,7.7,16.7
7.4,110,7.7,16.6
7.2,115,8.4,16.7
7.1,117,8,16.7
7.2,118,8.1,16.7
6.7,117,8,16.8
6.3,117,8,16.8
6.4,115,7.2,16.7
6.2,115,7.1,16.7
6,112,6.8,16.7
5.7,115,6.3,17
5.1,116,5.7,17.2
4.8,118,5.4,17.3
4.8,118,5.4,17.2
5.9,112,6.7,17.2
5.9,112,6.7,17.2
6.3,113,7.2,17.2
6,113,7.2,17.2
6.6,119,7.2,17.1
6.5,119,7.2,17.1
6.1,116,6.8,17.3
5.9,116,6.8,17.3
6.6,120,7.4,17.3
7.2,123,7.8,17.1
7.7,125,8.4,17
7.8,123,8.9,17.1
8.4,123,8.9,17.1
8.6,121,9.5,17.1
8.6,122,9.4,17
7.6,123,9,17.2
7.5,126,8.1,17.2
7.4,125,8.2,17.1
8,121,8.9,17.2
7.9,121,8.9,17.2
7.9,118,9,17.1
8.1,118,9,17.1
8,117,8.9,17.1
8,117,8.9,17.1
8.6,115,9.7,17.1
8.7,115,9.9,17.1
8.8,115,9.9,17.1
-1,-1,-1,-1
8.3,111,9.2,17.2
8.5,110,9.7,17.2
8,107,9.1,17.3
8.7,111,9.7,17.4
7.8,108,8.7,17.5
7.7,111,8.7,17.6
7.7,116,8.9,17.7
7.9,116,8.9,17.7
8.3,109,9.6,17.5
8.4,108,9.4,17.7
7.9,113,9,17.8
7.6,118,8.5,17.8
7.8,114,8.7,17.9
7.6,114,8.7,18
7.6,115,8.6,18.1
8,111,8.8,18.4
7.8,111,8.8,18.4
8,117,8.9,18.2
8.1,117,8.9,18.2
7.8,113,8.5,18.3
7.6,113,8.5,18.4
7.4,115,8.3,18.5
7.6,115,8.3,18.6
7.6,108,8.3,18.9
7.5,112,8.1,18.9
7.2,112,8.1,18.9
7.1,124,8.7,18.8
7.5,124,8.7,19.1
7.4,125,8,19.5
7,125,8,19.3
6.4,124,7.3,19
6.4,124,7.3,19.1
6.7,127,7.3,19.3
6.5,125,7,19.4
6.7,129,7.2,19.7
6.2,135,6.6,20.4
4.5,135,6.6,20.3
7.3,250,9.2,19.4
7.7,250,9.2,18.9
9.8,258,11.1,18.9
10,254,12.1,18.7
10.6,254,12,18.6
11,257,12.1,18.4
9.8,257,12.1,18.5
10,258,11.6,18.6
10.1,260,11.3,18.9
10.1,261,11.6,18.9
10.2,261,11.6,18.7
11.4,264,12.7,18.5
10.8,264,12.7,18.6
10.6,263,11.9,18.7
9.5,264,11,18.8
9.5,263,10.4,18.6
9.6,261,10.5,18.6
9,261,9.6,18.7
8.8,254,9.4,18.6
9.7,260,11,18.5
10.1,260,11.4,18.3
10.4,261,11.3,18.8
9.5,258,10.2,18.8
9.1,258,9.9,18.8
9.3,258,9.9,18.6
9.6,256,10.3,18.5
9.5,256,10.3,18.4
9,256,9.6,18.1
10,257,12.9,17.9
11.3,259,12.6,18
10.4,259,12.6,18
10.9,262,11.8,18.2
11.1,259,12.2,18
11.3,257,12.7,17.9
11.9,259,12.7,17.9
11.9,258,13,17.9
11.8,258,12.7,17.9
12,262,13.1,17.9
11.9,259,12.8,17.8
12.2,257,13.1,17.7
12,255,12.9,17.5
12,254,13.1,17.4
12.2,254,13.1,17.4
12,255,13.3,17.5
11.1,255,13.3,17.4
11.8,254,12.5,17.5
11.3,254,12.5,17.4
11.2,250,12.3,17.4
10.7,250,11.5,17.3
10.6,250,11.5,17.2
10.5,246,11.3,17.1
10.3,247,11.3,17
10.6,247,11.5,16.9
10.1,243,11.3,16.9
10.3,244,11.3,16.8
10.5,246,11.4,16.8
10.1,246,11.4,16.8
9.7,246,11.4,16.7
9.6,239,10.4,16.7
9.7,240,10.6,16.8
9.4,239,10.2,16.8
9.6,241,10.5,16.8
9.8,246,10.7,16.9
9.3,247,10.1,17
8.9,247,9.8,17.1
8.9,249,9.8,17.1
8.2,242,9.1,17
7.4,239,8.7,17
6.3,239,7.2,16.9
6,239,6.5,17
6,245,6.3,17
5.8,245,6.3,17
6.1,249,6.5,17
6.3,250,6.9,17
6.5,254,7.2,16.9
6,254,6.7,16.8
6,252,6.5,16.8
5.7,257,6.3,16.8
5.2,257,6.3,16.8
4.7,263,5.4,16.8
4,263,5.4,16.8
4.2,267,4.8,16.8
4.4,267,4.8,16.8
4.7,254,5.3,16.8
4.5,251,5.3,16.8
4.4,251,5.3,16.8
4.8,249,5.4,16.8
4.9,249,5.4,16.8
4.2,264,4.6,16.9
3.9,264,4.6,17
3.5,253,4.1,17
3.6,253,4.1,17
3.6,246,4.4,17
3.6,249,4.2,16.9
3.5,253,4.1,16.9
3.1,242,4,17
2.7,242,4,17
3.5,235,4.3,17.1
2.5,235,4.3,17.2
2.8,195,3.4,16.9
2.8,197,3.5,16.9
2.3,205,3,16.9
2.4,205,3,16.8
3.2,193,3.9,16.7
2.4,198,2.8,16.9
2.2,197,2.7,16.9
-1,-1,-1,-1
3,196,3.4,16.6
3.1,199,3.8,16.5
3.2,196,3.7,16.5
2.9,192,3.7,16.4
2.7,182,3.3,16.3
2.9,173,3.4,16.3
2.9,167,3.3,16.4
1.7,167,3.3,16.5
1.7,84,2.3,16.8
2,84,2.3,16.8
1.7,72,2,16.8
1.9,72,2,16.8
2.7,85,3,16.7
2.3,75,2.8,16.6
2,75,2.8,16.5
1.4,104,1.7,16.3
1.2,104,1.7,16.3
1.1,182,1.5,16.1
1.1,182,1.5,16.4
1.9,213,2.4,16.1
1.8,221,2.2,16.3
2.3,204,2.8,16.1
2.5,204,2.8,16.1
2.7,221,3.5,16.2
2.9,257,3.5,16.4
3.3,287,4.1,16.4
3.3,287,4.1,16.2
2.6,290,2.9,16.1
2.4,290,2.9,16.1
3,265,3.6,16
3.5,265,3.6,16
3.3,270,4.1,15.9
2.8,270,4.1,15.9
3,260,3.4,15.9
3.2,260,3.4,15.9
4,267,4.5,15.9
4,273,4.6,16
3.9,271,4.3,16
3.5,281,4.2,16.1
3,264,4.2,16.1
3,269,3.5,16.1
3.4,280,4,16.1
3.3,287,3.8,16.1
3.1,287,3.8,16.2
2.8,288,3.6,16
2.8,288,3.6,16
3.4,319,4.1,15.9
4.2,319,4.1,15.8
3.9,316,4.6,15.8
3.8,316,4.6,15.6
4.1,319,4.9,15.7
4.4,323,5.2,15.6
3.9,326,4.8,15.6
3.5,314,4.7,15.7
4.1,319,5.1,15.6
4.6,317,5.3,15.6
6.2,319,7.6,15.6
6.4,326,7.6,15.6
5.9,321,7.1,15.7
4.7,322,5.6,15.6
4.4,328,5.2,15.7
3.9,332,5.5,15.8
3.7,321,5.2,15.9
5.4,336,6.7,15.8
6.1,343,6.7,15.8
5.6,335,6.4,15.8
5.7,331,6.3,15.9
5.8,329,6.8,15.9
4.8,318,6.6,15.9
4.4,318,5.4,16
4.1,318,5.4,16
-1,-1,-1,-1
2.6,292,3.6,16
3,313,5.3,16.2
3.5,322,5.3,16.2
3.3,305,5,16.1
2.4,299,3.2,16.2
2.4,276,3.9,16.1
2.3,282,3.1,16.2
2.8,303,3.6,16.3
3,296,3.7,16.4
4.3,329,5,16.5
4.1,332,4.8,16.5
3.8,328,4.1,16.6
3.7,320,4.2,16.7
3.2,320,4.2,16.8
2.9,330,3.5,16.9
2.8,330,3.1,17
2.9,330,3.1,17.1
2.5,339,3,17.2
2.2,339,3,17.4
2.1,340,2.5,17.5
2.1,340,2.5,17.6
2.2,340,2.5,17.7
2.2,340,2.5,17.8
2.3,333,2.7,17.9
2,327,2.2,18.1
1.7,308,2,18.2
1.3,308,2,18.1
1.7,241,2.5,18
2.6,241,2.5,17.5
2.9,229,3.4,17.3
2.9,230,3.3,17.4
2.5,244,2.8,17.7
2.4,244,2.8,17.7
2.3,254,2.5,18.1
2.2,254,2.5,18.4
1.9,283,2.1,18.7
2.1,283,2.1,18.9
2.3,293,2.6,19.2
2.3,293,2.6,19.2
2.1,278,2.3,19.2
2,278,2.3,19.4
2.1,267,2.7,19.6
1.9,260,2.3,19.7
2,260,2.3,19.8
2.1,267,2.5,20.4
2.4,267,2.5,20.2
2.6,231,3.7,19.3
2.6,231,3.7,20.1
2.4,224,2.8,20.6
2.6,224,2.8,20.5
2.4,200,3.4,20.7
2.3,198,2.6,21.4
1.8,211,2.3,21.5
1.7,239,2.3,21.5
1.6,239,2.3,21.5
1.2,237,2.2,21.6
0.9,251,1.9,22
1.4,153,2.6,23
2.8,153,2.6,22.5
5.1,80,7.6,22.6
8.1,63,9.6,23.4
7.3,62,8.7,22.9
6.7,64,7.9,23.4
6.6,64,7.9,22.2
5,120,6.3,22.6
4.5,120,6.3,23
5.8,157,7.8,22.2
7.6,157,7.8,22.2
6.3,162,7.3,22.9
7.4,155,8.2,23.1
5.6,168,6.2,23.1
-1,-1,-1,-1
5.7,157,6.4,22.9
5.4,163,6.2,22.7
6.5,149,7.3,22.9
6.6,153,7.4,23.2
5.9,153,7.4,22.8
6.8,156,8.3,23.1
7.7,162,8.3,23.6
6.8,162,8.3,23.8
5.9,164,6.4,23.6
5.9,164,6.4,23.9
5.1,156,5.9,24.7
4.2,161,5.6,24.6
4.4,161,5.6,24.6
4.6,151,5.3,24.4
5.6,160,6.1,24.5
5.2,163,5.8,24.5
5.1,163,5.8,24.3
4.9,151,5.7,23.8
4.7,151,5.7,23.9
5.4,159,6.6,23.9
6.8,159,6.6,24
7.3,151,8.3,24.6
6.4,151,8.3,24.7
5.6,158,6.3,24.9
5.5,140,6.1,24.4
5.5,140,6.1,24.5
4.2,150,5.5,25.3
3.4,150,5.5,23.1
1.7,172,3,23.9
1,172,3,23.7
1.8,108,3.1,22.9
2.6,108,3.1,22.2
6.1,127,7.8,21.5
7.5,125,8,21.7
7.5,121,8.1,21.8
7.7,124,8.9,21.2
7.4,133,8.5,21.5
7.9,132,8.4,21.5
8.3,132,8.4,21.8
9.3,126,10.2,21.5
9,126,10.2,21.9
7.9,127,9.5,21.6
9.1,118,11.3,21
10.7,118,11.3,21
12.4,126,13.6,20.8
12.3,126,13.6,21
13.3,117,15.4,20.6
14.4,117,15.4,20.6
13.4,127,15.1,20.7
13.4,127,15.1,20.6
14.5,120,16.2,20.5
14.9,123,16.2,20.4
14.1,123,15.7,20.4
14,122,15.3,20.3
13.9,122,15.3,20.3
12.5,121,14.3,20.2
11.4,118,12.7,20.1
12.8,119,14.8,20.1
13.3,119,14.8,20.1
12.3,119,14,20
10.6,119,12,20
10.2,119,12,20
9.2,119,10.5,19.9
9.2,119,10.5,19.9
10.2,117,11.6,19.9
11.2,117,11.6,19.8
12.1,118,13.8,19.7
12.4,118,13.8,19.6
11.8,116,14,19.5
11.5,116,13.1,19.5
11.3,116,13.1,19.5
-1,-1,-1,-1
9.5,115,11.2,19.4
8.9,113,10.3,19.5
9.4,114,11,19.6
9.1,115,10.8,19.6
7.9,120,9.6,19.4
7.8,123,9.3,19.3
6.8,118,8,19.3
5.8,118,8,19.4
5.7,127,6.7,19
5.6,127,6.7,19
5.2,130,6.4,18.9
5.4,130,6.4,18.9
5.8,118,6.5,18.9
4.8,113,5.3,18.9
4.5,113,5.3,18.9
4.6,113,5.3,18.8
4.6,113,5.3,18.8
4.5,112,5.2,18.7
4.7,112,5.2,18.7
4.6,115,5.3,18.6
4,115,5.3,18.6
3.9,119,4.6,18.5
4.2,119,4.6,18.4
5.1,126,6.2,18.4
5,126,5.7,18.4
5.5,125,6.3,18.3
5.4,125,6.3,18.2
3.8,151,5.3,18.1
3.5,151,5.3,18
3.6,168,4.5,18
2.7,168,4.5,17.9
1.7,165,2.5,17.7
1.9,165,2.5,17.6
2.4,140,3,17.7
1.8,140,3,17.8
1.4,123,2,17.7
1.6,123,2,17.7
1.9,119,2.6,17.6
2,119,2.6,17.6
2.6,107,3,17.6
2.4,107,3,17.6
1.6,119,2.2,17.5
1,134,1.6,17.4
0.9,196,1.3,17.4
0.6,196,1.3,17.4
1.2,11,1.7,17.5
1.1,11,1.7,17.5
0.9,82,1.4,17.4
1.5,82,1.4,17.5
3.1,5,4.1,17.4
3.2,5,4.1,17.5
3,355,4.1,17.7
3.4,355,4.1,17.7
4.3,5,5.1,18
4.6,5,5.1,17.9
5.6,29,7.2,18.3
7,29,7.2,19
7.9,55,9.1,19
7,55,8.2,18.8
6.3,51,7.6,18.7
6,49,6.7,18.7
5,49,6.7,18.5
6.7,66,7.7,19.2
6.8,66,7.7,19.2
4.1,49,5.7,18.6
3.3,49,5.7,18.3
3.8,35,4.2,18.1
3.5,35,4.2,18.1
3.1,41,3.9,18.1
4.9,66,8.7,18.5
7.7,66,8.7,19
-1,-1,-1,-1
7.6,76,9,18.8
7.9,80,9,18.8
8.6,83,10.7,18.8
8.5,83,10.1,18.7
8.2,84,8.9,18.6
7.9,81,8.9,18.5
7.4,78,8.4,18.5
7.3,80,8.3,18.4
6.9,79,7.6,18.4
6.6,79,7.6,18.4
5.9,71,6.5,18.3
5.5,71,6.5,18.3
5,54,5.9,18.2
5.3,54,5.9,18.1
5.6,50,6.3,18
6,51,6.7,18
6.2,51,6.9,17.8
5.8,49,6.6,17.8
5.3,49,6.6,17.7
5.7,45,7,17.7
5.9,41,6.8,17.5
6.2,36,6.8,17.4
6.2,33,6.8,17.1
5.9,32,6.8,17
5.4,35,6.5,17
4.9,35,6.5,16.9
6.1,35,7.5,17
5.9,35,7.5,16.9
6.3,39,7.3,17
6.3,39,7.3,16.9
6.8,35,8.4,16.9
6.8,35,8.4,16.8
7.1,36,8.6,16.8
6.9,38,8,16.8
7.3,42,8.4,16.8
7.1,49,8,16.8
7.3,48,8.3,16.9
7.8,47,8.6,16.8
7.6,47,8.6,16.8
6.8,40,7.9,16.7
6.9,40,7.9,16.7
6.9,51,7.6,16.7
7,49,7.8,16.7
7.3,49,7.8,16.7
6.9,49,7.9,16.5
6.5,49,7.9,16.5
5.8,53,6.9,16.4
5.6,53,6.9,16.3
5.6,49,6.2,16.3
5.8,49,6.2,16.3
6.1,49,7.2,16.3
6.2,42,7,16.3
6.2,42,7,16.3
5.4,32,5.9,16.2
6.1,31,6.9,16.2
6.6,28,7.6,16.3
7,28,7.6,16.4
7.1,21,8.4,16.3
7.3,21,8.1,16.4
7.1,24,9.9,16.5
7.7,28,8.6,16.4
7.7,28,8.6,16.4
7.6,24,8.7,16.4
7.9,19,9.1,16.4
8.3,19,9.1,16.4
8.4,20,9.7,16.5
8.4,26,9.7,16.5
8.9,26,9.7,16.5
9,29,10.1,16.6
8.4,29,9.5,16.7
8.1,29,9.5,16.8
-1,-1,-1,-1
7.6,29,8.8,16.8
7.4,31,8.6,16.9
7.8,24,9.2,16.9
8.1,28,9.1,17
8.2,31,9.7,17
8,32,8.9,17.1
8.1,34,9.1,17.2
7.8,36,10,17.4
7.2,35,8.3,17.5
8.2,36,9.3,17.5
7.4,37,9.2,17.6
7.1,37,9.2,17.7
6.8,42,8.4,17.8
6.5,34,7.5,17.9
6.3,35,7.7,18.1
6.5,39,7.5,18.1
7.2,39,7.5,18.2
9.6,53,11.8,18.3
11.1,53,13.1,18.4
10.4,55,13,18.5
11.4,58,13.5,18.6
10.6,51,12,18.7
10,54,12.5,18.7
10,50,12.3,18.9
9.8,51,11.3,18.9
9.9,51,11.3,19
9.7,48,12.1,19
9.7,48,12.1,19
10.6,49,12.1,19.3
11.1,49,12.1,19.3
11.4,49,13.4,19.5
11.9,54,14.2,19.6
11,54,14.2,19.6
11.9,49,14.3,19.7
11.8,49,14.3,19.8
11.1,53,13.2,20
11.2,53,13.2,20
11.7,52,13.6,20.4
11.1,52,13.6,20.1
8.9,52,10.7,20.4
10.5,52,10.7,20.3
12.4,49,14.5,20.6
12.9,50,15.5,20.8
12.9,50,15.5,20.7
13,49,15.1,21.1
12.1,49,15.1,21
10.4,62,12.9,20.9
10.8,54,13.8,21
10.3,54,13.8,21.2
9.8,56,11.8,21.3
8.5,55,10.6,21.1
9.4,60,11.9,21.1
9.6,60,11.9,21.2
8.4,59,10,21.3
9.1,59,10,21.5
8.9,58,10.6,21.5
9.2,58,10.6,21.5
8.4,62,10.4,21.7
8.8,62,10.4,22.1
9.8,65,12.5,21.9
9.8,69,11.5,22.3
9.3,69,11.5,21.9
12.2,68,15.3,22.2
13,68,15.3,22.2
11,78,13,22.5
11.7,78,13,22.3
10,74,12.6,22.3
11.9,72,14.4,22.4
12.2,80,15.4,23.2
9.8,74,11.9,22.5
9.8,74,11.9,22.4
-1,-1,-1,-1
10.3,56,12.1,22.3
9.9,66,14.6,22.6
11.6,68,13.2,22.7
12.2,68,14.7,22.8
12.2,76,14.1,23.2
9.1,70,13.5,22.9
8.9,72,10.3,22.4
8.5,72,10.3,23.1
8.6,82,12.8,22.6
9.6,82,12.8,23
9.5,57,12.1,23.4
10.4,57,12.1,23.1
8,62,9.6,23.5
7.6,62,9.6,23.2
11.1,59,15.5,24.3
9.1,55,10.8,24
6.6,81,8.2,23.7
7.6,75,11.5,22.8
9.7,87,12.2,23.1
13.4,87,16.1,23.6
10.5,91,12.6,23.2
9,91,11.5,23.2
6.5,91,11.5,22.5
10.2,74,13.9,22.7
9.6,74,11.8,23.5
9.3,73,11,24.3
8.1,85,8.7,23.4
9.5,85,8.7,23.3
10,75,12.4,23.6
9.1,75,12.4,24.1
10.1,80,13.6,24.7
10.2,80,13.6,24.8
7.6,83,9.8,24.4
6.5,77,9.8,24.1
4.7,77,9.8,23.4
5.9,100,8.9,23.1
9,100,8.9,24.3
9.8,73,11.8,24.6
7.5,138,10.1,22.4
5.9,128,11.4,22.3
10.8,128,11.4,24.4
9.3,69,11.4,24.7
6.8,127,9.1,23.2
4,127,9.1,22.5
2.6,143,4.4,23.3
4.8,143,4.4,23.4
9.8,77,11.8,24.7
10.7,77,11.8,24.6
8.9,75,11.4,24.7
9,75,11.4,24.7
9.2,86,13.5,24.3
10.8,80,14.4,25.5
9.3,80,14.4,25
7.1,88,9.3,23.6
7.8,88,9.3,24.4
7.3,139,9.3,22.3
7.8,139,9.3,22.6
7.4,136,9.4,22.5
9.4,136,9.4,22.7
8.4,130,10.4,22.5
6.9,134,8.9,21.9
8.1,134,8.9,22.9
9.4,127,11.4,22
9.5,127,11.4,21.9
9.4,135,12.5,21.9
6.3,135,12.5,21.5
10.3,133,11.5,21.5
10.1,133,11.5,21.5
10.6,141,11.7,22.1
10.5,144,11.9,22.2
9.6,141,11.3,21.8
-1,-1,-1,-1
10.9,140,12.6,21.3
10.8,138,12.7,21.3
11.3,138,12.7,21.2
11.5,138,13.2,21
11.4,138,13.2,21
11.3,134,12.8,20.8
10.4,133,11.8,20.5
10.6,133,11.8,20.5
11,133,12.6,20.2
11.1,133,12.6,20.2
10.6,132,12.4,20.1
10.9,132,12.4,20
10.6,133,12,19.8
10.1,134,11.9,19.8
8.6,134,11.9,19.7
8.9,132,10.4,19.8
9.5,131,10.9,19.8
9,133,10.3,19.6
8.9,133,10.3,19.6
7.9,131,9.3,19.5
8.5,131,9.3,19.8
8.9,125,10.6,20.2
7.7,125,10.6,19.9
8,116,10.6,20.3
7.1,110,8.9,20.3
10,88,11.8,21.4
10.1,88,11.8,21.4
9.3,79,11,21.1
10,79,11,21.4
12.3,80,14.9,21.6
11.8,80,14.9,21.3
11.8,83,13.8,21.2
10.4,84,11.7,20.9
9.8,83,12.1,20.6
10,82,13.1,20.9
11,82,12.3,20.6
11.9,82,12.3,20.7
12.1,84,13.8,20.6
10.9,84,13.1,20.3
12.6,83,15.9,20.6
13.2,80,15.1,20.4
11.8,78,13.7,20.2
11.9,76,14.1,20.1
13.1,76,14.1,20.1
13,71,15.4,20
11.9,71,15.4,19.8
11,69,12.1,19.6
10.4,69,12.1,19.6
9.3,74,10.6,19.4
9.5,74,10.6,19.6
9.7,78,11.8,19.4
10.8,73,12.8,19.4
10.4,73,11.7,19.2
9.5,72,12.1,19.1
10.1,72,12.5,19.2
10.1,73,11.8,19.1
9.9,72,12.4,19
8.3,74,10.4,18.9
7.8,75,9.1,18.8
6.8,68,7.7,18.7
6.6,66,7.5,18.6
7.6,66,7.5,18.7
9,61,11.4,18.6
9.5,61,11.4,18.6
8.6,65,10.2,18.5
6.9,57,8.2,18.3
8.1,55,9.8,18.4
7.9,55,9.8,18.3
7.7,58,9.5,18.2
7.5,53,8.6,18.1
8.1,54,9.7,18.1
-1,-1,-1,-1
7.7,51,8.7,18
7.3,54,9.5,17.9
7.1,60,8.5,17.9
7.1,60,8.5,17.9
7.1,62,8.4,17.9
6.9,54,8.2,18
6.3,49,7.4,17.8
6,49,7.4,17.7
6.2,50,8,17.6
6.7,50,8,17.6
6.1,45,6.9,17.5
6.3,40,7.3,17.5
6.9,40,7.3,17.4
7.7,40,8.5,17.3
7.8,44,10.3,17.3
8.3,45,11.2,17.3
8.3,50,9.6,17.3
9.2,51,10.8,17.2
9.1,49,12.2,17.1
9.6,52,12.3,17.1
8.4,50,10.5,17
7.7,46,9.5,17
7.8,46,9.5,17
8.4,47,10.1,17
7.9,49,9.1,16.9
8.1,52,10,16.8
8.2,52,10,16.8
7.8,47,9.3,16.7
8.5,47,9.3,16.7
9.2,39,10.5,16.6
9.6,39,10.5,16.5
9.7,45,11,16.5
9.1,45,11,16.4
9,38,10.9,16.4
8.7,38,10.9,16.3
8.2,38,9.9,16.2
8.3,38,9.9,16.2
7.3,45,8.8,16.1
6.8,45,8.8,16
6.8,48,8.2,16
6.8,48,8.2,15.9
6.4,42,8.3,15.9
6.9,44,9.3,15.8
8.2,41,10.1,15.8
8.7,41,10.1,15.7
7.7,41,9.2,15.7
7.4,41,9.2,15.6
7,33,7.8,15.5
6.9,33,7.8,15.5
6.9,31,8.1,15.4
7.5,31,9.4,15.4
7.6,29,9.3,15.5
7,29,9.3,15.4
6.8,28,8.6,15.4
7.1,28,8.6,15.4
7.2,28,9.1,15.4
7,27,8.4,15.4
7.2,21,8.8,15.4
7.8,20,9.7,15.4
8,17,9.6,15.4
8.4,17,9.9,15.3
8.6,17,9.9,15.4
8.9,15,10.8,15.3
8.8,18,10.5,15.3
9.4,14,11.8,15.2
9.2,14,11.8,15.3
8.5,23,10.1,15.3
8.5,23,10.1,15.2
8.8,24,10.6,15.4
8.9,18,11.5,15.4
9,23,11.4,15.4
-1,-1,-1,-1
8.9,20,10.8,15.5
9.5,24,11.6,15.4
9,27,11.2,15.6
9.4,32,12.1,15.5
9.5,32,12,15.5
9.1,34,12.4,15.6
7.9,34,9.7,15.7
8.7,30,10.4,15.7
8.2,26,10.1,15.8
8.7,26,10.1,15.8
8.3,30,10.2,15.8
8.6,30,10.2,16
9.3,26,11.2,16.1
8.2,26,11.2,16.1
8.8,32,10.3,16.3
8.2,28,10.9,16.4
7.8,28,9.5,16.5
7.3,28,8.6,16.7
7.5,26,9.4,16.7
7.6,25,9.3,16.8
8.5,23,9.8,16.9
8,22,11,16.9
8.4,27,11.3,17.1
8,27,9.2,17.3
8,29,9.5,17.3
8.4,25,10.4,17.4
7.2,23,8.3,17.6
7.6,23,8.3,17.6
7.4,21,8.8,17.7
7.1,21,8.8,17.8
7.3,21,8.7,17.9
6.6,21,8.7,18.1
6.8,20,8,18.2
7.3,19,9,18.3
7.9,19,9,18.3
7.4,15,8.5,18.4
7.3,12,9,18.5
7.3,20,8.7,18.6
7.1,20,9.1,18.7
7.3,29,9.5,19.1
7.8,39,9.8,19.2
6.3,29,9.6,19.2
8.5,34,10,19.4
8,34,10,19.5
9.4,33,11.4,19.5
8.8,33,10,19.8
7.7,28,10.3,19.8
7.4,28,10.3,19.5
7.8,25,9.5,19.8
8.2,25,9.5,19.8
8.4,29,11.2,20
6.8,42,8.3,20
6,42,8.3,20
5.6,41,6.7,20.1
5.8,41,6.7,20.1
7.5,60,9,20.5
7.5,60,9,20.3
8.9,60,12.3,20.3
10.5,60,12.3,20.5
10.2,56,12.3,20.7
11.1,52,12.8,20.7
8.9,52,12.8,20.8
7.7,52,8.9,20.5
9,52,8.9,20.6
8.3,52,10,21.2
8.6,47,11.2,21.1
9.7,54,11.6,21.4
8.8,54,10.4,21.1
8.8,46,10.3,21.6
8.9,44,10.5,21.7
7.8,45,10.4,21.6
6.7,43,8,21.2
5.5,37,7.5,21.7
5.7,42,8.8,21.6
8.5,41,9.7,21.9
7.1,36,8.9,22.1
7.9,53,10.4,22.2
5.9,52,7.1,22
4.9,60,6.2,22
5.1,68,6.1,21.9
4.6,109,5.4,22
3,164,4.1,22.3
2.6,157,3.9,22.9
2.7,118,4.7,22.5
5.9,77,7.1,21.8
7.4,82,8.8,22.9
5.5,68,6.4,22.8
5.6,77,8.1,22.5
7.5,75,9.6,23.1
7.6,68,9.3,23
6.4,61,8.1,22.5
5.8,80,8.1,22.6
6.7,51,7.9,22.2
3.8,105,5,21.7
3.4,132,5.1,22.5
3.4,141,6.4,22.6
6.8,150,9.5,22.9
6.8,150,9.5,22.8
5.2,157,5.6,22.9
4.6,157,5.6,22.8
3.8,157,4.9,23.2
3.9,157,4.9,23.1
4.4,154,4.8,23.4
4.2,154,4.8,23.4
3.7,156,4.3,23.7
3.5,157,4.5,23.7
4.1,157,4.5,23.7
5.4,147,6.7,23.9
4.2,142,4.9,23.5
3.6,142,4.9,23.4
3.9,149,4.6,23.9
4.4,135,5.5,22.4
3.9,135,4.3,22.2
4,145,4.2,23.4
4.6,146,5.5,24
5,146,5.5,23.5
4.3,129,5,21.9
5.7,129,5,21.3
6.4,136,7.3,21.1
5.8,136,7.3,20.9
7.8,132,9.5,20.7
6.5,132,9.5,20.6
6.1,135,8.1,20.4
6.6,147,7.8,21.5
4.2,147,7.8,21.4
7.7,127,10.1,20.8
6.3,118,7.3,20.7
6.8,121,9.9,20.6
7.9,121,9.9,20.8
7.4,120,9.1,20.8
4.9,127,8.9,21.1
6.4,126,9.3,21.3
5.8,124,8.2,21.1
8.1,124,8.2,21.4
7,130,8.7,21.3
7.7,130,8.7,21.1
6.5,125,8.9,20.6
4.6,125,8.9,20.6
4.5,139,6.2,20.6
3.7,139,6.2,21.2
6.7,126,9.4,20.5
8,124,9.2,20.3
6.8,123,7.7,20.3
5.5,135,7.5,20.5
4.1,127,5.8,20.4
3.6,125,5.5,20.4
2.8,158,4.2,21.3
4.1,134,6.6,20.5
6.9,134,6.6,20.4
5.4,111,8.3,20.4
4.9,120,5.9,20.5
5.3,120,5.9,20.5
5.7,124,6.3,20.2
5.6,124,6.3,20
5.5,125,6.3,19.9
5.9,125,6.3,20
6.1,120,6.9,20.1
5.7,118,6.8,20
5.8,118,6.8,20.1
5.4,127,5.9,20.3
5.7,127,5.9,20
5.2,116,6.1,19.8
6,116,6.1,19.9
5.6,134,6,19.6
5,134,6,19.6
4.4,224,6.7,18.8
4.6,224,6.7,18.4
4.9,245,6.2,18.3
5.7,252,6.9,18.3
4.9,252,6.5,18.3
4.8,252,6.5,18.8
1.4,240,3.8,18.6
2.4,240,3.8,18.4
3.3,245,5.4,18.4
3.8,245,5.4,18.4
4.7,258,5.7,18.6
5.2,258,5.7,18.4
5.5,258,6.5,18.2
5.7,258,6.5,18.1
5.3,255,6.4,18.1
4.9,255,6.4,18.2
5.4,240,5.8,18
5.5,239,6.7,17.9
4.9,238,6.1,17.8
5.9,236,7.2,17.7
5.6,236,6.7,17.7
5.6,239,6.3,17.7
5.7,239,6.3,17.6
4.9,248,5.8,17.6
4.8,248,5.8,17.6
4.7,246,5.3,17.5
4.3,246,5.3,17.5
4.1,252,4.4,17.5
3.8,252,4.4,17.5
3.3,248,3.8,17.6
3.1,248,3.5,17.6
3.3,253,4,17.5
2.7,246,3.2,17.5
2.2,223,2.9,17.4
2,227,2.6,17.4
2.6,238,2.9,17.4
2.6,246,2.9,17.4
2.2,254,2.7,17.4
2.2,267,2.5,17.5
2,277,2.3,17.5
1.9,277,2.3,17.5
1.6,305,1.9,17.6
1.7,305,1.9,17.4
1.7,331,1.9,17.7
1.8,331,1.9,17.5
2.1,356,2.3,17.6
1.9,356,2.3,17.5
2,24,2.6,17.4
2.4,39,2.7,17.3
2.4,46,2.8,17.1
-1,-1,-1,-1
1.9,70,3,17
1.8,72,2.5,17.1
1.9,69,3,17.3
2.1,89,3.8,17.2
4,101,4.7,17.7
4.3,89,4.8,17.9
4.3,81,4.8,17.9
4.5,80,5.3,17.9
6.5,78,9.4,18.1
9.3,78,9.4,18.1
10.3,79,11.4,18
10.6,79,11.4,18
11,84,12.1,17.9
10.9,84,12.1,17.8
10.6,86,11.8,17.6
10.3,89,11.5,17.5
9.7,89,11.5,17.5
9.4,90,10.4,17.4
8.8,90,10.4,17.3
8,83,9.2,17.3
7.7,83,9.2,17.2
7.9,82,9,17
7.5,82,9,17
7.4,75,7.9,16.9
6.9,79,7.5,16.8
6.8,79,7.5,16.8
6.9,74,8,16.6
6.8,74,8,16.6
6,75,7,16.6
6,67,6.9,16.5
5.1,54,6.5,16.3
4.3,54,6.5,16.1
4.3,51,4.8,16
4.7,56,5.7,15.9
5.5,56,5.7,15.8
6,49,6.8,15.7
5.4,49,6.8,15.8
5.2,46,6,16
5.4,46,6,15.8
6,23,6.8,16
6.3,23,6.8,16.1
7.1,28,8.4,16.1
7.1,28,8.5,16
7.9,22,8.9,15.9
8,22,8.9,15.8
8.4,11,9.7,15.6
8.8,11,9.7,15.6
8.1,15,8.7,15.6
7.8,15,8.7,15.6
7.6,12,8.6,15.4
8.2,12,8.6,15.2
9.4,17,10.7,15.1
9.9,17,10.7,14.9
10.1,16,11.4,15
10.3,16,11.4,14.9
9.6,21,11.4,15
9.3,21,11.4,15
8.6,22,9.8,15.1
9.6,22,9.8,15
10.1,20,11.8,14.9
9.2,22,11.1,15.1
9,23,10.5,15
9.6,23,10.5,14.9
9.9,22,11.3,15
10,22,11.3,15
9.2,24,11.6,15.2
8.9,24,11.6,15.2
9,30,10.6,15.4
8.6,32,10.3,15.5
9,35,10.8,15.5
9.4,35,10.9,15.7
-1,-1,-1,-1
10.7,33,12.4,15.7
11,28,12.7,15.7
10.5,24,12,15.6
9.8,25,11.8,15.7
8.9,22,11.2,15.7
7.8,27,10,15.8
7.6,31,9.7,15.8
7.4,29,8.9,16
7.7,31,9.7,16
7.4,31,9.7,16.1
7.8,29,9.4,16.2
8,29,9.4,16.2
7.4,29,9.3,16.3
6.8,29,9.3,16.5
6,38,8.5,16.8
6.2,43,7.9,16.8
5.8,42,7.8,17
5.7,29,7.2,17
5.9,31,8,17.3
4.6,29,7.5,17.4
9.8,55,12,17.5
10.3,60,12.2,17.6
9.8,60,12.2,17.6
11.1,61,13.3,17.7
11.7,66,15.2,17.9
11.3,66,15.2,17.9
10.8,70,13.1,18
10,70,13.1,18.1
8.3,63,10.2,18.2
8.8,63,10.2,18.3
10.7,66,12.9,18.4
8.6,66,12.9,18.5
8.4,60,10.5,18.7
7.7,59,10,18.9
8.1,56,9.7,18.9
8.9,66,11.3,19.1
9.6,66,11.3,19.2
9.9,72,13.1,19.3
9.5,61,11.2,19.3
10.4,68,12.5,19.4
10.1,68,12.5,19.3
10.6,65,14.9,19.6
10.3,61,12.8,19.6
9.2,61,12.8,19.6
9.9,58,13,19.8
8.6,58,13,19.8
8.5,58,9.7,19.9
8.3,58,9.7,20.1
8.9,67,11,20.1
9.3,67,12,20.3
10.3,67,12,20.3
12.1,59,15.5,20.7
11.4,59,15.5,20.5
11.5,62,17.1,20.7
10.7,62,17.1,20.7
10.7,63,15.4,20.7
10.2,60,12.5,20.6
10.6,57,12,21.1
9.7,57,12,20.8
9.2,71,14.2,21.2
11.2,70,15.7,21.3
11.1,70,15.7,21.3
10.1,79,13.6,21.2
10.5,84,15.9,21.4
9.8,84,15.9,21.7
10.1,69,11.9,21.5
10.3,67,13,21.3
9.7,79,11.7,21.7
10.9,66,13.6,21.6
10.1,71,13.4,21.5
12.8,55,17.4,21.9
-1,-1,-1,-1
10.9,58,15.2,22.4
10,62,16.2,22.2
12.8,74,14.8,22
10.5,67,14.9,22.4
10.1,75,13.3,22.4
10,70,13.7,22
11.9,64,15.8,22.5
13.5,64,15.8,22.4
11.4,74,15,22.3
14.4,74,15,22.8
12.7,72,15.9,22.4
11.9,72,15.9,22.5
14.3,79,18,22.8
14.2,79,18,23.1
10.4,66,13.1,22.5
7.9,59,12,22.6
8.9,46,12.5,22.2
9.4,55,12.8,22.5
13,52,16,22.5
12.6,50,15.7,23.2
10.4,52,15.5,22.5
10,57,11.9,22.8
11.6,59,15.9,22.2
10.7,59,12.8,23
8.7,56,11.1,22.8
11.8,56,11.1,22.2
13.8,49,17.1,23.1
14.1,49,17.1,22.8
14.5,44,19,22.8
14.2,44,19,22.6
15.2,54,17.9,22.5
15.1,54,17.9,22.9
14,54,16.5,22.4
15.6,51,19,22.2
15.5,57,18.4,22.5
13.5,57,18.4,22.5
13.3,59,17,22.6
15.9,47,20.5,22.1
15.7,47,20.5,22.4
15.2,50,19.7,22.7
16.1,50,19.7,22.4
13.7,44,16.7,22.3
14.5,54,17.6,22.1
14.4,53,18.9,22.6
13.3,53,18.9,22.1
11.1,52,15.1,21.8
12.3,46,16.8,22.3
16.2,46,16.8,22.4
15.8,43,18.5,22.1
16.6,36,19.6,22.1
14.7,36,17.1,22.1
13.8,37,16.5,22.1
14.2,37,16.5,22.3
16,34,18.1,22.4
14.9,34,18.1,22.7
16,34,19.6,22.7
16,34,19.6,22.5
13.8,39,15.6,22.5
15.5,44,19,22.3
15.1,41,16.8,22.2
15,39,18.2,22.3
16.9,39,18.2,22.4
14.7,31,17.1,22.4
14,31,17.1,22.4
15.7,35,18.3,22.2
14.3,35,18.3,22
12.7,37,14.8,22
12.2,37,14.8,21.9
11.3,33,13.5,22.2
12.9,46,16,22.3
13.4,47,16.1,22.2
-1,-1,-1,-1
17.3,43,21.5,22.5
16.7,39,21.9,22.2
15.7,41,18.3,22.1
15.3,43,18.3,22.3
14.9,45,18.8,22.2
15.4,41,17.6,22.3
14.6,38,17,22.1
15.5,38,17,22
12.3,36,15.7,21.8
15.3,36,15.7,21.8
13.3,29,16.4,21.7
12.4,29,16.4,21.6
15.7,34,18.5,21.5
15.5,37,18.8,21.3
15.6,37,18.8,21.2
15.1,35,18.3,21.2
16.1,35,18.3,21.2
15.4,43,17.9,20.9
13.9,43,17.9,20.8
12.4,42,14.8,20.7
10.2,42,14.8,20.4
11.8,33,15.6,20.4
10,30,12.1,20.1
9.2,24,10.7,20
10,25,11.8,19.8
11.7,25,11.8,19.9
16,34,19.6,19.8
15.6,36,18.5,19.7
14.8,33,18.9,19.5
15.8,33,18.9,19.4
13.6,35,17.5,19.1
12.7,38,15.8,19
12.4,38,15.8,18.9
10.4,32,12.1,18.7
11,35,15.6,18.6
14.4,34,17.9,18.4
15.9,35,19.7,18.3
14.2,38,16.9,18.1
13.8,40,15.8,18
11.3,36,14.7,18
10.4,36,14.7,17.7
14,36,16.8,17.5
14.7,36,17.2,17.4
13.8,41,16.2,17.3
13.6,35,16.4,17
13.7,37,16.2,16.9
13.6,39,16.1,16.8
14,39,16.1,16.7
14.1,37,18.1,16.6
12.7,37,18.1,16.5
12.9,36,15.7,16.2
12.2,34,15.2,16
13.2,33,15.8,15.9
13.1,36,16.1,15.8
14.7,36,16.1,15.7
13,43,15,15.8
11.6,38,14.8,15.4
11.3,37,13.9,15.4
12.8,43,15.6,15.3
12.9,48,15.3,15.2
12.1,45,13.9,15.1
10.9,45,13.9,14.9
11.5,44,14.1,14.9
11.5,44,14.1,14.8
11.9,46,14.5,14.6
11.9,46,14.5,14.7
11.4,47,14.3,14.5
11.4,47,14.3,14.4
11.3,45,14.1,14.3
11.4,47,13.5,14.3
11.3,46,13.1,14.1
11.4,48,14.1,14
11.6,46,14.5,14
10.5,50,12.2,14
10.5,51,12.1,13.8
10.1,46,12.1,13.7
10.4,47,12.8,13.6
10.4,42,12.6,13.5
9.3,41,11.3,13.5
9.5,39,11.3,13.4
9.7,43,11.5,13.4
10.8,43,11.5,13.2
11.2,40,12.9,13
11.1,42,13.2,13
12.4,41,14.5,13
11.8,43,13.8,12.9
12.6,40,15.1,12.7
12.5,38,15.2,12.9
12.9,39,14.7,12.6
13.1,38,15.3,12.6
13,35,15.8,12.7
12.9,34,14.9,12.5
12.5,35,14.1,12.6
13,36,15,12.4
12.8,36,15,12.4
13,38,14.9,12.3
13,37,15.1,12.3
12.7,38,14.9,12.3
12.9,40,15.5,12.2
12.4,40,15.5,12.2
12.2,38,14.2,12.1
12.1,38,14.2,11.9
11.1,36,13.5,12
11,36,13.5,11.9
10.7,30,12.7,11.8
11.4,30,13.3,11.8
11.9,30,13.9,11.7
11.9,31,14.8,11.5
11.4,32,13.5,11.6
11.1,33,13,11.4
11,33,13,11.3
11,31,13.4,11.5
11.5,33,12.9,11.2
11.4,29,14.2,11.3
12,30,13.8,11.4
11.9,28,14.5,11.3
11.2,35,13.2,11.4
11.6,36,13.8,11.2
11.2,40,13.4,11.3
11.6,40,13.4,11.3
10.1,39,12.7,11.2
9.4,39,12.7,11.3
9.6,47,12.8,11.1
9.2,50,12.1,11.1
8.5,45,10.8,11.2
10.1,49,12.6,11.3
10.8,55,14.4,11.4
10.9,47,14.6,11.2
10.2,56,13,11.6
11.6,56,15.3,11.6
12.6,62,16.7,11.7
9.8,62,14.4,11.5
11.4,52,15.2,11.6
11.9,52,15.2,12
12.8,73,16.3,11.7
12.4,69,16.2,11.8
11.6,64,14.6,11.8
12.5,64,14.6,11.8
13.9,65,19.4,11.5
12.8,65,19.4,11.6
11.6,64,14.5,11.6
12.7,74,16.3,11.6
13.3,59,18.6,11.7
13.9,57,16.8,11.7
13.7,59,16.7,11.6
11.8,71,15.4,11.8
11.6,68,14.2,11.9
11.8,82,13.8,11.9
11.4,87,14.5,11.9
10.5,72,14,11.9
9.8,54,11.9,11.8
10.7,56,16.8,12.3
9.9,75,13.2,12
10.2,75,13.2,11.9
8,55,12.7,12.1
10.2,55,12.7,12
10,78,13.9,12.4
10.6,78,13.9,12.7
9.5,76,12.8,12.5
10.3,80,12.5,12.6
10.5,80,12.8,12.6
10.2,83,12.5,12.6
9.6,84,12.8,12.9
10.8,77,13.5,12.8
9.2,80,11.4,12.7
9.2,80,11.3,12.7
7.6,80,11.3,13
7.5,76,10.6,12.9
8.4,63,11.4,12.8
8.4,63,11.4,12.8
8.4,34,11.4,13.1
7.7,34,11.4,13.1
5.1,36,6.9,13.5
6.1,36,6.9,13.6
8.9,69,10.6,13.3
9.3,69,10.6,13.5
8.9,58,12.5,13.6
8.4,59,12,13.6
7.2,59,12,13.7
7.3,79,9.8,13.9
6.8,74,10.8,14.1
7.6,46,9.4,14
8.1,46,9.4,14.1
6.6,82,9.7,14.3
6.8,82,9.7,14.2
6.3,77,9.8,14.2
7.3,82,9.7,14.3
7.6,75,9.9,14.4
7.6,75,9.9,14.6
7.2,67,9.5,14.7
5.8,67,9.5,14.6
7.8,78,11.1,14.8
6.5,78,11.1,14.9
4.6,95,6,15.1
3.9,95,6,15.3
6.4,57,8.3,15.4
7.3,57,8.3,15.5
7.8,84,12.1,15.6
6.9,95,9.4,15.6
5.3,103,7.1,15.9
4.9,103,7.1,16
5.2,63,9.3,16.1
7.5,63,9.3,16.1
5.7,77,7.3,16.4
4.9,97,7.4,16.6
5.4,97,7.4,16.5
4.9,85,7.2,16.6
5.9,85,7.2,16.7
5.5,96,8.3,16.9
6.9,96,8.3,16.9
6.6,144,9.6,16.9
8.3,144,9.6,16.5
7.8,166,9.6,16.7
8.9,154,10.2,16.8
10.7,154,12.4,16.6
-1,-1,-1,-1
10,154,11.3,16.7
9.6,154,10.9,16.7
9.1,155,10.5,16.8
9,153,10.1,16.8
8.1,156,9.6,16.9
7.7,155,8.9,17.2
7.8,153,9.3,17.3
8.3,153,9.3,17.4
8.8,148,10,17.5
8.4,148,10,17.6
8,146,9.4,17.6
8.4,146,9.4,17.8
8.3,141,9.9,17.6
7.5,141,9.9,17.5
7.4,137,8.3,17.6
8.4,135,9.6,17.3
8.4,136,9.6,17.5
8.8,136,10.4,17.4
8.5,141,9.6,17.6
8.1,145,10.4,17.8
7.5,142,8.4,17.9
8.3,137,9.1,17.6
7.8,137,8.8,17.7
6.8,136,8.4,17.8
6.8,124,9,17.5
8.3,124,9,17.3
8.6,124,9.9,17.3
8.6,124,9.9,17.3
10,128,11.6,17.1
10.8,128,11.6,17
10.6,125,11.7,17.1
10.4,125,11.7,17
10,130,11.1,17
9.7,129,10.7,17.1
10.2,125,11.4,17.1
10.6,125,11.9,17
10.8,125,11.9,17
10.7,120,11.8,17.1
10.4,120,11.8,16.9
10.5,123,11.4,17.1
10.8,123,11.4,17
10.6,123,11.7,16.9
11.5,119,12.6,17.1
11.3,119,12.6,17
11.4,121,12.3,16.9
11,123,12.1,17
11,122,11.8,17
10.9,122,11.8,16.9
11.1,122,12.3,16.9
10.3,122,11.9,17
10.8,122,11.9,17.1
10.7,119,12.4,17
9.7,119,12.4,17.1
9.2,114,10.1,17.2
9.3,114,10.1,17.3
9.7,118,11.3,17.3
10,118,11.3,17.4
9.3,130,10.5,17.4
9.7,130,10.5,17.3
9.2,130,10.7,17.4
9.1,136,10.3,17.4
9.6,136,10.3,17.2
10,132,10.9,17.1
9.9,132,10.9,17.1
9.7,141,10.8,17.3
9.7,141,10.8,17.1
8.9,136,10.2,16.9
8.8,136,10.2,16.9
9.3,135,10.6,16.8
9,133,10,16.7
8.8,135,10.7,16.9
-1,-1,-1,-1
7.9,130,8.8,16.7
7.9,136,9,16.8
7.7,136,9,16.5
7.8,132,9.2,16.5
7.9,132,9.2,16.4
7.1,130,8.1,16.4
6.7,130,7.5,16.4
7.1,130,7.5,16.3
7.2,130,8.7,16.1
7,130,8.7,16.1
7,132,8.6,16.2
6.8,132,8.6,16.2
6.2,135,7.7,16.3
6.4,132,7.8,16.2
6.9,132,7.8,16
6.2,134,7.4,15.9
6.9,134,7.4,16
7.1,144,8.4,15.9
6.9,144,8.4,15.7
6.6,131,8.7,15.8
6.8,131,8.7,15.8
7.4,149,9.1,15.6
7.7,149,9.1,15.6
7.6,142,9.5,15.4
7.8,154,9.6,15.3
7.6,162,9.3,15.1
7.3,162,9.3,15.1
7.8,160,9.4,14.9
8.1,160,9.4,14.7
7.9,163,9.4,14.8
8,163,9.4,14.8
7.4,160,9.6,14.7
7.7,160,9.6,14.7
7.6,163,9.2,14.6
7.2,137,9.4,14.8
6.4,146,8.1,14.8
6.4,153,8.8,14.9
6.5,159,9.5,14.7
6.7,173,8.1,14.5
6.6,172,8.4,14.4
6.3,170,8.2,14.4
5.8,167,7.5,14.4
6.8,163,8.1,14.4
6.5,163,8.1,14.4
5.6,158,7.2,14.4
5.7,158,7.2,14.4
5.1,163,6.4,14.4
5.2,163,6.4,14.4
4.8,144,6.4,14.4
4.7,144,6.4,14.5
5.2,135,7.2,14.5
5.3,144,7.2,14.5
5.4,140,7.2,14.5
4.6,138,5.7,14.6
4.4,146,5.7,14.6
4.4,154,5.8,14.6
4.8,143,6.2,14.6
3.8,133,6,14.7
4.2,161,6.2,14.6
3.6,178,6,14.6
3.8,180,4.7,14.6
3.8,180,4.7,14.5
4.2,182,5.9,14.5
4.8,182,5.9,14.5
4.7,169,5.8,14.5
4.9,169,5.8,14.4
5.1,167,6.2,14.4
5,167,6.2,14.4
4.4,167,5.4,14.4
4.8,167,5.8,14.3
4.4,164,5.5,14.3
-1,-1,-1,-1
3.5,138,5.1,14.4
3.1,88,5,14.5
5.4,59,6.3,14.6
5.8,52,6.7,14.7
5.7,55,6.9,14.7
5.7,53,6.5,14.6
5.1,55,6,14.6
5.7,53,6.7,14.7
6.2,53,7.1,14.6
6.3,53,7.1,14.6
6.6,53,7.7,14.4
7.3,53,7.7,14.1
7.9,59,9.7,14
7.8,59,9.7,14.1
7.9,67,9.7,14.1
8.3,86,10.1,14.3
8.2,86,10.1,14.4
10.3,106,12.4,14.2
9.6,106,12.4,14.2
10.1,102,13.2,14
10.5,102,13.2,14
10.4,100,12.6,14.1
10.6,100,12.6,14
10.4,102,13.1,13.9
10.7,102,12.9,13.9
10.3,97,12,13.9
10.4,97,12,13.8
8.9,99,11.1,13.7
8.8,99,11.1,13.8
7,83,8.5,13.7
7,83,8.5,13.8
6.8,80,7.8,13.6
7.1,80,7.8,13.6
7,89,9.1,13.7
7.4,89,9.1,13.6
7.6,80,9.1,13.5
7.7,80,9.1,13.6
7.5,79,9.1,13.4
7.7,79,9.1,13.4
8.2,80,9.7,13.3
8.3,80,9.7,13.4
8.5,81,10.8,13.4
7.4,80,10.1,13.4
6.2,71,8.6,13.2
6.7,71,8.6,13.1
6,69,8.3,13.1
6.2,69,8.3,13.1
6.7,55,8.3,13
7.2,55,8.3,12.9
7.1,51,8.9,12.9
5.8,71,8.3,13
8,53,10.2,12.7
8.2,53,10.2,12.8
8.6,60,10.1,12.7
8.8,59,10,12.7
8.9,66,11.4,12.8
9.6,76,12.4,12.9
9,77,11.4,12.9
9.1,79,10.6,12.6
8.5,74,10.5,12.6
7.6,74,9.4,12.8
7.7,74,9.4,12.8
8.2,75,9.8,12.9
8.4,68,10.9,12.7
8,74,9.7,12.8
8,74,9.7,12.8
7.7,67,9.8,13
7.8,67,9.8,12.9
7.2,66,9.4,13.1
8.2,79,11.3,13.1
8.5,72,10.4,13.1
-1,-1,-1,-1
7.1,65,9.2,13.1
8,68,10.1,13.3
8.4,62,11.2,13
7.6,59,10.3,13.1
8.1,63,11.5,13.3
10.4,58,13.2,13.1
10.5,73,13.1,13.3
11.4,73,13.1,13.2
11.4,70,14.6,13.3
9.8,70,14.6,13.4
10.7,73,14.8,13.5
11.6,73,14.8,13.3
10.7,75,14.4,13.5
11.4,75,14.4,13.5
11.9,79,15,13.6
12.3,89,15.2,13.5
12.7,90,15.1,13.6
11.6,84,13.6,13.8
11.2,77,13.5,13.7
8.4,62,11.1,13.8
9.3,64,12.2,13.8
9.5,75,11.3,13.8
9.9,71,12.6,13.8
9.5,61,11.4,13.9
8.6,54,11.3,13.9
7.7,54,11.3,14
9,69,12.8,14
8.2,69,12.8,14.2
8.6,69,11.1,14.2
8.4,69,11.1,14.2
8.1,51,10.3,14.3
7.3,51,10.3,14.3
6.2,81,8,14.5
6.8,100,8.4,14.6
6.6,92,12.8,14.9
8.2,86,10.6,14.7
7.3,86,10.6,14.8
6,95,7.9,15
6,95,7.9,15.1
6.5,96,7.9,14.9
6.1,96,7.9,14.9
5.2,99,8,15.1
6.1,106,8,15.3
5.3,106,8,15.4
4.7,98,7.6,15.4
4.3,98,7.6,15.7
5.7,133,7.2,15.8
4.8,136,6.5,16
2.6,136,4.3,16.7
3,126,4.4,16.6
4,126,4.4,16.4
3.8,111,5,16.3
3.5,111,5,16.8
4.2,137,6.2,17.1
5.6,137,6.2,16.9
7.6,147,9.6,16.3
7.9,147,9.6,16.3
8.7,153,10.4,16.1
8.6,153,10.4,16.1
8.5,157,9.8,16.1
8.6,155,11,16.2
8.4,155,11,16.3
8.7,153,10.7,16.3
8.5,153,10.7,16.3
8.7,152,10.1,16.4
8.8,152,10.1,16.5
9,149,10.8,16.5
8.7,149,10.8,16.6
8.8,150,10.8,16.9
9,144,10.2,16.8
9.1,144,10.2,16.9
-1,-1,-1,-1
8.7,147,10.2,17.1
8.9,148,10.1,17.1
8.9,146,9.9,17.1
8.4,156,9.8,17.1
8.4,156,9.8,17.3
7.3,154,8.6,17.7
8,153,9.1,17.7
7.6,153,9.1,17.8
7.3,147,8.5,18
7.3,147,8.5,17.8
7.3,144,8.3,17.9
7,144,8.3,18.1
7.4,144,8.2,18.1
7.2,144,8.2,18
7.3,139,8.2,17.8
6.8,142,8.2,18.1
7.4,139,8.1,17.8
7.9,136,8.9,17.8
7.4,139,8.4,18
6.7,144,7.5,18.4
7,145,7.9,18.7
7.1,141,7.7,18.4
7,139,7.8,18.4
6.7,140,7.4,18.5
6.3,134,7.2,18.4
6.5,134,7.2,18.3
6.9,127,7.8,18.2
7.4,127,7.8,18.2
7.3,132,7.9,18.3
7.1,132,7.9,18.4
7,132,7.7,18.3
7.4,132,7.7,18.3
7.5,130,8.1,18.4
7.8,127,8.5,18.3
8.2,128,8.8,18.3
8.4,125,9.3,18.3
7.9,122,9.3,18.5
8.3,125,9,18.3
7.8,121,8.9,18.5
8.4,126,9.4,18.4
7.5,168,11.3,18.7
5.9,224,7.6,17.8
6.5,245,8.5,17.8
6.6,245,8.5,17.9
7.4,252,8.9,17.7
7.4,252,8.9,17.6
7.6,251,9.6,17.5
8.4,252,9.8,17.5
8.1,251,9.4,17.5
8.3,251,9.4,17.6
8.4,257,9.9,17.6
8.7,254,9.6,17.6
8.3,254,9.6,17.6
8.1,255,9.3,17.6
8.4,255,9.3,17.6
9.4,256,10.2,17.5
9.7,256,10.2,17.6
8.9,254,10.5,17.5
10,254,10.5,17.4
9.6,257,10.7,17.5
10.6,260,11.5,17.5
10.5,257,11.4,17.5
9.9,257,11.4,17.5
9.3,258,11.2,17.6
9.2,258,10.3,17.6
8.7,259,9.7,17.6
8.6,259,9.8,17.6
8.2,256,9.3,17.7
8.5,253,9.6,17.5
8.5,253,9.7,17.5
8.6,251,9.9,17.5
8,251,9.9,17.4
7.5,249,8.3,17.4
6.9,244,7.8,17.4
7,246,7.5,17.4
6.5,248,7.4,17.4
6.4,244,7.1,17.4
5.9,238,7,17.4
6.7,245,7.9,17.4
6.3,245,7.9,17.4
5,257,6.4,17.4
4.5,257,6.4,17.4
4.7,252,5.4,17.4
4.7,252,5.4,17.3
4.3,260,5.2,17.2
4.5,258,5.4,17.1
4.9,258,5.4,17
4.9,250,6.1,17
4.5,250,6.1,16.9
3.5,263,4.9,17
4.5,263,4.9,16.9
4,262,5.7,16.9
4.2,252,5.8,16.8
4.5,258,5.7,16.7
4.6,258,5.7,16.7
4.9,262,5.5,16.6
5.7,265,6.8,16.6
5.6,264,6.4,16.5
6.2,264,6.4,16.5
6.4,261,7,16.5
6.9,262,7.6,16.5
6.6,264,7.6,16.3
6,264,7.6,16.3
5.4,274,6.1,16.2
5.3,274,6.1,16.1
5.6,266,6.7,16
5.8,266,6.7,16
5.6,270,6.3,16
5.9,277,6.7,15.8
5.8,278,6.7,15.6
5.9,276,6.5,15.6
6,275,6.8,15.5
5.7,271,6.2,15.4
5.5,273,6.2,15.4
5.1,271,5.9,15.4
5.3,274,6.2,15.3
5.6,271,6.8,15.4
5.1,272,6.1,15.3
4.8,272,5.6,15.3
4.4,277,5.2,15.3
4,273,5,15.4
4.4,273,5.1,15.3
4.2,271,4.9,15.3
4.3,261,4.9,15.4
4.5,257,5.2,15.4
3.3,223,5.4,15.4
1.8,206,3.9,15.5
2,198,4.2,15.5
2.6,190,4.6,15.4
3.2,185,4.6,15.3
3.8,181,4.9,15.3
3.9,181,4.9,15.2
2.8,185,4.2,15.3
2.3,186,3.7,15.2
1.9,206,3.2,15.3
1.7,206,3.2,15.4
1.4,202,3.4,15.3
1.8,202,3.4,15.2
2.1,200,3,15.2
1.9,200,3,15.3
2.3,229,3.3,15.2
2,222,2.8,15.3
3.4,270,4.2,15.3
-1,-1,-1,-1
4,280,4.9,15.1
4,281,4.6,15.1
4.2,284,4.9,15
4.9,281,5.4,15.1
4.7,281,5.3,14.9
4.7,287,5.7,15
4.8,289,5.7,14.9
4.5,289,5.7,14.8
4.3,285,5,14.8
4.2,285,5,14.9
4.8,280,5.6,14.9
5,280,5.6,14.9
5,277,5.8,14.9
5.1,277,5.8,14.9
5.3,270,6.3,15
5.3,262,6,14.9
4.6,265,5.6,14.8
4.7,274,5.4,14.9
4.5,276,5.7,14.9
5.2,283,6,14.9
5.1,278,6.2,14.9
4.7,271,5.7,15
4.6,271,5.7,15.1
5.1,251,6.6,15.1
5.1,251,6.8,15.1
5.2,250,6.3,15
4.5,250,6.3,15
4.4,240,5.8,15
3.9,240,5.8,14.9
4.4,245,6.1,14.9
4.5,245,6.1,15
4.3,254,5.7,15.1
4.3,254,5.7,15.1
4.1,241,5.8,15.1
4.8,241,5.8,15.1
5.2,240,6.8,15.2
5.6,240,6.8,15.2
5.4,242,6.9,15.1
5.3,242,6.9,15.2
5,248,6.5,15.2
4.8,248,6.5,15.3
5.6,248,7.2,15.4
4.9,262,6.1,15.4
3.9,262,5.1,15.3
4.3,262,5.1,15.4
4.2,268,5.4,15.4
6.1,278,7.7,15.5
6.9,280,8.6,15.5
7.2,281,8.6,15.3
7.4,281,8.6,15.1
6.2,280,8,15.2
5.4,285,6.9,15.2
6.1,290,7.5,15.1
6.3,305,7.1,15
5.6,300,7.4,15
6.1,297,7.3,14.8
6,297,7.2,14.7
5.3,299,6.3,14.6
4.6,299,5.4,14.6
4.6,298,5.7,14.7
5.4,295,6.7,14.8
6.2,295,6.7,14.7
6.6,303,7.5,14.7
6.9,300,7.7,14.7
6.8,304,7.9,14.9
7,304,7.9,14.8
6.8,303,8.1,14.9
6.8,303,8.1,15
7.1,295,8.2,15.1
7.2,291,8.4,15.1
6.8,288,7.8,15.1
-1,-1,-1,-1
6.4,284,7.4,15
6.1,282,7.3,15.3
6.9,269,8.1,15.2
7.2,272,8.3,15.3
7.2,269,8.5,15.4
8.1,260,10.1,15.4
8.4,264,9.4,15.5
9.2,264,9.4,15.4
8.5,262,9.8,15.6
8.4,262,9.8,15.5
8,270,9,15.7
7.7,270,9,15.7
7.6,270,8.5,16
7.7,270,8.5,16
7.9,266,9,16.1
7.3,275,8.3,16.2
6.9,271,7.7,16.3
6.7,270,7.5,16.4
6.9,261,8.2,16.5
6.6,258,8,16.5
6.5,252,7.6,16.6
6.7,246,7.7,16.5
7.4,247,8.5,16.5
7.8,249,8.3,16.6
8.1,247,9.1,16.8
8.3,247,9.1,16.7
8.4,244,9.1,16.7
8.5,244,9.1,16.9
8.4,246,9.1,16.9
8,246,9.1,16.8
8,247,8.5,17
7.6,247,8.5,17.1
7.8,244,8.4,17.2
7.5,245,8,17.4
7.3,245,8,17.4
7.5,243,8.5,17.6
7.5,242,8,17.8
7,245,7.5,17.9
6.9,245,7.5,17.9
6.4,250,6.8,18
5.9,250,6.8,18.1
5.5,256,6.2,18.2
6,255,6.8,18.2
6,255,6.8,18.2
5.6,260,6.1,18.4
6.2,259,6.7,18.3
6.4,260,6.8,18.5
6.1,260,6.8,18.6
6.8,255,7.3,18.5
7,255,7.3,18.5
7.8,254,8.4,18.4
8.3,252,9.1,18.5
8.5,252,9.1,18.5
9,252,9.6,18.6
9.5,253,10.3,18.4
9.2,253,9.9,18.5
9.4,252,10.5,18.4
9.8,253,10.7,18.5
9.7,252,10.8,18.9
9.5,255,10.4,18.6
9.6,255,10.4,18.6
9.7,255,10.4,18.5
9.6,255,10.8,18.7
9.8,255,10.8,18.7
9.9,254,11,18.7
10.1,254,11,18.7
9.6,253,10.7,18.8
9.6,253,10.7,18.7
9.7,246,10.7,18.6
9.8,245,10.5,19
10.6,247,11.8,18.8
-1,-1,-1,-1
11.3,246,12.4,18.5
11.4,250,12.6,18.5
11.5,251,12.6,18.7
10.6,252,11.8,18.8
11.1,254,12.8,18.8
11.7,255,12.8,18.9
11.2,252,12.7,19.1
11.3,252,12.7,18.9
10.7,248,12.6,18.9
10.7,248,12.6,19
12,246,13.4,18.8
11.5,246,13.4,18.8
11.9,253,14,18.9
11.9,253,14,19
10.9,249,13.4,19.1
12.1,244,13.7,18.9
12.8,247,14.4,19
11.4,250,14.6,19.3
11.6,253,14.3,19.3
12.1,252,13.6,19.4
13.2,250,15.1,19.3
11.8,254,13,19.2
11.5,257,13.4,19.4
12.4,257,14.3,19.4
12.3,252,14.6,19.8
10.4,252,14.6,19.7
9.7,248,12.5,19.6
10.4,248,12.5,19.5
10.3,243,12.4,19.6
10.6,243,12.4,19.6
10,256,11.6,19.6
9.8,256,11.6,19.7
10.8,254,12.4,19.6
10.4,252,12.6,19.5
10.4,252,12.6,19.7
10.9,250,13.1,19.7
10.8,250,13.1,19.6
11.4,265,13.5,19.8
11.1,265,13.5,19.9
11.1,262,12.9,19.8
12.5,262,12.9,19.6
13.5,267,15.4,19.8
12.7,266,14.4,19.9
11.6,262,16.3,19.9
11.1,262,16.3,20
11.9,267,15,19.9
12.7,267,15,19.9
12.5,264,13.9,20.4
11.3,260,13.2,20.4
10.2,262,12.1,20.2
10.7,262,12.1,20.1
11.5,266,13.6,20.3
12,263,13.9,20.5
11.8,263,13.9,20.4
11,259,14.2,20.3
11.7,264,13.7,20.2
11.8,264,13.7,20.3
10.8,265,12.4,20.1
11.2,265,12.4,20.3
11.6,266,12.7,20.4
11.9,267,13.1,20.6
11.6,267,13.1,20.7
11.1,267,13,20.6
11.2,267,13,20.3
11.2,268,12.4,20.2
11.5,268,12.4,20.3
10.1,265,11.7,20
8.3,265,11.7,20
7.5,253,8.8,20.1
5.7,231,8.2,19.9
5.9,243,7.3,19.9
-1,-1,-1,-1
3.3,226,4.9,19.8
4.3,237,5.5,19.9
5.3,254,6.3,19.9
6,256,6.8,19.9
5.5,258,6.1,19.9
5.7,262,6.5,20
5.5,256,6.3,20
5.1,256,6.3,20
4.8,239,5.7,20
4,239,5.7,20.4
2.1,193,2.9,20.6
3.1,193,2.9,20.9
6.6,141,7.8,19.8
7.2,141,7.8,19.8
7.4,144,8.9,19.7
8.2,142,9.4,19.7
7.4,144,8.3,19.8
7.6,145,9.1,19.7
7.8,140,8.8,19.5
7.6,133,8.4,19.3
7.1,132,8.1,19.2
6.2,133,7.3,19.2
6.9,140,7.6,19.1
6.5,145,7.5,19.1
6.9,145,7.5,19.1
7,145,7.5,19.2
6.4,140,7.4,19.2
6.1,140,7.4,19.2
6.5,139,8.3,19.1
7.7,139,8.3,18.9
8.5,124,10.3,18.9
9,124,10.3,18.7
9.4,114,10.6,18.5
9.3,111,11.1,18.3
10.2,111,11.1,18.2
9.8,102,11.5,18
10.8,102,11.5,17.9
11.2,103,12.6,18
10.8,103,12.6,18
10.3,101,11.4,18.1
9.9,101,11.4,18.2
10.1,105,11.3,18
9.4,103,10.6,18.1
9.4,101,10.4,18
9.7,101,10.4,17.9
9.8,107,10.7,17.8
10.2,107,10.7,17.7
9.7,112,10.9,17.6
9,112,10.9,17.7
7.8,120,9.7,17.8
7.2,120,9.7,17.7
6.4,118,7.9,17.7
6.4,118,7.9,17.7
5.9,128,6.9,17.8
5.2,128,6.9,17.9
4.8,113,5.6,18
5.7,109,6.5,18
5.5,120,6.3,18
4.8,129,5.7,18.2
3.7,130,4.6,18.2
2.8,187,3.5,18
3.9,202,5.8,18.2
4.3,202,5.8,18.1
6,179,6.8,17.9
5.8,179,6.8,17.9
3,224,5.5,18
2,216,3.2,18
1.6,216,3.2,17.9
2.9,231,4.5,17.9
3.8,236,5,18
2.4,231,3.3,17.9
-1,-1,-1,-1
1.8,218,2.8,17.8
2.7,225,3.6,17.7
2.3,220,3.5,17.7
2.6,217,3.9,17.6
1.5,219,2.7,17.5
1.8,189,3.2,17.4
2.8,182,3.3,17.4
1.6,218,3.5,17.6
4.2,308,5,17.3
4.6,308,5,17.3
4.8,301,5.8,17.3
5.2,301,5.8,17.2
4.6,307,5.8,17.1
4.2,307,5.8,17.2
3.9,313,4.9,17.1
3.5,316,4.1,17.1
2.8,302,3.5,17.1
2.7,294,3.5,17.1
2.8,309,3.6,17
2.5,311,3,17
3,305,3.6,17
2.9,310,3.9,17
3.6,298,4.2,17
2.9,289,3.6,17.1
2.1,274,2.9,17
1.4,274,2.9,17.1
1.4,251,1.9,17
1.5,251,1.9,17.1
1.4,275,2.1,17.1
1.2,275,2.1,17.1
1.8,263,2.2,17.2
1.7,263,2.2,17.3
1.9,267,2.5,17.3
1.6,255,2.3,17.3
1.8,260,2.2,17.3
1.6,282,2.2,17.4
1.7,283,2.2,17.3
1.3,281,1.9,17.4
1.4,263,1.7,17.4
1.5,265,1.9,17.4
1.7,274,2.3,17.5
1.8,315,2.2,17.5
1.7,316,2.2,17.5
1.7,316,2.2,17.4
1.5,343,1.9,17.4
1.7,343,1.9,17.4
3.5,65,4,17.2
3.4,65,4,17.1
3.1,71,3.5,17
2.8,71,3.5,16.9
3.1,65,3.5,16.8
2.9,71,3.5,16.8
2.6,71,3.5,16.8
2.6,75,3,16.8
2.4,75,3,16.9
2.1,67,2.5,16.9
2.2,67,2.5,16.9
3,44,3.5,16.9
3.2,44,3.5,16.8
3.4,27,3.8,16.8
2.8,26,3.5,16.8
2.5,32,3.1,17
2.1,32,3.1,17
1.7,42,2.2,17.2
1.6,42,2.2,17.1
1.5,57,2,17.1
2,57,2,17
2.5,46,2.9,17
2.2,46,2.9,17
1.9,17,2.3,17.1
1.9,17,2.3,17.3
-1,-1,-1,-1
1.4,20,1.8,17.6
1.7,15,2.3,17.6
1.5,22,2,17.8
1.2,23,1.5,18
1.3,356,1.9,18
0.4,101,1,18.9
2.3,176,3.4,19
3.5,176,3.4,19
1.5,182,3.1,19.5
0.5,182,3.1,20.1
0.9,32,1.3,19.7
1.2,12,2,19.1
0.7,8,2.1,19.4
0.9,8,2.1,19.1
1.2,310,1.9,19
1.1,315,1.8,18.9
1.2,334,1.6,18.8
1,326,1.4,19
0.4,285,1,20
0.6,248,0.9,19.5
0.6,275,2.2,19.6
0.9,212,1.3,19.5
1.4,208,1.9,19
1.4,231,1.9,18.7
1.5,256,2,18.7
1.4,256,2,18.6
1.7,253,2.4,18.6
2.2,253,2.4,18.5
2.2,237,2.6,18.5
2.7,237,2.6,18.5
2.5,243,3.2,18.5
2.1,243,3.2,18.6
2,219,2.7,18.8
1.8,212,2.7,18.9
2.1,225,2.7,19
2.5,234,3.3,19
3,234,3.3,18.9
3.4,229,4.3,18.8
4,228,4.3,18.8
4.1,229,4.3,18.8
4.3,233,4.8,18.7
4.7,231,5.1,18.8
3.9,220,4.5,19.1
3.9,220,4.5,19.1
4.2,227,4.5,19.2
4.2,227,4.5,19.4
4.5,226,4.6,19.5
4.2,226,4.6,19.7
3.9,224,4.5,19.8
4.3,224,4.5,20.1
4,223,4.4,20.3
4.2,229,4.9,20.2
5.2,246,5.7,20
5.2,245,6.4,20.1
5.3,240,5.9,20.4
3.8,228,5,21
5.1,239,7.1,20.7
5,237,5.8,21.3
4.8,233,5.6,21.5
5.6,237,6,21.1
4.6,230,5.9,21
4.3,230,5.9,21.3
5.4,233,7,22
5.6,233,7,21.6
6.4,240,8.9,21.2
7.4,240,8.9,20.4
7.4,245,8.4,20.6
8.2,245,8.4,21.2
8.3,254,9.4,20.2
8.3,247,9.3,20.2
8.4,247,9.3,20.7
-1,-1,-1,-1
9.6,254,12.4,20.3
9.5,258,11.6,20.1
10.6,258,12.2,20
11.3,257,12.7,20.3
11.4,249,12.1,20.4
10.4,252,11.2,20.1
10.5,244,11.4,20
10.8,248,12.4,20
11,248,12.4,20
10.9,244,12.8,20.1
9.9,244,12.8,20
10.3,244,12.1,20
10.8,244,12.1,19.8
10.2,248,11.9,19.9
10.3,248,11.9,19.8
9.1,246,11.4,19.6
9.8,246,11.4,19.6
10.5,250,12.8,19.4
10.7,250,12.8,19.5
10,249,11.5,19.6
11.2,249,11.5,19.7
13.1,257,15.2,20.1
13,257,15.2,20
11.9,257,13.4,19.9
13.1,264,14.8,20.1
13.1,264,14.8,20.3
11.5,257,15.4,19.9
13.6,257,15.4,20
12.9,259,15.3,19.8
13.5,259,15.3,19.8
14.1,260,16.4,19.7
14.2,260,16.4,19.7
15.1,267,17.9,20
14.8,267,17.6,20
14.4,269,16.4,20
14.5,267,16.7,19.9
14,266,16.2,20
13.2,266,15.5,20.1
12.3,265,14.5,20.1
12.9,264,15,20
12.9,263,15.3,20
12.8,259,14.8,19.9
11.5,259,13.5,20
11.4,259,13.5,20
10.6,260,12.2,19.9
10.7,260,12.2,20.1
10,257,11.6,20
9.3,257,11.6,20
9.2,254,10.8,20.1
8.8,254,10.8,20.1
10.4,260,11.8,20.1
10.8,263,12.4,20.2
11.4,263,13.2,20.2
10.9,259,12.3,20.3
10.6,255,12.5,20.2
12.2,256,14.1,20.2
11.8,252,13.9,20.2
11.6,254,13.3,20.1
11.3,253,13.2,20.1
11.2,257,12.6,19.8
11.3,256,12.6,20
11,256,12.6,19.9
11.4,262,12.8,19.9
11.5,262,12.8,19.9
10.8,262,12.5,19.9
11.7,262,12.5,19.8
11.7,258,13.7,19.7
11,258,13.7,19.7
11.6,259,12.9,19.7
11.1,257,12.5,20
11.4,257,12.5,19.8
-1,-1,-1,-1
9.9,256,11.2,19.8
9.8,254,10.7,20
10.5,244,12,20.5
13,243,14.8,21
12.9,245,14,20.9
12.1,245,13.1,20.8
11,247,12.3,20.8
11.6,247,12.3,21
12.4,243,14.5,21.1
11.9,243,13.7,21.2
12.2,242,13.8,21.2
12.6,240,14.1,21.2
12.6,240,14.6,21.2
12.7,240,14.6,21
12.7,240,14,21.3
11.2,242,12.9,21.1
11.2,244,13.5,21.1
11.8,244,13.2,21.1
12.1,244,13.9,21.1
12.3,243,13.5,20.8
12,246,13.2,20.5
11.9,248,13.8,20.5
12.5,250,14,20.5
11.8,252,13.7,20.5
12.3,254,13.8,20.4
12.5,254,13.8,20.3
13.4,251,15.2,20.4
12.4,253,14.8,20.2
13.1,255,14.6,20
13.2,253,14.9,19.8
11.9,250,13,19.7
11.3,250,13,19.6
11.3,244,12.2,19.5
11.4,244,12.6,19.5
11.2,246,12.2,19.5
10.5,250,11.6,19.5
10.1,251,11.2,19.5
9.6,254,11.5,19.7
9.5,253,11.1,20
8.6,256,9.9,20
8.9,256,10.4,20.1
9.3,254,10.6,20.1
9.3,253,9.7,19.9
8.6,253,9.7,19.8
9,245,10,19.8
9.4,245,10,20.4
8.6,240,10.1,21
8.3,242,10.6,21.3
7.5,244,9.7,21.4
7.8,248,10.9,21.3
8.8,251,10.6,21.3
8.6,250,9.9,21.2
8.6,251,9.6,21.1
9.1,250,10.3,21
9.9,248,11,20.8
9.8,248,10.7,20.8
9.6,251,10.4,20.8
8.8,259,9.9,20.8
8.6,263,10.1,20.6
8.5,264,9.7,20.6
8,274,9.4,20.7
7.8,274,9.4,20.8
6.9,282,8.1,21.3
6.1,282,8.1,21.1
5.5,270,6.4,21.1
5.3,270,6.4,21
5.8,283,7.1,20.6
5.8,283,7.1,20.9
6.8,312,8.3,20.9
7.1,320,8.4,20.8
6.5,318,7.5,20.8
6.4,318,7.5,20.7
6,322,7.1,20.7
5.6,321,6.4,20.6
5.6,318,6.4,20.6
5.3,316,6.2,20.5
5.3,316,6.2,20.5
5.9,321,7.8,20.5
6.5,328,7.6,20.4
7,331,8.6,20.3
7.6,330,8.7,20.3
7.9,328,8.9,20.3
7.8,328,8.9,20.2
7.5,325,8.9,20.2
7.8,327,8.7,20.2
8.3,328,9,20.2
8.4,328,9,20.1
8.3,328,9.2,20
8.6,328,9.2,20
7.9,329,8.9,20
7.7,329,8.9,20
7.5,329,8.9,20
7.1,329,8.9,19.9
8.4,333,9.9,20
8.7,333,9.9,19.9
8.7,337,9.7,19.8
8.4,336,9.9,19.7
7.5,336,9.9,19.6
7.7,335,9,19.6
8.3,335,9,19.6
8.4,335,10.1,19.5
8.4,335,10.1,19.5
7.9,334,9,19.4
8.2,334,9,19.4
8.1,329,9.3,19.3
8.1,324,9.5,19.2
8.1,322,9.4,19.1
7.9,320,9.4,19.1
7.4,320,8.9,19.1
7.5,320,8.8,19.1
8,325,9.8,19
8.9,329,11.2,19
9.4,333,11.2,18.9
9.6,337,11.2,18.8
9.8,338,10.9,18.7
9.6,338,10.9,18.7
9.6,344,12.4,19
10.6,344,12.4,19
9.8,347,11.5,18.9
9.8,347,11.5,18.9
9.9,351,11.8,18.7
9.8,351,11.8,18.7
10.6,356,12.2,18.5
9.9,356,11.9,18.5
9.8,354,11.4,18.5
9.5,356,11,18.4
8.8,0,10.3,18.4
8,1,10.2,18.3
7.3,358,8.5,18.3
7.3,357,9.2,18.3
7.3,359,8.4,18.3
7.9,359,9.5,18.4
8.5,360,10.5,18.4
8.4,360,10.5,18.4
8,3,9.3,18.5
8.1,5,9.5,18.5
8,3,9.5,18.4
8.2,3,9.5,18.4
7.6,4,8.7,18.4
7.4,4,8.7,18.4
6.8,2,8.2,18.5
6.4,4,7.6,18.5
6.4,3,7.7,18.5
-1,-1,-1,-1
6.1,7,7.5,18.7
6.1,6,7,18.7
7,5,7.8,18.8
6.3,3,7.1,18.8
5.9,0,6.9,18.8
5.5,4,6.4,18.9
5.3,6,6.5,19
4.8,6,6.5,19.2
4.1,17,4.9,19.3
3.9,17,4.9,19.4
3.3,8,4,19.5
2.9,8,4,19.5
2.6,9,3.4,19.7
3.1,9,3.4,19.6
3.1,345,3.7,19.6
3.3,340,3.9,19.6
3.2,340,3.9,19.8
3.6,324,4.3,19.9
3.7,324,4.3,20
3.3,348,4.3,20.1
4,348,4.3,20.1
4.4,353,5,20.3
4.7,353,5,20.3
4,349,4.6,20.5
3.5,345,3.9,20.5
3.4,337,4.1,20.6
3.6,337,4.1,20.6
3.9,338,4.4,20.7
4.2,338,4.4,20.8
4.1,350,4.4,21
4,350,4.4,21.1
3.3,343,3.9,21.3
2.7,343,3.9,21.3
2.1,314,2.5,21.5
2.5,314,2.5,21.4
2.3,310,2.5,21.9
2.2,310,2.5,22
2.2,308,2.4,22.1
2.5,251,4.1,21.3
3,231,3.8,21.5
2,273,3,21.9
2,273,3,22.1
2,305,2.3,22.2
2.2,305,2.3,22.3
1.7,289,2.1,22.5
2.1,289,2.1,21.8
2.9,234,3.2,21.9
3,234,3.2,21.8
3.3,228,3.6,22
3.1,228,3.6,22.1
2.4,232,2.7,22.4
2.2,233,2.3,22.6
1.7,221,2.2,22.8
2,196,2.6,23.5
2.5,187,2.7,25.1
2.2,185,2.3,26.6
2.3,187,2.6,26.8
2.8,178,3,26.3
3.1,179,3.3,25.9
3.5,177,3.6,25.5
3.4,176,3.6,25.5
3.5,176,3.6,25.5
3.2,232,4.2,22.7
3.4,232,4.2,22.7
3.8,236,3.9,23.2
4.2,236,3.9,23.3
4.7,234,5,23.4
5.1,234,5,22.8
5.5,256,5.6,22.5
5.4,255,5.8,23
4.8,248,5.4,23.4
-1,-1,-1,-1
5.6,239,7.1,23.1
6.9,245,7.7,22.9
7.6,246,9.5,22.4
9,249,9.5,21.1
8.8,247,9.6,21
8.9,246,10.4,20.9
10.6,250,11.5,20.5
10.7,248,12.2,20.7
10.9,250,12.8,20.8
11.6,253,13.6,21.4
11.3,255,12.6,21.2
11.1,255,12.7,21
11.8,255,13.3,21.2
11.5,255,13.3,21.1
12,262,13.1,21.1
12.5,262,14.2,21.4
11.9,262,14.2,21.6
12,262,13.3,21.5
11.6,262,13.3,21.4
11.2,257,13.1,21.4
12.2,257,13.1,21.3
12.2,263,13.3,20.7
12.3,263,13.3,20.6
11.8,260,14.2,20.3
12.6,262,14.4,20.6
12.9,264,14.2,20.7
12.9,264,14.2,21.4
12.9,265,14.6,20.9
12.9,265,14.6,20.8
12.3,265,13.7,20.9
12.3,265,13.7,21
12.4,267,13.7,20.8
12.7,267,13.7,20.6
14,265,16,20.3
14.1,265,16.1,20.5
14,265,16.1,20.6
13.2,262,15,20.5
13.1,264,14.7,20.4
12.5,266,14.3,20.4
12.9,268,14.2,20.3
12.6,268,14.2,20.3
11.9,266,13.6,20.3
11.4,267,13.2,20.4
10.9,267,13.2,20.3
10.9,266,12.3,20.3
11.5,264,13.1,20.3
11.5,264,13.3,20.3
12,264,13.3,20.2
11,264,12.7,20.2
11,264,12.7,20.2
10.7,265,12.3,20.3
9.8,264,10.9,20.4
9.2,263,10.8,20.4
8.4,261,10.1,20.4
8.9,263,10.3,20.2
9.7,263,10.9,20.2
10.2,262,11.6,20.1
10.5,262,12.1,19.9
10.6,262,12.2,19.9
11,264,13.7,20.1
10.9,264,12.8,19.7
11.4,262,13.1,19.9
10.7,258,12.6,19.9
10.7,258,12.6,19.9
10.7,256,12.6,19.9
10.6,256,12.1,19.9
10.2,256,12.1,19.8
10.3,255,11.6,19.9
9.9,252,12,19.8
9.5,254,10.9,19.8
8.9,254,10.5,19.7
-1,-1,-1,-1
9.8,252,11.2,19.8
10.3,246,11.6,19.9
9.7,244,10.9,19.7
9.7,242,11.1,19.6
9.2,242,11.1,19.7
9.1,234,10,19.7
9.4,233,10.8,19.7
10,233,10.8,19.7
10.4,232,11.5,19.9
10.3,232,11.5,20
8.5,230,10.4,20.1
7.5,230,10.4,20.2
7.6,236,9.3,20.1
7,236,9.3,20.1
7.2,246,8.5,19.9
6.6,253,8.3,19.8
6.7,253,7.8,19.7
7.5,257,9,19.7
8.4,259,10.9,19.9
8.6,256,10.2,19.7
8,255,9.2,19.6
7.4,247,8.7,19.5
6.2,236,7.5,19.4
6.2,237,7.4,19.3
6.7,244,8.6,19.4
6.7,244,8.6,19.4
6.4,253,7.8,19.4
6.7,253,7.8,19.4
6,256,7.2,19.4
5.7,256,7.2,19.4
6,253,6.9,19.4
6.3,253,6.9,19.4
6.4,252,7.6,19.4
6,252,6.8,19.3
6.1,253,7.2,19.3
6.3,251,7.1,19.3
6.4,251,7.2,19.4
6.6,250,7.8,19.4
7,246,7.9,19.4
7.4,248,8.2,19.3
7.6,246,8.4,19.3
7.3,248,8.3,19.2
7.5,254,8.7,19.2
8.1,259,8.9,19.2
8.2,259,8.8,19.1
8.2,259,8.9,19.1
8.5,257,9.3,19.1
7.9,255,8.9,19.1
8,250,8.9,19.1
7,249,8.5,19
6.5,254,7.2,18.9
6.2,256,6.9,18.9
6.5,249,7.2,18.8
6.1,243,6.8,18.8
5.7,247,6.6,18.8
5.9,256,6.7,18.7
6.4,267,7.1,18.8
6.9,268,7.7,18.8
6.6,259,7.3,18.8
