6.7,272,7.7,15.1
6.9,273,8.2,15.1
7.2,272,8.1,15
7.4,270,8.5,15
6.9,272,7.6,15
7.1,274,7.6,14.9
7.1,271,7.8,14.9
6.7,272,7.4,14.9
6.4,273,7.1,14.9
6.5,271,7.1,14.9
6,271,7,15
5.8,270,7,15.1
5.9,274,6.8,15
7.1,281,10.7,15.1
10.2,289,11.7,15.4
8.5,298,11.1,15.3
6.4,302,9.6,15.3
4,304,5.4,15.1
3.2,314,4.9,15.1
3.6,310,5.1,15.1
4.8,300,6.6,15
7.5,295,10.4,14.9
5.7,307,8.3,14.8
4.9,313,6.2,14.6
3.9,311,5.9,14.6
4.6,308,6.4,14.5
5.2,297,7.4,14.5
5.6,290,7.1,14.6
6.8,285,8.6,14.6
7.4,283,9,14.5
8.7,281,10.9,14.4
8.3,280,9.7,14.4
7.4,278,9.6,14.3
7.4,276,8.6,14.3
7.3,278,8.8,14.3
7,273,8.6,14.3
6.4,273,7.9,14.4
7.3,275,8.8,14.4
6.9,271,8.4,14.4
7.6,267,9.8,14.4
7.5,272,9.9,14.4
8.6,275,10.5,14.3
8.4,269,10,14.3
8.6,276,10.5,14.4
8.5,276,10.5,14.4
9,274,10.5,14.4
9.4,270,10.9,14.5
9.5,269,11.2,14.5
9.8,265,11.7,14.6
10.8,260,12.5,14.5
11.1,261,12.5,14.6
10.3,256,12.6,14.5
10.4,257,12.8,14.5
11.6,259,13.9,14.5
11.4,260,13.2,14.6
11.1,264,13.2,14.6
12,263,13.9,14.5
11.2,265,13.5,14.6
11.4,266,13.6,14.5
10,265,12.2,14.5
11.4,265,13.3,14.6
10.7,264,13,14.7
11.8,263,14.1,14.8
11.8,261,14.1,14.8
12.1,262,14.5,14.8
12.2,262,14.3,14.7
11.4,264,12.9,14.7
11,259,13.3,14.6
11.1,258,13.9,14.7
11.1,260,12.7,14.7
11.5,254,13.2,14.6
11.1,256,13.1,14.7
12.4,255,15,14.6
11.9,260,13.7,14.6
11.8,262,13.9,14.7
11.9,262,13.8,14.8
12.2,264,14.4,14.7
11.7,269,14.7,14.8
11,266,14,14.7
11.7,264,14.1,14.8
12,265,14.2,14.7
11.7,265,13.6,14.6
10.8,265,12.9,14.7
11.5,265,13.7,14.7
11.2,266,14,14.7
11.4,269,13.7,14.6
10.3,268,12.5,14.7
10.5,271,12,14.7
10.6,269,13.3,14.6
11.4,269,13.9,14.6
12.9,281,14.5,14.7
12.2,281,14.3,14.8
11.9,279,14,14.7
10.5,282,13.8,14.8
11.2,288,13.5,14.7
10.6,292,13.7,14.8
11.2,281,13.1,14.7
11.3,286,13.6,14.7
10.6,286,12.2,14.8
9.9,290,12.2,14.9
9.8,293,12.5,15
8.9,291,11.4,14.9
9.9,291,12.2,14.9
9,296,11.1,15
9.6,289,12,15
8.3,288,10.8,15
7.8,286,11,15
7.8,288,11.5,15
7.9,292,9.7,15
7.8,289,9.4,15
7.8,275,9.5,15.1
6.9,278,8.6,14.9
6.8,273,9.4,15
7.7,255,9.6,15
9.1,248,10.8,14.9
10.4,252,12.5,14.9
10.1,249,12,14.9
9.6,248,12.3,14.9
9.6,258,10.9,14.8
10.2,259,12.5,14.9
10.4,253,12.6,14.9
10.2,258,12.4,15
11.1,256,12.9,15
9.9,256,12,15.2
9.8,253,12.5,15.2
9.9,253,12.3,15.3
11.1,249,13.6,15.2
10.6,247,13.1,15.2
10.3,252,12.4,15.3
9.2,245,11.7,15.3
9.5,247,11.5,15.4
8.1,242,10.9,15.4
7.9,246,10.9,15.4
7.7,250,9.8,15.5
8.4,245,9.9,15.5
8.4,238,10.9,15.5
9,235,11.5,15.5
9.1,237,11.5,15.7
9.1,237,10.7,15.8
10.1,237,11.6,15.9
10.6,236,12.4,15.9
10.5,232,12.7,15.8
10.7,234,12.5,15.9
10.3,232,14.1,16.1
9.9,242,11.5,16.2
9.3,248,11.2,16.2
8.4,256,10,16.2
8.3,247,11.5,16.3
9.6,243,12.3,16.4
10.9,250,12.3,16.4
11.4,246,13,16.5
10.9,245,13.7,16.5
9.1,246,13.8,16.6
10.4,243,13.1,16.6
10.9,227,13.9,16
10.9,219,13.1,16
12.9,219,15.5,16.1
12.1,219,15.7,16
13,213,15.5,15.9
14.2,215,18.1,15.8
17.1,210,19.3,15.5
16,212,18.7,15.5
15.8,212,17.7,15.5
14.8,221,17.2,16
15.8,221,18.1,15.6
16.2,222,18.3,15.5
17.6,216,20.3,15.4
18.3,215,20.3,15.2
17.4,212,20.5,15.2
18.8,209,20.7,15.1
18.1,208,21.1,15.2
17.1,211,20.3,15.6
17.6,219,20.4,15.6
17.2,219,19.8,15.6
16.5,226,19.2,15.5
16.6,225,18.8,15.5
16.6,226,19,15.6
16.6,225,18.7,15.4
15.4,225,18.7,15.6
16.5,227,18.5,15.7
15.8,226,18.6,15.6
16.4,222,18.9,15.4
16.4,225,19.1,15.4
16.1,228,18.4,15.5
14.8,232,17.3,15.9
14.7,240,17.7,15.8
15.5,233,17.3,15.6
14.9,236,17.5,15.7
14.9,242,17,15.8
13.8,247,17.1,15.9
13.7,239,16.1,15.8
14.2,242,17,15.8
14.1,237,16.6,15.9
14.6,231,17.2,15.9
14.2,229,17.2,16
12.7,231,14.8,16.1
12.3,235,16.1,16.2
11.5,235,14.3,16.2
11.4,240,13.4,16.3
11.4,243,13.8,16.5
11.6,243,14.4,16.4
12.8,235,15.5,16.5
13,233,14.6,16.4
12.9,236,14.6,16.5
12.1,234,14.7,16.5
13.2,233,15.1,16.4
12.5,241,15.5,16.5
12.5,243,14.9,16.5
11.7,246,13.9,16.5
12.4,253,14.7,16.5
12.1,249,14.7,16.5
13,250,15.5,16.4
12.7,253,14.8,16.5
11.7,251,14.4,16.5
12.3,243,15,16.3
12.4,234,14.2,16.3
13.1,233,15.3,16.3
13.4,234,15,16.2
11.5,242,13.5,16.4
11.2,249,14.1,16.5
10.6,246,13,16.6
10.9,245,13.5,16.6
10.4,246,12.5,16.6
9.8,252,12.6,16.7
10.7,251,12.9,16.6
10.6,250,12.9,16.7
11.6,249,14,16.6
11.6,249,13.7,16.6
11.1,256,15,16.6
10.5,254,13.1,16.7
10.9,250,14.7,16.5
11.6,252,13.7,16.6
11.4,255,13.7,16.5
11.9,253,15.4,16.5
12.7,252,14.9,16.4
12.1,254,14.1,16.5
11.7,253,14.2,16.4
11.7,251,14.1,16.3
11.9,252,13.7,16.4
12.2,253,15,16.3
12,250,14.7,16.3
12.1,254,14.5,16.2
11.8,257,14.5,16.2
12,256,13.6,16
12.6,252,14.3,15.8
13.5,263,15.4,15.8
12.1,263,15.3,15.8
12.1,269,14.4,16
10.7,262,12.6,15.8
11.1,261,13.8,15.8
10.8,265,13.1,15.9
13,271,15.4,15.8
11.6,269,14.3,15.9
11.9,273,14.5,15.7
12.2,272,14.2,15.6
12.7,271,15,15.6
13,272,14.8,15.6
11.7,271,13.5,15.4
11.8,267,13.6,15.4
11.8,274,13.4,15.3
11.3,272,13.1,15.4
10.9,272,12.6,15.2
9.9,274,11.5,15.2
9.6,272,11.1,15.1
10.1,276,11.6,15.1
9.7,273,11.3,15.2
9.2,280,10.8,15.1
7.6,280,9.4,15.1
6.2,284,7.6,15.2
7.2,284,8.7,15.1
7.8,286,9.7,15.1
6.3,286,7.9,15.1
5.3,290,6.5,15.1
4.7,288,6.1,15.1
5.3,295,6.2,15.1
4.8,299,6.1,15
5.2,300,6.5,14.9
4.5,300,5.5,14.9
4.1,295,5.1,14.9
4.1,284,5.4,15.1
4.9,279,5.8,15
4.9,275,6.2,14.9
4.6,277,6,14.9
3.8,275,4.7,14.9
3.7,270,4.7,14.9
3.6,272,4.1,15
4.1,280,4.9,14.9
3.7,296,4.7,14.8
3.1,300,3.9,14.8
2.3,308,3,14.7
1.6,296,2.2,14.7
1.3,300,1.9,14.8
1.2,313,2.1,14.7
0.2,321,1.3,14.6
1.2,308,2.2,14.7
0.6,314,1.8,14.6
1.3,310,2.3,14.6
1.5,332,2.2,14.5
1.6,321,2.5,14.5
2.1,323,3,14.4
2.2,344,3,14.3
3.1,5,4.2,14.3
2.1,353,2.8,14.1
2.3,356,3.2,14
1.5,8,2.1,14
1.7,19,2.8,13.9
2.5,3,3.4,13.9
1.8,353,2.7,13.9
2.1,348,2.9,14
2.5,23,3.4,14
2.7,14,3.6,13.8
3.2,7,3.8,13.7
2.5,356,3.2,13.6
2.2,8,2.9,13.6
2.1,25,2.9,13.5
2.4,8,4.1,13.3
2.3,359,3.3,13.3
2.4,339,3.5,13.4
4.1,331,5.4,13.4
4.7,336,5.5,13.4
4.8,337,6.2,13.3
5.4,334,6.6,13.2
5,340,6.6,13.1
5.7,342,6.8,13.2
5.8,337,7.1,13.1
4.3,335,5.5,13.1
3.7,342,4.6,13.1
3.3,7,4.5,13.1
3.5,20,4.6,12.8
3.8,28,5,12.8
4.3,22,5.1,12.7
3.8,24,5.2,12.6
2.9,35,3.4,12.4
2.7,58,3.7,12.4
2.8,90,4.1,12.3
2.3,92,3.3,12.4
1.7,74,2.7,12.6
1.5,27,2.5,12.6
1.4,27,2.8,12.8
2,23,3.1,12.8
2.6,358,4.3,12.8
3,360,4.4,12.8
2.4,23,3.1,12.9
2.8,28,3.6,12.7
2.8,9,3.6,12.6
2.7,4,3.2,12.6
2,20,3.3,12.7
2.4,33,3.5,12.6
2.6,52,3.3,12.5
1.7,59,3.4,12.4
1.1,22,2.7,12.3
1.4,43,3.1,12.3
2.6,43,3.4,12.3
3.1,52,4.4,12.2
3.4,56,4.2,12.1
2.9,36,4.3,12.1
1.9,11,3.3,12.1
3,34,4.2,12.2
3,20,3.7,12.1
3.2,18,3.8,11.9
3.5,23,4.2,11.8
3.9,26,4.5,11.8
3.9,11,4.8,11.9
4.2,20,5.1,12.2
3.6,23,4.4,12.4
4.2,38,5.1,12.5
4.3,29,5.1,12.4
4,23,4.7,12.5
3.4,18,4.3,12.6
2.3,3,3,12.7
2.9,16,3.8,12.7
2.9,18,3.6,12.6
2.7,31,3.6,12.7
2.4,26,3.4,12.7
2.8,32,4,12.8
2.9,39,3.9,12.9
2.1,85,3.9,12.8
3.3,79,4.6,12.7
2.9,87,4.7,12.7
1.8,95,2.5,12.8
1.6,116,2.8,12.9
1.4,115,2.8,13.1
2.5,133,4.2,13.1
2,142,4,13.2
2.6,166,4.1,13.2
3.2,157,4.4,13.2
3.7,156,4.8,13.3
4.2,145,5.6,13.4
4.2,152,5.1,13.4
3.9,151,5.6,13.5
4.2,151,5.6,13.5
4.1,150,4.9,13.7
4.1,159,5.1,13.7
4.7,173,6.1,13.8
4.6,169,6.3,14
5.2,156,6.7,14
5,154,6.5,14.1
5.9,166,7.3,14.2
5,166,6.6,14.2
5.3,154,7.2,14.2
5.3,154,6.2,14.2
5.3,157,6.4,14.2
5.5,144,7.1,14.2
4.8,144,6.4,14.2
4.8,146,6.1,14.2
5.2,142,7.1,14.2
6.4,142,8.2,14.3
7.1,139,9.9,14.2
8.3,144,11,14.2
8.1,137,9.9,14.1
7.1,136,8.8,14.2
8.8,136,11,14.1
7.4,127,9.9,14.2
8.1,125,10.7,14.2
7.9,158,12.4,14.3
10.9,178,15,14.4
11.9,174,14.4,14.4
11.6,174,14.5,14.4
12.6,174,15.4,14.3
12.3,171,15.6,14.2
12.1,165,15.1,14
12.1,172,14.3,14
11.2,164,13.8,14.1
11.4,167,13.4,14.2
11.5,161,14.5,14
11.5,160,13.8,14
11.9,164,13.9,13.9
12.5,154,14.7,13.9
11.2,165,14.4,13.9
10.7,176,13.9,13.9
10.9,161,13.3,13.9
10.6,164,13.3,13.9
11.3,161,13.5,13.9
10.6,171,12.7,13.9
11.1,162,14.2,13.8
10.7,162,14.1,14
10.6,150,14,13.8
9.9,145,12.8,13.9
11.6,144,15.3,13.7
10.6,144,13.1,14
9.9,133,12.4,14.1
7.9,147,11.3,14.4
5.7,146,8.5,14.4
7.5,210,12.4,14.2
9.1,197,11.4,13.9
7.7,186,10.2,13.9
8.9,177,11.1,13.9
9.8,174,11.8,13.9
10.4,178,13.3,13.9
11.4,178,13.5,13.9
11.1,177,13.5,13.9
10.4,170,12.9,14.1
11.1,183,15.4,14
11,186,13.5,13.9
10.4,183,12.7,14.1
10.4,178,13.4,14
10.2,189,12.7,14.2
10.3,191,12.6,14
9.9,181,12.1,13.9
9.8,189,12.4,14.1
9.7,183,12.3,13.9
10.7,186,12.6,13.8
9.8,186,12.5,14
9.9,189,12.5,14.1
10.2,191,13.1,13.9
9.4,182,11.7,13.9
8.6,167,11.8,14.1
9.6,163,12.5,14.1
9.3,172,12,14.1
9.8,157,12.2,14
9.9,153,11.5,14
9.8,158,12.9,14.2
9.7,171,12.1,14.1
8.2,183,10.7,14.4
9.3,196,11.5,14.4
10.8,197,13,14.5
11.8,200,14.6,14.5
12.5,189,15.1,14.3
10.9,196,13.9,14.4
12.1,195,14.4,14.3
11.3,197,14.3,14.3
11.1,191,14,14.3
11.9,193,14.9,14.3
12.3,193,14.9,14.2
12.3,194,15.6,14.3
13.5,202,17,14.3
13.4,201,15.8,14.3
13,197,15.8,14.3
13.8,199,16.5,14.3
13.8,205,16.9,14.5
14.3,209,16.8,14.4
14.5,211,17,14.4
14.3,220,17.3,14.4
15.1,222,17.4,14.4
15.1,224,17.4,14.3
14.8,219,17.1,14.4
14.6,221,16.8,14.4
13,223,15.7,14.5
12.2,228,14.7,14.6
12.7,226,15.2,14.7
13.9,229,15.6,14.6
12.7,223,15.5,14.5
12.9,219,14.7,14.5
13.9,226,15.9,14.3
13.7,225,16.3,14.3
12.5,224,14,14.1
12.2,227,14.2,14.2
12.6,222,14.5,14.2
12,221,14,14.3
11.3,225,13.2,14.2
10.6,225,12,14.3
11,225,12.6,14.4
10.7,228,12.7,14.4
11.1,224,12.9,14.5
12.3,235,14.9,14.7
12.8,237,15.7,14.7
12.1,244,14.9,14.7
11.9,248,14.6,14.8
11.3,243,14.2,14.8
12.2,246,14.5,14.8
11.3,247,14,14.9
12.6,242,15.3,14.9
13.4,242,16.3,14.9
14,243,16.7,14.7
13.2,239,16.5,14.8
13.4,243,15.9,14.6
12.1,238,14.1,14.6
12.5,235,17.1,14.6
14.4,241,16.9,14.7
14.8,243,19,14.8
13.6,243,18.8,14.7
12,243,16.3,14.8
11.6,242,14,14.7
11.7,241,16.2,14.8
12.9,237,15.9,14.8
13.1,233,15.6,14.9
12.8,233,15.2,14.9
14.1,233,17.5,14.9
13.2,226,15.5,15
12.7,211,15.1,14.6
13.1,216,15.2,14.6
12.9,218,16.4,14.6
14.2,219,16.8,14.6
14.7,222,18.1,14.7
14.5,227,18.1,14.6
13.4,224,15.9,14.5
13.7,225,16.8,14.6
14.1,226,16.3,14.6
13,225,15.4,14.7
13.2,226,16,14.8
14,229,16.5,14.9
14.9,228,17.9,15
15.3,224,18.8,15.1
15.9,221,19.9,15
17.9,222,22.4,15
19.4,223,24.1,14.8
18.2,221,23.2,14.9
19.5,221,24.2,14.8
19.1,223,23.6,14.8
19.9,220,24.9,14.8
20.7,220,24.6,14.9
19.8,217,24.4,14.8
19,214,22.2,14.7
19.1,214,24.1,14.8
19.1,214,23.2,14.8
21,218,24.1,14.8
19,219,25.2,14.8
19.5,222,23.3,14.8
20.1,219,25.2,14.8
21.4,219,25.2,14.7
19,219,23.5,14.7
19.1,221,24.3,14.7
20.5,221,24.7,14.6
20.1,222,25.1,14.6
19.9,224,24.7,14.6
20.3,222,24.4,14.7
18.5,224,24.8,14.7
21.6,222,27.5,14.5
20.7,222,27.7,14.7
20.3,224,27.3,14.6
22,226,25.6,14.5
22.8,225,26.4,14.5
22,224,25.9,14.6
22.2,225,26.7,14.5
22.3,225,25.6,14.7
20.4,223,24.8,14.6
20,222,23.6,14.6
19.8,223,23.1,14.6
19.6,222,23.2,14.5
19.6,225,23.2,14.6
18.9,228,22.9,14.7
19.3,228,22.6,14.6
18.5,229,21.7,14.8
18.8,232,21.5,14.6
17.6,233,21,14.7
17.7,233,21.5,14.8
17.8,233,21.8,14.8
16.5,235,19,14.7
17.4,232,20.3,14.6
16.6,232,19.3,14.6
17.2,234,20.3,14.6
17.7,235,21.5,14.7
18,232,21,14.6
18,233,21.9,14.6
17.6,237,19.9,14.7
18.4,237,21.7,14.7
18.8,239,22.9,14.6
17.7,240,22.3,14.8
18.4,241,22,14.6
18.6,239,22.6,14.6
19.3,243,23.4,14.7
18.9,245,24.3,14.7
20.5,249,24,14.6
18.3,249,25,14.6
18,248,23.6,14.6
18.3,245,22.5,14.6
19.7,247,24.2,14.6
16.1,247,18.6,14.7
16.6,245,19.4,14.6
16.5,249,20.4,14.6
16.3,244,19.8,14.9
15.2,248,17.5,14.7
16.3,251,21.2,14.7
17.5,250,20.3,14.8
18.9,254,23.3,14.7
20.3,258,23.8,14.6
18.4,257,23.4,14.7
19.3,256,23,14.6
18.7,256,22.1,14.6
17.9,257,21,14.6
17.2,260,20.8,14.6
15.5,260,18.3,14.7
15.4,260,21.4,14.6
16.1,261,18.8,14.6
15.4,260,18,14.7
15.9,258,17.8,14.6
14.7,258,17.8,14.7
14.1,257,16.8,14.7
13.5,260,16.4,14.8
12.7,261,15.7,14.7
12.1,262,16.1,14.9
12.8,258,16.8,14.8
13,257,15.4,14.9
14.2,254,16.5,14.9
14.8,255,17.8,14.9
14.1,256,16.5,15
13.4,256,15.4,15
13.7,255,16.7,15.1
13.3,254,16,15
11.6,259,13.6,15
9.9,255,11.5,15
10.4,252,12.7,15.1
11.3,251,13.8,15.1
11.3,254,13.4,15.2
13.5,256,15.6,15.1
13.5,258,16,15.3
13.6,258,17.6,15.3
14.5,261,17.1,15.3
14.8,262,17.1,15.4
14.1,266,16.1,15.4
14.4,267,16.8,15.4
14.6,271,18.8,15.4
13.4,266,16.5,15.4
14.7,266,17.3,15.4
14.3,268,17.1,15.4
14.4,269,16.7,15.4
12.9,267,15.8,15.4
13.9,262,17.4,15.4
15.5,260,18,15.3
14.6,262,17.5,15.3
15,264,17.9,15.3
15.2,264,18.1,15.4
15.1,265,19.7,15.4
14.9,266,18.1,15.4
17.8,265,21.1,15.4
16,266,19.8,15.4
15.3,266,18.3,15.4
16.4,271,18.8,15.4
16.7,273,20.7,15.4
16.4,272,20.1,15.4
15.1,280,20.7,15.5
13.3,272,16.5,15.5
15.1,272,18.4,15.5
12.3,267,15.9,15.5
14.2,269,17.1,15.5
13.5,270,15.7,15.4
12.8,274,16.3,15.5
13.7,271,17.2,15.5
14.2,273,18.9,15.5
16.1,275,20,15.4
16.2,275,19.2,15.4
15.4,277,19.5,15.4
15.8,280,18.5,15.3
16.1,282,19.1,15.3
15.4,280,19.3,15.4
14.4,285,17.9,15.5
13.9,287,16.8,15.5
14,287,17.1,15.5
14.3,291,17.3,15.6
14.1,286,16.6,15.7
13.4,289,15.9,15.8
13.6,284,15.6,15.9
13.2,287,15.6,15.9
12.6,293,15,16
12.5,291,15.3,16.1
10.9,288,14.9,16.3
11.3,289,13.3,16.5
12.2,287,15.6,16.6
12.5,292,14.4,16.7
11.2,293,14.2,16.8
13.9,287,16.4,16.8
13.9,285,16.3,16.9
12.8,291,15.8,16.9
14.1,291,16.6,17
11.3,294,14.4,17.1
12.3,287,14.5,17.1
12.5,280,14.3,17.2
14,288,16.7,17.3
13.3,292,15.8,17.3
13.6,283,16.1,17.3
13.3,293,15.9,17.4
12.7,288,16.2,17.4
12.8,290,15.9,17.5
13.2,289,16.2,17.6
13.2,281,16.2,17.6
14.2,282,18.1,17.6
14.7,287,17.7,17.7
13.7,279,17.4,17.7
14.3,282,17.7,17.7
12.8,289,15.9,17.9
14.1,281,16.6,17.8
12.9,285,15.9,18.1
13,286,17.3,18
12.8,274,16,17.9
13,274,15.4,18
11.7,292,14.6,18.2
13.3,305,17.6,18.1
13.2,298,15.8,18.2
13.5,294,16,18.2
13,284,16.6,18.1
13,281,16.4,18.2
12.9,265,15.3,18.1
12,264,15.3,17.8
14,258,17.2,17.8
15.2,249,18,17.8
13.3,250,15.8,17.9
15,274,17.1,18.3
14.2,280,16.4,18.3
14.1,272,17.6,18.3
14.3,274,17.7,18.4
15.6,287,17.6,18.3
14.6,282,16.7,18.3
13.4,279,15.8,18.4
13.4,280,17.2,18.4
12.4,280,15.3,18.4
13.6,276,17,18.4
15.7,286,20,18.3
15.9,290,19.1,18.3
17.1,285,19.9,18.3
17.3,284,20.2,18.3
16.4,285,21.8,18.5
17.4,288,20.6,18.5
17.2,280,20.1,18.5
15.8,286,19.6,18.5
15.3,282,20.3,18.5
14.5,295,19.8,18.6
14,296,18.2,18.9
15.6,297,18.5,18.6
15.6,282,19.4,18.5
15.8,290,20.8,18.5
16.3,294,20.3,18.5
17.1,297,20,18.3
17.1,297,20.4,18.4
15.9,298,18.9,18.4
15.3,298,18.5,18.5
15.4,296,18.7,18.6
14.9,291,18,18.6
15.2,296,19.5,18.4
15.6,298,18.9,18.4
15.1,302,18.5,18.4
12.8,299,15.4,18.5
13.7,285,17.7,18.4
14.8,279,18,18.3
13.4,281,16.5,18.5
14.8,281,17.2,18.3
14.6,283,16.8,18.2
14.1,277,17.3,18.3
14.2,284,16.8,18.3
13.3,277,16.3,18.3
12,280,14.8,18.4
12.8,280,15.5,18.3
12.4,280,14.7,18.3
11.9,288,14.5,18.4
12.3,288,15.5,18.3
11.4,290,13.7,18.3
14.1,281,16.2,18.2
13.5,285,16.8,18.2
14.9,292,17.9,18.2
13.8,295,15.7,18.1
13.1,299,15.4,18.2
12.8,305,15.1,18.1
13.3,307,15.5,18
12.5,307,15.7,18.3
10.2,310,13,18.3
11.5,318,15.7,18.2
11,315,13.4,18.2
11,311,14.1,18.2
9.3,309,11.3,18.3
9.6,312,12.3,18.5
9.8,315,12.4,18.5
9.6,316,12.6,18.5
8.2,322,11.5,18.5
8.4,311,11,18.4
8.4,296,9.9,18.3
8.2,305,9.8,18.3
6.9,290,8.7,18.2
5.4,261,9.9,17.6
8.8,258,11.1,17.4
9.9,252,11.7,17.3
8.7,252,10.2,17.2
10.2,256,11.9,17.2
10.1,260,11.6,17.3
10,253,11.9,17.2
9.7,244,11.2,17
8.8,235,9.7,16.7
8,244,10.3,16.8
7.5,240,8.3,16.7
8.3,234,9.4,16.6
8.1,234,9,16.6
7.6,235,8.9,16.6
6.8,234,9.3,16.6
6.7,230,9,16.4
8.1,234,9.4,16.4
8.8,237,9.8,16.4
8.9,238,10.6,16.4
8.6,244,10.3,16.6
10.9,257,13.2,16.7
12.4,264,14.1,16.7
12.1,265,14.3,16.6
11.3,271,12.7,16.5
9.7,271,11.3,16.4
8.5,275,10.2,16.3
7.5,269,9.6,16.3
7.3,263,8.6,16.3
7.3,263,9,16.2
7.4,264,8.6,16.2
7.8,261,8.9,16.1
8,267,9,16.1
7.1,271,8.3,16
6.7,273,7.9,16
6.6,267,7.8,16
6.6,267,7.5,15.9
6.1,266,7.1,15.8
6.3,265,7.2,15.8
6.8,264,7.9,15.8
7.1,264,7.9,15.8
6.5,271,7.3,15.8
6.6,273,8,15.8
6.7,279,8.1,15.8
7.6,276,8.9,15.9
7.8,275,8.9,15.9
7.9,278,8.9,15.9
7.5,282,8.4,15.8
6.6,289,7.8,15.7
5.7,290,6.6,15.6
5.2,288,6.4,15.6
5,283,6.3,15.6
5,284,6.2,15.6
4.4,310,5.6,15.2
4.2,308,5,15
3.2,302,4.3,14.9
2.3,301,3.2,15
2.1,300,2.6,15.1
2.5,292,3.7,15.1
2.9,290,3.9,15.1
3.6,282,5.7,15.1
5.4,268,7.8,15.3
6.2,269,7.5,15.3
6.4,265,7.8,15.3
6.3,269,7.6,15.3
5.9,270,7.2,15.1
6.8,271,8.2,15.1
6.8,276,7.9,15
7.2,273,8.8,15
6.3,279,8.2,15
6.6,275,7.6,14.9
5.8,277,6.9,14.9
5.1,274,6.4,14.8
4.6,277,6.6,14.8
4,281,4.8,14.7
3.6,272,4.7,14.6
4,270,5.2,14.6
3.9,280,4.7,14.6
3.2,279,4.1,14.6
3.8,271,5.3,14.5
4.5,268,5.5,14.6
4.9,260,6.2,14.8
6,262,7.1,14.7
5.4,270,6.6,14.6
5.4,269,6.4,14.6
5.5,272,6.5,14.6
4.4,269,5.1,14.6
5.7,253,7.1,14.8
6.8,250,8,14.7
8,252,9.1,14.6
8.3,245,9.6,14.7
6.6,245,8.2,14.8
6.9,243,8.1,14.7
8,236,9.7,14.8
8.7,238,11.5,14.9
9.9,240,12.1,14.9
10,244,12.1,14.8
9.4,245,11.2,14.8
11,260,13.7,14.8
11.1,259,14.3,14.9
10.8,265,13,14.6
9.1,270,11.2,14.5
8.3,267,10.2,14.7
9.6,271,12.9,14.8
11.6,263,13.4,14.8
9.3,260,10.9,14.8
9.8,258,12.8,14.9
9.1,245,11.2,14.8
9.6,241,11.5,14.8
10,240,11.6,14.7
9.1,236,10.7,14.8
10,228,11.6,14.9
10.8,233,12.4,14.8
11.3,232,12.7,14.8
12.2,233,14.1,14.8
12,236,14.9,14.8
12.8,235,14.7,14.8
11.3,230,13.6,14.9
11.1,239,12.3,14.8
11.4,233,12.8,14.9
11.5,233,13.2,14.9
12.6,240,16.2,14.8
11.9,244,15,14.9
13.6,243,16.6,14.8
11.1,245,13.1,15
11.2,244,14.6,14.9
12.3,249,15.4,14.8
13.6,248,16.6,14.8
13.1,247,15.1,14.8
12.4,250,14.9,14.7
12.4,243,13.9,14.6
11.9,243,14.1,14.7
11.6,240,13.8,14.6
13.1,240,14.8,14.7
12.5,243,14.3,14.7
11.8,243,13.4,14.8
11.4,237,13.3,14.8
11.6,237,13.3,14.8
11.7,238,13.6,14.8
12.3,237,14.4,14.6
12,239,14,14.8
12.2,239,14.2,14.7
12.6,235,14.5,14.7
13.3,239,15.3,14.7
12.2,236,13.9,14.7
12.1,235,13.5,14.7
11.9,239,13.7,14.6
12.3,239,14.4,14.6
11.8,242,13.9,14.6
12.3,237,14.1,14.6
12.6,237,14.4,14.6
11.9,237,13.9,14.5
9.3,227,11.2,14.6
9.1,225,10.9,14.7
12,232,14.1,14.7
12.6,233,13.8,14.9
13.3,228,15.4,14.8
12.8,231,15.4,14.9
14.1,237,16.2,15
12.6,242,15.6,14.9
13.1,244,16.2,15
12,247,14.5,15.1
11.9,248,14.4,15
11.2,247,13.8,15.1
11.1,251,12.8,15.2
10.9,256,14,15.3
10.7,256,12.7,15.4
12.1,255,14.6,15.5
11.6,254,14.5,15.6
10.7,252,12.6,15.6
10.4,251,12.5,15.8
10.4,252,13.4,15.9
12.2,249,15.6,16
11.7,245,14.6,16
10.5,235,12.9,15.8
10.7,232,12.2,15.9
11.9,234,14.2,15.7
12.6,237,14.6,15.7
13.4,229,14.7,15.6
13,230,14.4,15.6
13.1,227,15.4,15.6
12.6,227,15,15.7
12.7,230,14.6,15.7
14.2,233,17,15.7
13.7,232,15.7,15.8
12.4,235,15.1,15.9
9.7,245,12.1,16.1
12.3,259,14.4,16.4
14,258,16.7,16.4
14.4,255,17.2,16.4
14.4,248,17.6,16.4
14.6,252,17.2,16.3
15.6,251,17.9,16.3
14.6,252,17.7,16.4
14.5,251,16.7,16.4
14.1,248,16.8,16.4
14.2,233,16.5,16.2
15.2,233,17.2,15.9
15.6,228,18,15.9
16.3,229,18.5,15.9
15.5,233,17.5,16.2
17.1,231,20.3,16
17.7,236,20.4,15.8
17.1,240,20,15.8
15.8,245,18.9,15.9
15.4,243,18.4,15.8
15.1,237,18.2,15.8
14.9,237,18.1,15.8
15,241,17.5,15.9
13.3,242,16.8,16
14.8,241,17.4,15.9
14,241,16.6,16
14.8,251,19.2,16.1
14.6,250,17.8,16.1
13.2,246,16.7,16
15.2,247,17.7,16
14.4,253,17.9,16.1
13.7,245,17.7,15.9
14.3,243,17,15.8
14.4,251,17.9,15.7
13.2,249,16.7,15.7
12.9,245,15.8,15.7
13.4,251,16.6,15.8
13.1,253,15.6,15.7
13.4,254,16.5,15.8
12.7,248,15,15.8
11.7,256,14.2,15.8
11.7,248,14.6,15.9
13.7,248,16.4,15.8
12.1,251,15.6,15.8
11.2,260,13.3,16
12.9,247,15.9,15.7
13.4,247,16.6,15.8
12.7,248,16.1,15.9
13.3,246,16.7,15.9
13.8,252,15.9,15.9
13.6,247,16.4,15.9
13.5,256,15.4,16
12.5,250,15.3,16.3
13.5,250,15.3,16
11,241,13.6,16.1
9.9,250,12.6,16.3
10.5,231,13.6,16.1
11.2,238,14.2,16.3
12.6,225,14.4,16
13,226,15.1,16
14.3,228,15.8,16
14.2,226,16.5,16.1
15.4,235,17,16
15.7,235,17.2,16.1
16.5,235,18.3,15.9
16.2,233,17.9,15.9
16.8,234,18.6,15.8
17.5,235,19.5,15.8
16.9,234,19,15.8
16.7,234,18.9,15.7
16.6,233,19,15.8
17,233,19,15.6
16.7,233,19.7,15.8
15.3,233,17.4,15.9
15.8,234,18.2,15.7
16.6,237,19.3,15.8
17.4,238,20,15.7
16.5,239,19,15.8
16.6,240,18.5,16
17.4,242,19.6,15.8
16.8,244,19.1,15.9
16.6,242,19.8,15.9
17.9,241,20,15.6
17.4,238,19.7,15.7
16.6,238,18.9,15.7
15.4,234,17.8,15.8
13.8,237,16.2,15.7
13.7,235,15.6,15.6
14.1,241,16.1,15.8
13.1,241,16,15.9
12.3,242,14.1,15.9
12.1,246,14.2,16.2
12.2,248,14.7,16.3
12.2,253,14.9,16.4
10.6,246,12.5,16.4
10.9,246,12.8,16.3
10.6,248,12.9,16.4
11.5,252,14.3,16.5
11,250,13,16.5
9.3,253,11.8,16.5
10.3,256,13.2,16.6
9.2,249,11.2,16.5
7.9,245,10.1,16.4
8.4,240,10.8,16.5
8.8,237,10.6,16.2
8.7,246,10.9,16.3
8.3,241,10,16.2
9.8,246,11.7,16.2
10.7,247,13,16.2
11.2,255,13.6,16.2
11.8,258,13.7,16.1
11,259,13.3,16.1
11.8,262,13.6,15.9
10.8,256,12.3,15.9
10.8,256,12.6,15.9
9.8,257,11.9,15.8
7.6,255,10.5,15.8
5.9,246,8.5,15.8
5.1,233,7.2,15.7
3.2,176,6.3,15.7
3.4,205,5.1,15.7
2.6,179,4.6,15.6
2.8,196,4,15.6
2.8,229,4.2,15.6
3,246,4,15.8
2.2,282,3.3,15.7
3.5,282,6,15.7
4.8,278,6.1,15.8
4.3,266,6,15.8
4.3,277,6.5,15.8
6.3,277,7.8,15.9
5.8,282,7,15.9
6,288,6.9,15.9
5.9,287,7.3,15.9
5.2,296,6.8,15.9
3.9,291,5.1,15.8
5.1,290,6.4,15.8
5.7,290,7.1,15.9
4.6,291,5.9,15.8
4.6,294,5.5,15.8
4.8,293,6.6,15.7
4.3,288,4.8,15.8
3.6,322,5,15.6
3.1,299,3.9,15.6
3.7,304,4.5,15.6
4.3,289,5,15.5
4.4,299,5,15.4
3.6,291,4.2,15.6
3.3,292,4.1,15.5
4,302,5.6,15.5
4.3,307,6.1,15.4
4.9,313,5.6,15.3
5.3,310,7.1,15
5.9,315,6.8,15
5.9,305,6.5,15.1
5.9,308,7,15.2
5.5,310,6.6,15.2
4.9,312,5.9,15.1
4.8,310,5.6,14.9
5,307,6.8,14.8
4.9,304,6,14.7
6,308,7.8,14.7
6.3,307,7.8,14.6
6.5,307,7.5,14.6
6.8,301,8.4,14.6
6.5,305,8.1,14.6
6,305,7.4,14.5
6.4,309,7.8,14.4
6.2,311,8.3,14.3
5.8,320,7.2,14.3
6.6,310,7.8,14.2
5.8,311,7.5,13.9
5.9,307,7.3,14
5.1,309,6.5,14
6.5,304,10.6,14.1
5.4,308,7.9,14.1
4.6,314,7.5,14
4.8,313,6.6,14
5.5,310,6.9,13.9
5.3,305,6.9,13.7
4.9,306,5.9,13.7
5.1,303,7.1,13.7
5.5,307,6.4,13.6
5.3,312,6.3,13.6
5.9,314,6.7,13.5
6,314,7.3,13.4
5.6,312,6.6,13.2
5.4,311,6.1,13.2
5.7,307,6.7,13.3
5.5,306,6.6,13.3
5.4,302,6.6,13.3
6.3,301,7.8,13.3
6.2,303,7.6,13.2
5.6,305,6.7,13.1
5.1,305,6.2,12.9
5.9,300,7,13
6.1,300,7.2,13
6.3,301,7.3,13
6.3,301,7.3,12.9
5.9,302,7.1,12.9
6,305,7.8,12.9
5.5,306,7,12.9
5.4,305,7.3,12.8
5.3,303,6.4,12.7
5.5,303,6.8,12.7
5.8,308,7,12.7
5.9,310,7.5,12.6
5.9,311,7.5,12.5
5,310,6.6,12.5
4.3,312,6.1,12.4
4.2,311,5.6,12.4
4.4,310,6.3,12.3
6.1,311,7.2,12.2
6.4,310,8.1,12.2
6,310,7.6,12.3
5.7,318,7.4,12.3
5.6,317,6.8,12.2
5.2,315,6.6,12.3
4.6,314,5.7,12.3
4.5,314,6.7,12.3
3.8,316,5.4,12.3
4.4,318,5.9,12.4
4.5,318,6.2,12.4
4.4,314,5.4,12.4
4.7,312,5.8,12.4
5.4,314,6.8,12.5
6.2,312,7.3,12.5
6.2,314,7.6,12.5
6.3,310,7.4,12.6
6.5,306,7.8,12.6
5.6,304,6.9,12.6
5.2,302,6,12.7
5.9,309,6.9,12.7
6.2,308,7.4,12.9
6.3,311,7.2,12.8
5.5,311,6.3,13
5.5,313,6.1,13.1
4.7,315,5.6,13.2
4.3,316,5.1,13.3
4.4,322,4.9,13.3
4.5,319,5.2,13.5
4.4,318,5.6,13.6
3.6,325,4.4,13.8
3.2,319,4.4,14
3.2,321,4.4,14.1
2.5,317,3.2,14.4
2.3,313,4.3,14.5
1.6,309,4.5,14.7
2.3,288,4.4,14.7
2.4,298,4.5,14.9
3.4,274,4.9,14.9
3.1,276,4.1,15
2.6,289,4.2,15.2
2.2,335,3.4,15.9
2.1,342,2.8,16.1
1.4,351,1.9,16.5
0.9,10,2.3,16.8
0,1,0.3,17.3
0.5,1,1.8,17.7
0.1,294,1.2,17.9
1.3,217,1.9,16.7
2,227,3.1,16.3
2.1,240,2.7,16.2
1.9,255,2.3,16.2
2.2,263,3.1,16.3
2.7,270,3.3,16.4
2.4,262,3,16.6
3,260,4.2,16.6
4,243,4.6,16.4
3.7,241,4.3,16.5
3.9,237,6.3,16.6
5.3,227,6.6,16.5
5.5,241,6.4,16.5
5.2,229,6.7,16.4
8.1,202,9.5,16.3
7.3,212,8.9,16.2
6.4,219,7.6,16.6
6.9,229,8.1,16.4
7,233,8.4,16.3
7,237,7.7,16.4
7,232,8.6,16.4
6.7,232,8,16.5
6.7,238,7.5,16.4
6.7,231,7.6,16.5
5.7,228,6.7,16.7
5.7,227,6.6,16.8
6.5,230,7.3,16.6
6.4,221,7.5,16.7
6.7,217,8.1,16.8
6.9,221,8.2,16.8
7.9,213,8.8,16.8
7.9,216,8.7,16.6
7.7,215,8.7,16.7
7.4,214,8.3,16.8
7.8,218,9,16.8
7.7,215,8.8,16.9
7.6,212,8.6,17
7.8,211,9.2,17
7.2,216,8.3,16.9
7.4,213,8.5,17
7.6,213,9.4,16.9
8.1,214,9.4,16.9
7.2,214,8.9,16.8
8.5,211,10,16.8
8.6,209,10.5,16.8
9.3,203,11.6,16.9
8.9,203,10.5,16.9
9.2,202,11.2,17
9.8,199,11.1,17
9.8,186,12.2,17
8.7,181,10.6,17
9.5,181,11.1,17
9.6,181,11.8,17
9.1,187,11.2,17
8.9,192,10.8,17.1
8.9,184,10.8,17
8.3,181,10,17
8,183,10.4,17.1
8.9,182,10.9,17.1
8.4,188,10.6,17.1
8,182,10.4,17.3
9.3,180,11,17.1
8.8,180,10.2,17.1
8.6,181,10.8,17.1
8.7,183,10.4,17.1
7.4,183,8.9,17.3
8.2,185,9.9,17.1
7.9,190,9.6,17.1
7.5,183,8.9,17.1
7.5,180,9.8,17.2
7.3,188,9.2,17.1
6.8,179,9.3,17.4
7.8,191,9.4,17.3
8,186,9.5,17.4
7,190,8.7,17.5
7.3,195,9.1,17.5
8.1,190,10.5,17.5
8.5,193,10.4,17.5
9,192,11,17.3
8.3,188,10.4,17.5
8.3,186,10.1,17.3
7.7,184,10.4,17.3
7.9,190,8.9,17.1
7.8,187,9.3,17.1
7.2,190,8.5,17.1
6.6,185,7.9,17.2
7.4,192,9.4,17.2
7.4,196,9,16.9
6.4,195,7.8,17
6.3,195,8.7,17.2
6.6,194,8.3,17.2
6.5,185,8.3,17.2
5.5,187,7.3,17.2
6.1,192,8,17.3
5.5,191,7.4,17.4
4.9,183,7,17.5
4.9,172,8.6,17.6
4.7,171,7.2,17.5
5.6,176,6.7,17.5
6.1,183,7.8,17.3
6.4,194,9,17.2
6.6,195,8.2,17.1
6.3,186,7.5,17.2
6.1,194,7.9,17.1
6.2,204,8.2,17.1
5.8,198,7.4,17.1
5.9,196,6.9,17.1
5.1,187,6.8,17.2
5.4,190,7.3,17.1
5.9,196,7.2,17.1
5.7,189,7.6,17.3
5.4,181,7.4,17.3
4.9,190,6.4,17.4
5.7,181,7.7,17.4
5.4,175,7.9,17.4
5.3,173,7.2,17.5
5,179,6.1,17.5
4.4,174,6,17.6
4.5,165,5.8,17.6
4.2,157,6.2,17.6
4.1,150,5.7,17.6
7.3,113,9.1,17.5
6.7,121,8.1,17.4
5.9,122,7.9,17.5
6.9,109,9.1,17.4
7,122,8.6,17.2
5.7,127,7.5,17.3
5.8,107,8,17.2
6.9,112,8.7,17
6.3,120,7.9,17
5,112,6.8,17
5.4,110,6.5,16.9
5.9,123,7.3,16.8
5.7,102,7,16.8
6.3,101,7.8,16.6
6.1,105,7.5,16.5
6.1,114,7.7,16.5
5.9,117,7.2,16.4
5.3,124,6.7,16.4
5.1,126,6.2,16.3
4.7,124,6,16.2
4.2,120,5.4,16.1
4.7,122,5.7,16
4.6,122,5.8,15.9
4.7,125,6.1,15.8
4.4,120,5.5,15.7
4.4,121,5.5,15.5
3.8,124,4.9,15.4
3.8,123,5.2,15.3
3.9,123,4.9,15.2
3.7,120,4.6,15
3.5,120,4.9,14.9
3.9,113,4.8,14.7
3.7,111,4.3,14.5
3.7,108,4.5,14.5
4.1,107,5.1,14.4
4,102,4.9,14.3
4.6,98,5.4,14.2
4.2,96,4.8,14.3
4.4,90,5.4,14.2
4.5,86,5.2,14.1
3.9,83,4.6,14.1
4.3,76,5.2,14.2
3.9,72,4.9,14.3
3.6,79,4.7,14.4
3.4,86,4.5,14.4
2.6,84,3.2,14.4
2.8,76,3.6,14.5
2.7,72,3.5,14.6
3.3,75,4.3,14.6
3.2,83,4.5,14.6
2.5,94,3.2,14.6
2.5,101,3.3,14.6
1.7,119,2.6,14.6
0.7,106,1.3,14.5
0.6,176,1.5,14.6
0.3,116,1.1,14.6
1.1,50,2.1,14.5
1.9,53,2.6,14.5
1.6,62,2.6,14.6
1,49,2,14.6
0.6,100,1.4,14.7
0.4,129,1.6,14.6
0.3,97,1.2,14.6
0,0,0,14.5
0,71,0,14.4
0.1,58,0.9,14.4
0.2,56,0.8,14.4
0.6,19,2,14.4
1.6,24,2.3,14.4
1.2,45,2.1,14.6
1.7,50,2.5,14.6
1.6,67,2.3,14.5
1.6,52,2.2,14.4
1.8,55,2.2,14.4
1.3,55,2,14.4
1.7,72,2.1,14.5
1.8,63,2.5,14.4
1.9,65,2.6,14.3
2,65,2.6,14.4
2.2,62,2.8,14.3
2.5,63,3.1,14.4
2.5,64,2.9,14.3
2.5,54,3.1,14.3
2.3,45,3.4,14.3
3.4,24,4.1,14
3.7,28,4.2,14
3.1,26,3.6,14
3,28,3.5,13.9
2.5,17,3.1,13.9
2.2,10,2.8,13.7
2.2,22,2.6,13.8
1.9,28,2.3,13.8
2,37,2.8,13.9
2,24,2.7,14
1.9,19,2.8,13.8
2.7,25,3,14
2.6,19,3.2,13.9
2.9,25,3.7,13.9
3.2,19,3.6,13.6
3.9,12,4.4,13.4
3.1,9,3.8,13.4
2.8,6,3.3,13.4
2.8,2,3.5,13.4
3.4,5,3.8,13.4
3.1,358,3.5,13.3
2.8,353,3.6,13.3
2.2,340,2.9,13.1
2.1,338,2.7,13
2.1,339,2.9,13
2.5,341,3.2,13
2.2,347,2.8,13
2.1,351,2.8,12.9
2,352,2.8,13
2.1,349,2.8,13.1
2.4,344,3,13.2
2.7,353,3.3,13.1
2.6,10,3.2,13.1
2.5,17,3,13.1
2.6,9,3.1,13.1
2.6,13,3.1,12.9
2.7,12,3.3,12.9
2.5,8,3.2,12.9
2.6,7,3.5,12.9
3.1,13,3.7,13
3.3,5,3.7,13.1
3.3,16,3.8,13.1
3.2,23,3.7,13.1
3.3,32,4,13.2
3.7,53,4.6,13.4
3.9,57,4.8,13.4
3.9,63,4.6,13.5
3.1,64,3.7,13.6
3.4,73,4.9,13.5
4.2,70,5.2,13.6
4.1,72,4.8,13.7
3.6,72,4.7,13.9
3.4,72,4.2,14
2.5,68,3.7,14.2
1.2,48,2.5,14.5
1.2,37,2.1,14.8
2.4,41,3.6,14.8
2.6,49,3.5,14.8
2.9,56,3.7,14.9
2.9,69,3.6,15
3.1,71,3.7,15.1
3.2,79,4.1,15.3
3,93,4.1,15.5
3.7,109,5.1,15.7
4.4,102,5.5,15.7
4.2,98,5.4,15.8
4.6,104,6.8,15.8
5,99,6.4,15.9
5.1,104,7.2,15.9
5,103,6.5,15.9
4.4,108,6.1,16.1
3.5,118,5.3,16.1
3.4,122,5.5,16.2
4,109,6.3,16.3
3.6,111,5.6,16.5
4,113,5.4,16.6
3.6,112,5,16.7
4.5,117,6.1,16.8
3.7,113,5.6,16.9
3.4,139,4.8,17
3,112,4,17.1
3.6,121,5.2,17.2
3.2,110,5.4,17.4
4,114,6,17.3
2.3,111,3.9,17.6
2.7,140,4.6,17.6
1.4,110,2.7,17.9
1.5,116,3.5,18.1
2.3,121,4.4,18.1
2.8,112,4.2,18
2.5,121,4.5,18.2
3.1,152,4.2,18.2
1.8,185,3,18.3
0.2,178,1.5,18.4
0.9,181,2.8,18.6
0.5,119,1.7,19
1.5,149,3.2,19
1.5,214,2.9,18.6
1.9,262,2.7,18.3
2.3,261,2.8,18.3
2.4,262,3.1,18.4
1.9,264,3.2,18.5
3.2,227,4.3,18.6
3.7,216,5.5,18.5
4.6,222,6.4,18.5
5.7,228,6.9,18.4
6.1,222,7,18.5
6.3,222,7.7,18.4
6.8,222,7.5,18.4
7,223,7.7,18.4
7.1,221,8,18.3
7.1,221,8.1,18.3
7.3,220,8.2,18.2
7.3,219,8.3,18.1
7.3,216,8.2,18
6.7,213,7.7,18
6.9,215,7.9,18
7,216,7.9,18
7.4,214,8.1,18
6.9,214,8,18.1
6.8,214,8.1,18
7.2,212,8.3,18
6.9,212,7.8,17.9
6.8,212,8,18
6.1,216,6.9,18
6.3,217,7.3,18
6.7,217,7.5,17.9
6.6,214,7.3,17.9
7.1,213,7.8,18
7.3,210,7.9,17.9
6.9,212,7.7,17.9
6.9,213,7.4,17.9
6.8,212,7.6,17.9
6.5,215,7.1,17.9
5.9,229,6.8,18
5.7,233,6.7,17.9
5.3,220,6.6,17.9
5.8,214,6.5,18
5.9,218,6.9,18.1
6.1,212,6.7,18.2
6.8,208,7.4,18.3
6.8,209,7.6,18.4
6.6,214,7.5,18.3
5.4,222,6.6,18.5
5.8,227,6.8,18.4
5.5,227,7.3,18.4
5.5,223,6.4,18.5
6,224,6.9,18.6
5.5,217,6.8,18.7
6.4,215,6.9,18.8
6.4,233,7.7,18.5
7.2,239,8,18.2
6.8,233,7.9,18.3
6.8,226,8,18.5
6.7,219,7.4,18.8
7,213,8,18.8
6.8,210,7.6,18.9
6.8,212,7.6,19
6.8,212,7.6,19.2
6.2,217,7,19.3
6.4,221,7.3,19.5
6.7,231,7.9,19.1
7.3,233,8.3,19
6.8,234,7.6,19
5.9,235,6.9,19.1
6.3,233,7.2,19.2
6.7,237,7.8,19.2
6.4,240,7.2,19.2
6.3,240,7.1,19.4
7.1,245,8.2,19.3
7.3,249,8.1,18.9
6.9,246,7.8,18.8
6.3,242,7.1,18.9
6.4,242,7.3,18.9
6.9,236,7.6,18.9
7,233,7.8,18.9
7.3,231,8.1,19
7.4,229,8.2,19.1
7.2,229,7.9,19.4
7.1,234,7.9,19.4
7.5,234,8.2,19.3
7.9,234,8.8,19.4
8.2,233,9.1,19.5
8.3,232,9.2,19.8
8.3,236,9.1,19.8
7.9,236,9.1,19.8
8.2,235,8.8,19.8
8,232,8.9,19.8
7.8,234,8.5,19.9
7.7,235,8.5,20
7.7,231,8.5,20
7.7,229,8.5,20.1
7.5,226,8.5,20.1
7.7,228,8.5,20
6.6,226,7.3,20
6.6,229,7.3,20.1
7,233,7.9,20
7.6,230,8.4,19.8
7.1,226,8.1,19.7
6.4,224,7.3,19.8
6,225,6.9,20
5.9,225,6.5,20.1
5.8,227,6.5,20.2
5.2,231,6,20.3
5.2,229,5.9,20.3
4.9,227,5.5,20.4
5,227,5.5,20.5
5,227,5.5,20.4
5.6,221,6.6,20.2
5.5,220,6.5,19.9
5.3,219,5.8,19.9
5.1,218,5.9,20
4.7,219,5.1,20.2
4.1,222,5,20.3
3.2,217,3.9,20.3
2.8,214,3.3,20.3
2.9,199,3.2,20.5
3,188,3.7,20.6
3.1,187,3.5,20.7
3.1,193,3.5,20.7
3.1,193,3.4,20.6
3,190,3.5,20.6
2.7,204,3,20.4
3.3,209,3.6,19.9
3.5,202,3.8,19.6
3.6,191,3.9,19.5
3.1,175,3.7,19.4
2.9,174,3.2,19.3
2.6,181,3.4,19.2
3,202,3.6,19
3.3,208,3.7,18.8
2.9,208,3.2,18.8
2.5,201,2.8,18.7
2.1,229,3.1,18.8
1.9,276,3.2,19.3
0.7,297,1.3,19.3
1.1,327,1.4,19.2
0.2,330,0.9,19.1
0,330,0.5,19
0.1,330,0.6,18.8
0.3,330,1,18.7
0.2,330,1,18.6
0,0,0,18.5
0,0,0,18.6
0,0,0,18.6
0,0,0,18.2
0,0,0,18.3
0.3,333,0.9,18.1
0.1,334,0.5,18.1
0,334,0.1,18
1.1,38,1.9,17.9
1.5,88,2,18
1.2,92,1.6,17.9
0.2,89,0.8,17.7
1.2,80,2.1,17.7
2.1,92,2.7,17.6
2.9,103,3.5,17.3
3.9,108,4.8,17.1
4.6,107,5.5,16.9
2.4,101,3.6,16.9
1.3,101,3,17
0,0,0,17
0.1,89,0.9,17
1.3,51,2.1,17
2.8,65,3.6,17.1
3,78,3.5,17.1
2.2,94,3,17
2.1,95,2.8,17
1.1,91,1.8,17
2.3,98,3,16.9
2.2,82,2.8,17
1.5,74,2,17
1.8,88,2.3,16.8
1.5,82,2,16.7
2.2,81,2.6,16.7
2.6,78,3,16.5
3,80,3.7,16.3
3,86,3.5,16.3
2.7,92,3.3,16.2
2.5,96,3.4,16.2
2,107,2.3,16.2
3.1,111,3.8,16.3
2.5,113,3.2,16.4
1.3,103,2,16.3
2.4,32,3.7,16.3
3.1,42,3.8,16.5
3.7,26,4.6,16.3
3.4,33,4.1,16.3
3.5,20,4.3,16.1
4.1,25,4.6,16
3.5,40,4.2,16
2.8,57,3.2,16
2.8,64,3.2,16
2.2,75,3.2,15.9
1.4,78,1.8,15.8
1.2,72,1.7,15.8
1.4,80,1.9,15.7
1.4,83,1.9,15.8
1.2,78,1.9,15.9
1.6,58,2.4,16.1
1.8,43,2.2,16.2
2,25,2.7,16.3
2.5,23,3,16.2
2.9,31,3.6,16
3.5,33,4.1,15.8
3.7,22,4.1,15.8
3.8,14,4.4,15.5
3.6,15,4,15.3
4,32,4.7,15.3
2.8,35,3.7,15.6
2.5,36,2.8,15.6
2.5,50,3,15.9
2.5,62,3.4,15.6
2.6,51,3.4,15.6
2,38,2.8,15.6
2.3,17,2.8,15.4
2.9,19,3.5,15.4
4,13,4.9,15.1
3.4,21,4.5,14.9
3,19,3.5,15
3.2,23,4,15
3.4,23,4,14.9
3.5,23,4.2,14.9
3.4,19,4.1,14.8
2.8,17,3.2,14.8
2.9,6,3.7,14.7
3.3,9,3.8,14.8
3.1,4,3.7,15
2.9,4,3.4,15.1
2.7,12,3.4,15.1
2.8,15,3.4,15
2.6,10,3.3,15
2.3,14,3,15
1.4,3,2.3,15.2
2.1,330,3,14.9
3.3,349,4.1,15
3.1,5,4,15.2
3.3,356,4,15.3
2.7,339,3.6,15.4
2.5,338,3.3,15.4
2.3,353,2.9,15.9
3,358,4.3,16.2
4,351,4.6,16.3
3.2,317,4.1,15.9
3.6,325,4.5,16
2.7,332,4,16.3
3.1,4,3.7,16.8
3.8,15,4.8,16.8
3.8,22,4.6,16.8
3.1,24,4,16.9
1.7,19,2.5,17.1
1.9,4,2.4,17.4
1.9,22,2.8,17.6
2.1,22,2.6,17.6
2.5,42,3.2,17.5
2.4,49,3.3,17.5
1.9,45,2.8,17.6
1.9,33,3.3,17.8
2,17,2.6,18.3
2,20,2.8,18.6
2.1,4,2.9,19
1.1,7,2.2,19.5
0.3,2,1.3,20
0,356,0.3,19.7
0.4,318,1.6,19.1
1.2,6,4.2,19.6
4.3,40,5.7,20.1
4.1,13,6.4,20.3
3.5,353,4.9,20.4
4.4,353,5.2,20.5
3.6,351,4.5,20.6
2.6,7,5.1,20.9
6.4,30,8.5,21.2
6.7,31,8,21.3
6.5,25,8.1,21.4
6.3,28,8.1,21.5
6.3,27,8.4,21.7
6.6,33,9.4,21.8
9.1,37,11.1,21.9
7.3,42,9.7,21.9
8.3,28,10.8,21.9
7.8,27,9.6,22.1
8.5,36,11,22.2
9.2,38,11.5,22
9.2,39,12.6,22.2
8,44,10.1,22
8.5,49,11.5,22.1
7.5,39,10.8,21.9
8.8,36,13.9,22.3
8.1,33,12.8,22.2
7.5,30,9.5,22.4
7.3,40,9,22.2
7,24,8.8,22.8
7.8,40,10.4,22.6
6.8,54,10.1,22.5
6.7,50,10.7,22.9
4.6,50,7.7,23
5.3,17,7.8,22.8
8.1,44,10.5,22.9
4.7,56,6.2,23
5.3,51,7,22.9
7.1,74,10.3,23.2
5,80,7.1,23.3
5.5,71,8.4,23
5.6,63,7.2,23
4.9,66,7.9,23.5
6.9,86,10.6,23.7
2.8,51,4.7,23.6
4.9,92,9.5,23.9
5,65,8.7,23.9
4.9,67,6.8,23.8
4.7,55,6.7,23.8
6.5,74,10.6,24.1
3.8,54,5.4,24.1
4.9,92,8.1,24.1
7.3,50,10.4,23.8
6.4,26,7.9,24.5
6,49,8.1,24.2
5.6,60,8.4,24.3
3.7,82,5.6,24.3
2.3,45,5.4,24.5
2,298,3.3,23.4
2.3,203,4.3,22.9
1.8,269,3.6,22.7
5,234,7.9,21.8
9,235,10.9,22.8
5.2,241,8.6,22.4
5.7,222,8.7,22.3
8.8,228,9.6,23
8.9,230,10.3,22.8
6.2,235,8.9,23.2
5.4,226,7.2,23.1
8.6,225,9.5,22.3
9,219,11,23
7.3,223,8.8,23.2
5.9,222,6.9,22.9
5.6,214,6.6,22.4
7.8,180,9.8,23.5
7.1,178,8.7,23.6
7.8,183,9,23.5
8.2,173,9.6,23.6
7.8,184,9.8,23.7
8.3,183,9.9,23.8
8.4,186,10.1,23.6
8.9,182,10.9,23.6
8.3,182,10.3,23.2
8.5,183,10.7,23
8.5,170,11.3,22.9
7.9,174,10.5,23.2
9.3,169,11.6,23.3
10.6,164,12.6,23.4
9.6,166,12.9,23.2
10.5,166,12.5,23
9.4,170,11.7,22.9
9.1,168,11.9,22.8
8.6,168,10.8,22.8
8.9,176,10.6,22.6
9.4,177,11.1,22.5
8.6,176,11.2,22.5
8.7,182,10.5,22.4
8.9,169,13.9,22.7
11.7,145,14,22.6
9.7,132,12.1,22.4
9.5,131,13,22.4
10.1,129,13,22.4
10.7,138,12.6,22.3
10,141,12.5,22.2
10.2,139,12.7,22.2
10.3,142,12.2,22.2
10.8,144,13.1,22.2
9.8,145,13.3,22.2
9.5,142,12.1,22.2
10.2,141,12.5,22.2
11.3,142,13.1,22
10.5,143,13.3,22
9.9,147,11.9,21.8
10,146,12.6,21.7
9.9,142,13.5,21.6
9.6,145,11.2,21.6
10.1,142,12.3,21.5
8.4,141,10.1,21.5
8,131,10.1,21.4
7.6,131,9.7,21.5
8.1,119,10.1,21.3
7.9,119,9.7,21.3
8,116,9.6,21.2
8.5,125,11.4,21.2
8,126,10.2,21.2
8.5,132,10.4,21.1
6.3,130,7.6,21.2
5.7,132,7.7,21.1
4.9,137,6.6,21.2
3.9,126,5.5,21.1
3.7,114,4.6,21.1
4.2,127,5.2,21
3.7,125,5.2,20.9
3.3,124,4.8,20.9
3.2,133,4.3,20.9
3.2,126,4.6,20.8
3.3,125,4.2,20.7
3.1,129,3.9,20.7
2.9,127,3.9,20.7
2.1,146,3.4,20.6
3,150,4.2,20.5
3.3,157,4.3,20.3
3.5,162,4.3,20.1
3.5,158,4.5,19.9
3.7,152,4.9,19.9
3.4,163,4.1,19.7
2.8,164,3.5,19.6
3,163,3.7,19.5
2.9,166,3.6,19.4
2.1,166,2.7,19.3
2.5,162,3,19.2
2.8,152,3.5,19.1
1.8,165,3.1,19
2.3,142,3.7,19
1.3,133,4,18.9
2.4,97,5.1,18.8
1.2,94,2.8,18.8
0,0,0,18.8
0.7,133,2.3,18.8
0,0,0,18.6
0,132,0.1,18.7
1.2,303,2.3,18.8
1.2,302,2,18.9
1,308,1.8,18.9
1.2,323,1.6,18.8
2.3,340,3.2,18.8
2.2,24,2.9,18.9
3.2,1,5.4,18.9
3.7,1,4.4,18.8
3.2,13,3.8,18.7
3.7,0,4.2,18.7
3.7,5,4.5,18.5
3.6,4,4,18.4
3.1,18,3.8,18.5
2.9,28,4.4,18.5
2.6,46,3.4,18.5
3.4,42,4.1,18.6
4.4,50,5,18.8
5.7,42,7.5,19
6.7,47,7.7,19
6.8,47,8,19
7.1,46,7.9,19
6.7,45,7.5,18.8
6.4,48,8,18.9
6.6,53,8.6,19.1
7,61,8.7,19
8.7,62,10.6,19
8.9,62,10.5,18.9
9.3,64,10.9,18.9
8.6,71,10.9,18.8
7.4,72,9.2,18.6
7,68,8,18.5
6.7,69,8,18.4
7.7,68,8.9,18.4
8.1,69,9.8,18.4
8.3,68,10.1,18.4
8.6,65,10.7,18.4
8.2,65,10.2,18.4
6.6,61,8.7,18.3
5.2,58,6.3,18.2
4.2,43,5.6,18.2
5,41,6.2,18.3
6,43,7.9,18.3
4.4,37,6.4,18
4.8,17,5.8,17.6
4.9,20,6,17.5
4.8,25,5.8,17.5
4.5,24,5.2,17.4
4.7,25,5.6,17.4
5.4,25,6.3,17.3
5.3,28,6.4,17.3
5.8,30,7,17.3
6.2,32,7.9,17.4
5.2,30,7,17.2
5.2,28,6,17
5.5,29,6.4,17
5.7,32,7.3,17
5.8,29,6.8,17
5.5,34,7.1,16.9
5.8,37,7.2,17
6.4,39,7.8,17
6.7,41,7.7,17.1
7.3,38,8.8,17.2
6.8,30,8.9,16.9
5.7,24,7.1,16.6
5.4,27,7,16.5
5.8,26,6.9,16.5
5.9,30,7.1,16.7
5.8,40,6.9,16.9
5.8,48,7.4,17.2
5.1,35,6.9,16.8
5.5,26,6.8,16.5
5.1,30,6.1,16.4
5.1,42,6.2,16.7
6.3,61,7.5,16.7
5.9,65,8.2,16.6
5.3,68,7.5,16.5
6.7,62,9.3,16.8
6.2,64,9.2,16.7
8.8,51,10.1,16.8
8.7,54,10.7,16.7
9.1,54,10.6,16.6
9.8,53,11.9,16.6
10.7,52,12.5,16.5
10.8,52,12.6,16.5
10.2,50,12.2,16.4
10.4,49,12.3,16.4
10.4,50,12,16.3
9.5,46,12.2,16.2
8.2,39,10.5,16.2
7.6,31,9.1,16
7.4,27,9.1,15.8
8.2,29,11.4,15.7
8.7,32,10.9,15.7
9,35,11.4,15.9
9.2,36,11,15.9
9.9,35,11.9,15.9
10.4,36,12.8,16
10.1,36,12.2,16
9.6,35,11.7,16.1
9.6,34,11.9,16.1
9.3,35,12.3,16.2
8.2,34,10.1,16.3
7.5,27,9.5,16.2
7.3,24,11,16.4
7.7,25,9.8,16.4
8.7,36,12.1,16.5
11,45,15.1,16.6
13,45,17.3,16.5
13.8,44,16.6,16.6
14.1,41,17,16.6
15.5,43,19,16.6
15.3,43,18.9,16.6
16.3,43,19.6,16.7
16.6,42,20.9,16.6
16.5,41,19.5,16.7
16.2,42,18.8,16.7
16.1,39,19.4,16.8
15.4,39,18.4,16.8
15.8,39,17.8,16.9
14.2,41,17.3,17
14,45,17.6,17.1
13.7,44,16.3,17.2
13.2,46,15.3,17.4
12,49,14.5,17.4
13.6,43,17.2,17.7
12.1,45,15,17.7
12,40,14.9,17.9
12.5,46,15.4,18
13,45,15.7,18.1
13,43,15.7,18.3
13.4,44,16,18.4
13.5,42,16.4,18.6
13.6,41,16.3,18.6
13.1,39,16.3,18.7
13.5,41,15.8,18.8
13.7,38,16.8,19
13.6,36,16,19.1
14.4,33,16.8,19.2
15.3,35,17.4,19.3
14.2,33,16.6,19.4
15,33,17.7,19.5
15.4,33,17.8,19.5
15,36,17.2,19.6
14.6,34,17,19.7
13.8,31,16.3,19.8
14.8,32,18.4,20
14.1,42,16,20.1
12,43,15.5,20.2
12.5,48,15.7,20.4
13.3,37,16.2,20.5
12.9,39,15.5,20.7
13.1,49,16.4,20.8
12,51,15.3,20.9
11.1,46,15.1,21
13.3,49,17.2,21.3
14.6,50,18.7,21.4
15.8,58,19.5,21.5
15.8,55,19.5,21.6
15.9,51,19.4,21.7
16.8,45,19.7,21.6
15.1,50,18.4,21.9
14.5,51,17.5,21.8
14.5,52,18.8,21.9
14.3,51,17.2,21.9
14.1,51,17.6,22
14.5,54,18.5,22.2
14.1,67,16.8,22.3
12.6,52,15.9,22.2
14.8,39,17.7,22.2
14.6,42,18.6,22.4
13.7,41,17.7,22.5
14.1,45,16.9,22.4
11.9,43,14.9,22.6
12.6,57,18.8,22.7
11.6,47,14.3,22.6
12.6,59,16.4,22.9
11.8,53,15.3,22.8
13.6,71,17.3,23
12.8,68,18.7,23.3
13.7,74,17,23.2
13.1,54,18.5,23
14.2,55,18.1,23.1
15.3,54,19,23
14.3,64,18.4,23.5
13.2,63,16.8,23.3
16,47,20.1,23.2
12.6,49,18.7,23.2
13.4,57,18.5,23.3
14.1,48,18,23.5
12.2,44,16.5,23.4
12.3,58,16.9,23.7
13.9,60,18.5,23.7
14.6,58,17.2,23.7
13,59,19,23.7
14,44,19,23.7
13.6,61,16.5,23.9
14.8,63,18.6,23.7
13.6,50,16.3,23.9
13.9,56,16.9,23.9
14.6,46,18.7,23.7
13.3,50,16.8,24.1
15.2,54,18.5,24
14.3,64,17.4,24
14.3,64,17.1,24
13.9,62,15.9,24.1
13,62,16.9,24.2
13.9,58,17.4,24.2
13,50,19,24
13.8,55,18.8,24.1
14.9,58,18.6,24.3
14,59,17.9,24.2
15,50,19.2,24.2
15.9,44,18.8,24.2
14.9,52,18.9,24.3
14.4,42,18,24.4
15.9,43,19.4,24.2
14.7,48,20,24.5
15,66,22.9,24.6
16.6,61,19.1,24.4
15.4,56,19.5,24.5
14.3,64,19.1,24.8
17.1,72,19.8,24.7
13.4,70,17.3,24.8
15.7,71,20.6,25
17,69,20.6,24.9
15.5,73,20.1,25
15.2,71,18.5,24.9
15.4,64,18.5,24.8
15.6,63,19.2,24.9
16.2,65,21.2,24.9
15.6,65,22,24.7
13.3,61,17.3,24.8
13.1,63,17.9,25.1
12.4,67,15.5,24.9
15.4,71,20,25
14.9,67,20,24.9
15.2,60,21.6,25
13.4,71,17.3,25.1
13.2,77,17.7,25
12.2,81,18.7,24.9
12.6,86,15.5,24.9
11.1,87,14.8,24.9
12,84,16,24.9
13.1,79,17.6,25
10.9,86,13.7,24.9
11.6,75,15.6,24.9
13.3,84,18.6,24.9
12,92,14.9,24.8
11.1,88,16,24.8
10.1,88,13.3,24.8
11.8,94,15.8,24.7
12.4,84,16.7,24.7
14,88,19,24.5
13.2,86,15.6,24.5
12.6,85,17.7,24.4
14.4,83,18.5,24.4
13.1,81,17.6,24.3
12.4,83,18.3,24.2
11.5,85,17.4,24
12.7,86,15.9,23.9
12.7,83,17.3,23.9
11.8,83,14.4,23.7
10.6,82,14.9,23.7
11.9,87,15.9,23.5
11.7,86,16.5,23.5
10.6,83,13.5,23.3
11.9,79,15.2,23.3
13.2,77,16.9,23.3
11.4,74,16.3,23.1
13.6,80,18.7,23
14.4,72,18.2,22.8
13.9,77,17.8,22.7
13.8,71,18.2,22.5
11.5,74,15.2,22.4
10.4,72,14.4,22.3
11.8,77,16.7,22.1
11.8,74,15.5,22
12.2,74,15.9,21.8
9.8,74,14.1,21.6
10.7,76,13.8,21.5
10.4,72,13.3,21.4
10.3,72,13,21.3
10.5,70,14.4,21.2
9.9,70,13.1,21.1
10,68,12.7,20.9
7.4,69,9.3,20.7
6.8,70,9.2,20.5
8.1,71,10,20.5
7.8,73,9.5,20.4
7.6,75,9.5,20.3
6.6,76,8.9,20.1
5.5,78,6.9,20
6.4,79,8.9,19.8
6.9,80,8.5,19.7
6.7,84,8.2,19.6
7.3,79,9.2,19.6
7.4,75,9.4,19.5
8.5,76,13.8,19.3
12.3,72,16.1,19.3
12.8,71,16.3,19.1
13,72,16,19.1
12.4,72,15.3,19.1
13.8,67,17.8,19.1
14.3,64,17.8,19
13.8,62,17.2,18.9
14.5,60,17.5,18.8
15.2,60,18.6,18.8
14.3,59,18.2,18.7
14,59,17.6,18.6
13.4,55,15.9,18.6
14.2,53,17.2,18.5
13.7,55,17.8,18.4
12.7,54,16.6,18.4
14.1,51,18,18.3
11.1,50,14.7,18.3
12,52,15.1,18.2
12.1,54,16.2,18.1
12.4,54,15.6,18
12.8,60,16.2,17.9
11.5,57,13.6,17.9
12.4,59,17,17.9
13.8,56,16.6,17.9
12.1,58,15,17.8
12.9,60,16.4,17.8
11.6,61,15,17.8
12.3,56,16,17.7
11.4,57,14.7,17.7
11.3,56,13.3,17.7
12.1,57,15.5,17.7
12.4,58,16.7,17.6
11.7,59,15.3,17.6
12.6,54,16.2,17.5
11.5,52,14.7,17.5
11.5,53,14.6,17.5
10.6,48,12.9,17.4
10.6,46,13.4,17.4
11.8,39,16.4,17.4
11.7,38,15.5,17.3
11.8,37,15.1,17.2
10.3,34,13.4,17
11.8,36,14.4,17
12.2,38,14.9,17
12.6,37,16.4,16.9
11.9,40,14.1,16.9
11.3,40,13.3,17
11.2,42,14.6,16.9
11.3,42,14.2,16.9
10.8,38,14.5,16.8
10.1,33,12.8,16.6
10.9,33,13.7,16.5
9.8,32,12.3,16.4
9.5,31,11.2,16.3
10.6,35,12.8,16.3
10.4,36,12.5,16.2
10.5,33,12.4,16.1
10.6,32,13,16
10.9,35,13.3,16
10.8,40,12.8,16
11.7,43,14.6,16.1
11.9,45,15.3,16
12.9,49,16,15.9
13.2,45,16.7,15.9
13.1,41,15.2,15.8
12.9,40,15.6,15.7
14.1,41,17.4,15.7
14.1,42,17.3,15.7
14,42,15.9,15.6
14.1,40,17.7,15.6
14.5,38,16.1,15.6
14.3,35,16.5,15.6
14.5,35,17.1,15.5
14.7,38,17.6,15.6
13.1,37,16.2,15.5
13.5,38,16.4,15.4
12.8,38,15.4,15.5
12.8,39,15,15.4
13.4,41,15.8,15.4
13.5,38,16,15.4
12.6,34,15.2,15.2
11.9,33,14.8,15.3
11.6,34,14.4,15.2
10.4,31,12.9,15.1
11.6,32,13.9,15.2
10.9,36,13.4,15.1
10.7,38,13.1,15.2
11.2,40,13.6,15.2
11.3,40,13.8,15.1
11.5,40,15.1,15.2
11.4,43,13.6,15.2
11.2,41,13.1,15.2
11.3,38,13.4,15.2
12.2,35,13.9,15.2
12.3,36,14.6,15.2
12.1,38,14.1,15.2
11.8,35,14,15.3
11.7,35,13.6,15.4
12,34,14.2,15.4
11.7,36,15.1,15.5
11.5,36,15.8,15.6
12,36,14.9,15.6
12.8,38,15.8,15.6
12.6,41,14.8,15.7
12.9,37,16.2,15.8
12.5,43,16.2,15.9
12.7,42,14.6,15.9
12.8,46,15.6,16
13.4,50,16.5,15.9
11.8,46,13.8,16
11.8,40,15.6,16.3
11.6,44,14.7,16.2
11.6,47,14.2,16.4
11.8,45,14.8,16.5
13,48,16.6,16.4
11.4,42,13.7,16.7
12.2,47,15.5,16.6
11.8,43,13.8,16.8
10.8,37,13.6,16.9
11.5,42,15.3,17.1
11.5,42,14,17.1
10.4,45,13.7,17.4
11.3,46,16.8,17.4
10.8,31,13.5,17.4
10.1,35,12.4,17.5
11.1,31,13.7,17.6
11.3,35,15.8,17.7
10.3,28,12,17.9
11.4,37,13.9,18
11,48,13.5,18
11.4,42,14.8,18.1
12,47,14.9,18.3
12.7,41,15.3,18.3
12.8,39,15.1,18.4
12.4,40,15.2,18.6
13.7,41,15.7,18.6
13.3,39,16,18.7
14.4,28,16.7,18.7
14.4,32,16.9,18.8
14.6,40,18,18.9
15.7,41,18.4,18.9
13.2,37,16.2,19
14.1,34,16.9,19.1
13.9,36,17.4,19.2
13.9,36,16.3,19.3
13.6,35,16.4,19.3
10.3,34,13.5,19.5
10.3,31,12.9,19.5
10.1,39,12.5,19.6
9.9,27,13.6,19.8
10.8,43,13.7,19.8
9.9,30,12.7,20
11.4,41,13.7,20.1
12.5,44,15.4,20.2
11.1,42,14.3,20.3
11.9,31,15,20.4
9.9,41,13.8,20.5
10.9,33,13.6,20.7
10.8,33,13.8,20.6
11.5,23,14.4,20.9
9.7,33,12.6,21
10.2,40,13.5,21
7.7,38,11.2,21.1
11.5,31,13.7,21.3
10.7,46,13.3,21.4
11.3,51,14.4,21.3
9.4,50,13.3,21.4
10.7,40,13,21.7
10.4,52,13.6,21.7
11.3,38,13.6,21.7
11.2,37,14.1,21.7
11.4,36,13.4,21.7
10.3,37,13.5,21.9
10.3,40,14.6,22
9.9,51,13.6,22
10.9,43,14.1,22.2
11.7,39,17,22.3
12,58,16,22.1
11.2,55,13.7,22.2
9.4,48,12.2,22.4
10.6,40,13.8,22.5
8.1,42,12.7,22.3
9.7,45,13,22.6
8.5,60,13.7,22.9
7.9,58,13.1,22.9
9.3,68,13.8,22.9
11.2,48,15.3,22.7
9.9,65,12.6,23
9.1,52,12,23.1
8.7,43,12.4,23
10.5,45,13.5,23
9.2,45,13.2,22.8
9.7,48,13.8,23.1
10.3,54,12.8,23.3
8.8,44,12.1,23.2
9.4,52,13.7,23.4
7,56,11.5,23.3
7.1,69,9.9,23.6
10.8,41,15.7,23.6
10.1,65,14.3,23.8
7.9,52,11,23.7
8.7,48,15.6,23.7
10.4,48,15.5,23.8
10,36,12.3,23.8
9.4,47,11.6,23.9
8.4,30,10.6,24
9.9,37,12.8,24
9.8,34,12.6,24.2
8.8,47,11.6,24.1
10.3,38,12.9,24.2
9.8,42,13.1,24.3
7.1,33,10.5,24.4
8.1,34,12.1,24.3
9.4,65,11.5,24.5
8.4,73,11.9,24.5
3.1,2,6.8,22.6
7.1,203,9,20.1
7.8,207,9.4,20
8.2,213,9.5,20.1
8,217,9.1,19.7
6.6,215,8.6,20.2
6.9,214,7.6,19.9
7.5,215,9.6,19.7
9,204,9.9,19.4
6.7,203,8,19.8
5.1,213,8.1,20.8
3.7,240,4.9,21
6.6,225,8.8,20.4
6.1,212,7.9,21
5,221,6.8,21
6.1,233,6.9,20.8
7.2,233,9.2,20.2
6.6,222,10,20.2
7,218,8,20.2
6.3,220,8.4,20.3
5.3,219,6.6,20.4
5.2,209,7.4,20.8
2.6,229,4.4,21.6
4.4,221,6.7,21.2
5.9,207,7.3,20.9
7,208,8.2,20.5
6,221,7.2,20.5
6.3,233,7.4,20.3
5.5,227,7.2,20.4
5.9,227,6.9,20.5
5.5,225,6.3,20.6
5.8,217,6.8,20.5
5.6,214,6.4,20.4
5.5,219,6.1,20.2
5.7,211,6.9,20.3
6,213,7.1,20.1
5.2,218,6.3,20.1
4.4,228,5.1,20.2
4.4,224,4.9,20.2
5.1,224,5.8,20.1
5,224,5.8,20
4.8,219,5.4,19.9
4.5,219,5.2,19.8
4.3,224,5.6,19.7
4.3,226,5.5,19.6
3.4,237,4.1,19.6
3.5,232,4,19.5
3,235,3.8,19.5
3,241,3.5,19.6
3.1,234,3.7,19.5
3.2,243,3.6,19.5
3,237,3.4,19.5
3.4,259,4.1,19.5
3.4,263,4,19.4
3.2,276,3.6,19.3
2.5,270,3,19.3
2.3,293,2.7,19.4
2.1,320,2.7,19
1.8,329,2.3,19
1.1,329,1.7,19
1.6,335,2.2,19
1.5,333,2.2,18.9
1.7,332,2.2,18.8
0.5,335,1.7,18.7
0,333,0.2,18.7
0,0,0,18.7
0.1,89,1.2,18.8
1,88,3.6,18.9
3,77,3.6,19.2
3.6,80,4.6,19.5
3.7,87,5.2,19.6
4.2,85,5.2,19.7
4.3,86,5.3,19.5
4.7,86,6,19.4
4.6,83,5.6,19.3
3.5,62,4.6,19
3.2,54,4,19
2.7,49,3.4,19
3.1,50,3.7,19
3.3,48,4,18.9
3.5,45,4.7,18.7
4,50,4.8,18.6
4.3,55,5.1,18.5
4,57,4.7,18.4
3.8,59,4.5,18.2
3.2,54,3.7,18.1
3.3,46,4.6,18.2
4.1,45,5.6,18.2
4.7,42,6,18.1
4.8,42,6.4,18
5.2,47,6.9,18
4.8,63,5.8,17.9
4.5,70,5.7,17.7
5.1,70,6,17.5
4.6,69,5.4,17.3
4.2,63,4.9,17.1
3.7,50,4.6,17.4
4.3,29,5,17.3
4.4,27,5.4,17.3
4.4,30,5.5,17.2
4.5,30,5.8,17.1
4.7,36,5.4,17.1
4.6,36,5.4,17.1
4.1,35,5.1,17
3.8,51,4.9,17
3.9,53,5.1,17
4.2,55,5.1,16.9
4.8,54,5.6,16.9
5.3,60,6.2,16.9
5.6,60,6.3,16.8
5.5,66,6.2,16.6
5.2,67,6,16.5
4.8,60,5.9,16.6
5.6,48,7.8,16.6
5.1,43,6,16.5
4.9,44,5.8,16.4
5.3,63,7.3,16.3
5.4,64,6.5,16.2
6.3,64,7.8,16.3
5.9,66,6.7,16.1
5.5,56,6.4,16.1
4.9,44,5.7,16.1
5,26,5.6,15.9
5.2,32,6.9,15.9
7.2,39,8.3,16
6.2,50,7.4,15.9
6,56,7.8,15.9
5.9,55,6.8,15.7
5.9,49,7.7,15.8
6,45,7,15.6
6.6,44,7.8,15.7
6.7,41,8.2,15.6
6.1,35,8.4,15.7
5.9,16,7.6,15.2
6.7,18,8.8,15
6.7,23,8,15.1
6.9,19,8.2,14.9
6.5,13,7.4,15
6.2,18,7.3,15
5.8,22,6.9,14.9
5.9,24,7.4,14.9
6.7,25,7.9,15
7.3,29,9,15
7.2,28,8.2,15.1
7.2,29,8.6,15.1
6.9,26,8.2,15
6.5,28,7.8,14.8
6,29,7.6,14.6
6,23,7.5,14.5
7.2,20,8.8,14.6
7.9,19,9.1,14.6
8.3,20,9.8,14.4
8.4,20,9.3,14.4
7.8,19,8.7,14.4
7.9,18,9,14.2
7.5,20,8.9,14.1
7.6,20,8.9,14.2
7.5,19,8.6,14.4
6.8,15,7.7,14.4
6.2,11,7.4,14.4
6.7,11,8.2,14.6
6.6,10,7.8,14.8
7,7,8.2,14.7
6.3,9,7.7,14.7
5.2,11,6.3,14.7
4.2,17,5.4,14.7
3.8,23,5,14.9
4.3,24,6.1,14.9
5.2,29,8.6,15
5.2,24,6.7,15.1
5.8,28,7.4,15
6.6,29,9.3,15.2
7.3,27,9.1,15.4
8,28,10.9,15.5
7,25,8.7,15.6
6.9,26,9.7,15.8
6.3,30,8.2,15.9
7.3,28,9.8,16
7.7,26,10.4,16
9,29,11.6,16
9.1,28,11.9,16.1
9.4,30,11.4,16.2
10.8,31,13.5,16.3
11.3,37,13.9,16.2
11.6,38,14.3,16.3
10.8,37,13.3,16.4
8.6,38,11.1,16.5
9.2,39,11.3,16.6
9.3,40,11.5,16.7
9.7,38,12.4,16.9
10.6,35,13,17
11,44,13.3,17.2
11.3,46,14.7,17.3
11.3,52,13.7,17.3
12.6,43,15.9,17.4
11,36,13.2,17.6
12.1,47,14.4,17.6
11.2,46,15,17.8
11.7,42,15.1,18
13.3,47,16.6,18.1
13.1,54,16.4,18.1
11.3,47,14.4,18.4
11.9,40,13.5,18.5
12.8,38,17,18.5
12.1,42,14.9,18.7
12.5,41,15,18.9
11.7,40,14.2,19.1
12.8,46,15.1,19.1
12.7,46,16.2,19.2
14.8,58,19,19.3
16.1,51,20,19.5
14.8,59,19.2,19.5
12.5,57,16.3,19.7
14.6,58,20.2,19.9
14.9,63,18.7,20
12.2,63,16.4,20.1
10.9,59,13,20.2
14.8,52,19.8,20.2
11.3,62,15.6,20.3
12.3,66,16.1,20.5
12.4,56,18.7,20.5
12.8,54,16.2,20.6
14.5,54,19,20.7
13.4,65,16.1,21
13.8,65,18,21
11.5,67,15.4,21
14.2,65,19.4,21.1
14.5,64,19,21.2
14.4,55,18.2,21.1
14.3,62,18.4,21.4
14.8,65,19.3,21.5
15.2,69,20.9,21.8
14.8,69,19.3,21.7
16,68,19.8,21.8
15.7,69,21.2,21.8
15.8,58,19.5,21.7
11.9,66,16.3,21.8
15.8,62,22.9,21.9
14.7,77,18.6,21.9
13.7,65,16.7,22.1
15.3,57,20.8,22
17.1,55,22,21.8
15.9,54,21,22
13.8,64,19.3,22.2
12.2,71,16.3,22.4
10.4,61,13.6,22.3
11.4,66,18,22.4
12.4,60,17.4,22.5
14.3,48,17,22.5
12.8,64,15.6,22.5
15.9,51,20.7,22.3
15.8,52,20.3,22.6
13.6,47,18.9,22.4
13.2,69,19.3,23
13.4,66,17.7,22.8
16,69,19.3,23.1
13.9,72,19.2,23
13.1,61,18.6,22.9
13.8,50,18.2,22.6
15.2,50,18.7,22.9
15,49,18.5,22.9
18.3,61,23.8,22.8
15.8,58,22.9,23
13.6,52,16.8,23
13.5,37,17.6,23
13.7,45,19.7,22.9
15.1,56,20.4,23.1
12.8,53,17,23
15.3,61,18.7,23
12.9,56,19.9,22.9
15.5,42,20.4,22.9
14.4,39,18,22.8
16.3,53,19.8,22.8
12.7,51,16.2,22.9
15.1,44,20.4,22.7
14.4,40,18.4,22.5
13.3,37,16.5,22.6
13.6,41,16.2,22.6
13.5,45,16.6,22.5
14.1,58,19,22.5
15.1,47,18.6,22.6
16,47,19.6,22.5
14.9,48,17.2,22.5
13.6,41,17.5,22.5
15.4,30,18.6,22.6
12.8,26,16.7,22.7
14.6,22,18.3,22.8
13.4,30,18.4,22.6
14.9,40,17.7,22.6
15.9,45,19.1,22.6
12.9,56,15.5,22.4
13.6,52,17,22.5
14.9,46,20.1,22.7
18.1,44,20.7,22.6
17.5,44,20.2,22.4
17,42,21.1,22.5
17.7,42,20.2,22.5
17.5,39,21.5,22.6
16.4,44,20.8,22.6
17.4,35,20.9,22.6
15.1,36,17.6,22.6
15.7,29,18.9,22.6
17,31,20.3,22.4
15.4,38,19.9,22.3
14,34,19.5,22.3
12.2,35,16.2,22.5
11.4,35,16.4,22.4
15.8,45,19.2,22.6
17.6,34,20.9,22.7
18.6,38,20.9,22.5
15.9,38,20.1,22.3
14.5,34,19.3,22.1
14.5,34,17.2,22.2
15.2,34,17.2,22.2
14.2,32,17.1,22
15.1,34,18.1,22
14.1,37,18.2,21.9
13.3,37,16.6,22
13.5,37,18.4,22
14.4,41,18.1,22.1
15.7,43,18.7,22.2
13,41,15.7,22.1
12.3,41,15.7,22.1
12.6,41,14.8,22.2
13.4,40,17.3,22.1
13.5,48,16.6,22.1
13.1,42,16.9,22
13.4,37,15.6,21.9
13.9,29,17.4,21.8
11.9,32,15.9,21.5
12.6,26,15.4,21.4
12.8,26,16.1,21.4
13.3,28,16.6,21.3
11.5,29,13.6,21.1
10.3,30,12.3,20.9
12.2,20,15.2,20.6
12.9,21,15.8,20.4
13,20,17.1,20.3
12.1,21,14.5,20.1
12.1,18,15.6,19.8
13,20,15.6,19.8
12.6,18,15.5,19.5
11.2,22,14,19.3
10.1,21,12,19.1
9.3,23,10.5,19
8.8,25,11,18.8
8.5,24,9.8,18.5
9,23,12.4,18.4
8.4,25,9.7,18.2
8.9,22,10.8,18
9.8,21,11.9,18.1
10.7,22,12.8,18
10.9,22,13.7,18.1
10.6,22,12.7,17.8
11.8,23,13.9,17.7
11.4,25,13.6,17.6
11,24,14.5,17.5
10.6,25,13.2,17.3
9.5,21,11.7,17.1
7.8,21,9.2,16.7
8.5,22,10.2,16.6
8.5,20,10.3,16.5
9.7,23,12.2,16.5
9.4,25,12.2,16.4
9.3,23,11.7,16.3
9.8,25,12.4,16.2
9.7,26,11.8,16.3
9,24,11.7,16.1
9.4,24,12.6,16.1
8.3,23,10.3,15.9
7.9,20,12.4,15.7
8.3,26,11.8,15.7
7.6,29,9.8,15.7
8,42,9.8,15.9
7.9,40,9.7,15.8
8.3,62,10.1,15.8
9.8,67,13.1,15.6
10.4,72,12.5,15.5
10.2,66,12.7,15.4
9.7,71,11.6,15.2
9,76,11.4,15
8,77,9.9,15.1
7.5,81,9.9,14.9
7.7,81,9.6,14.9
7,78,8.4,14.8
6.6,78,7.9,14.8
6.3,78,8.1,14.8
5.7,73,7,14.7
5.6,69,6.7,14.7
6.4,52,8,14.9
7.2,40,11.1,14.7
10.9,36,12.8,14.6
9.2,28,11.5,14.4
7.3,26,9.2,14.1
8.1,34,11.1,14.1
10.1,37,14,14
10.4,38,12.3,14
10.3,41,12.2,13.9
9.9,37,13.1,13.8
8.1,31,10.5,13.5
7.8,27,9.4,13.4
8.4,28,11.3,13.3
8.6,34,11.4,13.2
9.1,33,10.4,13.1
9.6,31,11.8,13.1
10.1,27,12,12.9
10,25,11.7,12.8
10.2,26,12.5,12.8
9.9,29,12.6,12.7
9.9,30,13.1,12.9
10.9,31,13.7,12.8
9.9,34,11.8,12.8
9,29,10.7,12.7
8,23,10.2,12.6
7.5,26,9.5,12.5
6.9,40,8.7,12.5
8,64,10.3,12.5
8.3,64,10.4,12.6
9,68,10.9,12.5
9.9,68,12.2,12.3
10.1,56,14.1,12.6
13.1,58,16.8,12.6
12,59,15.3,12.6
11.9,64,14.2,12.4
12.1,63,15,12.5
10.7,69,13.4,12.3
11.1,71,14.8,12.3
10.3,69,14.2,12.2
10.7,71,14.4,12.2
12.4,69,15.6,12.3
12.9,72,15.6,12.3
10.9,70,13.1,12.4
13.5,73,16.5,12.2
12.7,71,17.1,12.1
13.4,67,17.5,12
13.3,67,16,12.1
13.9,69,15.9,12
13.6,67,17.1,12
13.7,70,16.5,12
13,65,17.5,12
15.1,66,18.2,11.9
13.4,54,16.3,11.9
12.4,50,17.1,12.2
12.6,52,15.7,12
11.5,46,14.4,12.1
11.4,44,14.5,12.3
9.6,42,11.9,12.1
10.3,35,12.2,12.1
10.1,29,12.3,12.1
11.6,31,14.2,12.1
10.9,49,13.5,12.1
10.1,38,12.6,12.1
9.8,53,13.3,12.1
10.4,41,14,12
11.7,40,14.1,12
11,35,14.1,12
12.1,41,15,12
12.1,40,17.2,12
11.9,41,16.7,12.1
12.6,41,15.9,12.1
11.2,58,14.5,12.2
12.5,66,16.4,11.9
10.7,64,13,11.9
11.5,48,14.9,12
12.9,54,15.5,12
10.6,50,15.1,12.1
11.8,53,14.6,12.1
10.4,56,12.7,12.3
10.4,72,13.1,12
10.4,79,13.7,12
9.3,68,12.9,12.1
9.9,66,12.4,12.2
10.8,72,13.1,12
9.5,71,12.9,12.1
9.6,57,11.9,12.2
9,69,11.6,12.2
8.8,70,11.4,12.4
9.7,71,11.9,12.4
9.8,68,12.2,12.3
10.5,55,12.9,12.4
9.1,57,11.4,12.4
8.4,74,11.3,12.5
7.8,69,9.5,12.6
8.7,31,11,12.5
8.6,34,11.3,12.5
10.2,37,13.5,12.7
9.7,39,13,12.6
8.7,41,10.9,12.7
8.6,32,10.9,12.9
7.8,32,10.6,13
7.4,21,10.4,13.2
8,23,9.9,13.2
8.9,41,12.4,13.2
5.5,35,8.9,13.4
7.8,33,11.2,13.4
7.6,30,10.6,13.7
8.5,39,11.3,13.7
8.7,39,12.4,13.9
8.9,22,11.5,14
8.8,43,11.8,13.9
7,50,9.4,14.2
8.4,46,12.1,14.2
7.9,31,11.2,14.4
7.6,25,10.9,14.4
9.8,37,11.7,14.4
8.7,60,12,14.4
6.2,61,11.5,14.7
7.4,39,11.8,14.8
8.4,29,11.7,15
9.6,34,15.5,15
10.1,30,15.3,15.2
12.8,39,16.1,15.1
8.1,60,11.1,15
7.2,54,10.5,15.2
8.3,30,10.4,15.4
7.6,46,11.5,15.6
10.8,55,14.7,15.4
10.4,52,14.7,15.6
8.6,61,11.5,15.6
10.6,54,15.1,15.7
6.1,45,8.4,15.9
8.9,45,14.1,16.1
9.9,80,13.2,16.1
6.7,87,10.7,16.1
6.1,59,11.5,16.3
8.9,46,13.4,16.4
6.4,58,9.4,16.5
8,74,10.6,16.5
5.9,51,8.4,16.6
6.8,64,11.7,16.8
7.8,68,10.7,16.9
6.1,48,10.7,17.1
6.2,46,11.7,17.1
6.2,80,9.5,17.1
3.8,64,8.4,17.3
5,94,8.4,17.3
6.5,98,11.9,17.5
6.7,75,10.6,17.6
3.9,44,6.6,17.7
6.1,40,10.7,17.8
7.3,48,9.6,17.8
5.9,54,10.5,17.8
6.1,47,9.2,18
5.6,56,8.2,18.1
5.7,65,8.3,18.2
6.5,23,8.7,18.5
7.7,39,12.6,18.4
8.1,30,11.1,18.4
4.7,23,7.7,18.6
6.4,39,11.1,18.7
6.8,70,11.3,18.7
8.4,43,11.1,18.8
7.8,38,10.3,18.8
6.8,52,10.9,18.8
5.2,96,7.5,18.5
4.9,157,8.5,17.4
6.3,175,9.1,17.1
12.9,172,17.6,16.7
10.6,194,14.3,16.8
9.2,188,15.2,17.1
7.8,154,11.5,17.6
7.5,154,12.8,17.8
7.8,135,10.9,18.1
8.9,149,12.3,17.9
7.2,148,10.3,18.1
10.1,133,13.5,17.9
9.1,136,11.8,18
8.9,136,11.4,17.9
8.8,133,12,18
9.6,138,13.1,17.9
10.6,150,12.9,17.5
11,167,14.7,16.9
12,178,15.7,16.4
13.1,188,15.4,16
11.7,196,14.4,15.7
12.2,204,15,15.4
10.3,188,13.8,15.4
10.1,181,12.5,15.5
10.3,187,12.9,15.6
10.5,198,12.9,15.3
9.4,196,11.6,15.4
8.9,191,11.5,15.5
9.5,169,12.6,15.6
9.8,179,12,15.4
9.6,179,12.1,15.6
8.3,174,11,15.7
8.6,176,11.2,15.6
8.8,171,11.1,15.4
8.3,173,10.8,15.5
8,176,10.6,15.5
8.3,177,11.4,15.4
8.4,172,10.3,15.6
8.5,165,10.6,15.4
8.3,173,10.6,15.5
7,168,9.1,15.5
7.7,169,10.7,15.6
9.2,179,11.1,15.3
8.7,189,10.8,15.3
8.2,183,10.3,15.3
7.8,174,10.5,15.4
7.9,180,9.4,15.3
6.9,181,8,15.3
7.1,184,9.1,15.4
6.7,171,9.5,15.4
6.8,182,8.7,15.4
6.8,183,8.4,15.5
6,175,7.6,15.5
5.7,169,8.1,15.5
5.9,173,7.5,15.4
5.5,180,7,15.5
5.7,175,7.4,15.5
5.9,161,7.5,15.4
4.8,163,7.1,15.5
5.2,161,6.6,15.6
4.1,156,6.3,15.6
4.7,166,6.1,15.5
4.3,161,6.2,15.5
4.6,152,6.1,15.5
4.7,158,6,15.5
4.6,148,6,15.5
4.2,134,6.2,15.4
3.7,139,5.3,15.4
4.8,134,6.8,15.2
4.8,150,5.8,15.2
4.7,139,6.3,15.2
5.1,148,6.3,15.1
4.7,142,6,15
4.5,138,5.9,14.9
3.9,142,5.8,14.9
3.7,143,4.6,14.9
3.2,138,4.1,14.8
3.6,137,4.3,14.7
3.5,140,4.3,14.7
3.4,140,4.6,14.7
3.3,142,4.4,14.6
3.4,144,4.2,14.6
3.4,138,4.3,14.6
3.4,131,4.3,14.5
3.1,137,4,14.5
2.7,151,3.9,14.4
3,150,3.9,14.4
3,147,3.9,14.4
2.9,137,3.8,14.4
2.8,136,3.6,14.4
2.9,148,3.7,14.4
2.6,151,3.3,14.3
2.6,146,3.3,14.4
2.2,149,3.1,14.4
1.8,161,2.3,14.3
2,156,2.6,14.4
2.2,148,2.9,14.4
2.3,152,3.3,14.4
2.3,152,3,14.4
2.6,147,3.3,14.4
1.9,141,2.6,14.4
1.7,137,2.4,14.5
1.7,128,2.7,14.4
1.8,116,2.3,14.5
2,80,2.9,14.4
2.2,77,2.9,14.3
2.2,72,2.9,14.3
2.6,28,3.6,14.4
3.1,14,4,14.3
3.5,14,4.8,14.3
4.5,12,5.1,14.1
4.2,20,4.8,14
4.4,18,5.1,13.9
4.1,21,4.9,13.9
4.5,28,5.5,13.8
4.8,25,5.5,13.9
5.2,56,6.7,13.6
4.5,77,6,13.3
4.4,72,5.5,13.5
4.8,81,5.9,13.4
4.9,72,5.9,13.3
4.3,73,5,13.4
4.5,69,5.6,13.3
5.4,70,6.6,13.2
5.6,76,6.9,13.3
5.4,80,6.3,13.4
5.4,78,6.5,13.2
5.2,74,6.1,13.3
4.8,75,6,13.4
4.8,79,5.6,13.4
4.8,77,6.8,13.3
5.1,81,7.2,13.3
4.7,86,6.9,13.1
4.8,77,6.2,13.1
5.3,78,6.9,13.1
5.3,75,6.3,13.2
5.3,77,6.9,13.1
5.2,78,6.3,13
4.8,74,6.1,13
5.3,69,7.1,13
5.8,69,7.1,13
5.3,65,6.5,13
5.1,64,6.8,12.9
5.3,62,6.3,13
4.8,50,6.5,13
5.1,40,6.5,13.1
4.8,53,6.7,12.8
4.8,35,6,12.9
4,43,5.6,12.7
4.2,50,5.3,12.7
4.2,39,5.5,12.7
4.5,50,5.9,12.7
4.5,49,5.5,12.7
5.3,49,6.6,12.6
4.1,70,5.5,12.8
3.7,71,5.5,12.7
4,64,5.5,12.7
5.4,48,7.8,12.6
5.1,48,6.4,12.4
4.7,44,5.7,12.4
4.9,43,6,12.4
4.8,34,5.9,12.3
4.6,31,5.4,12.3
4.7,40,5.8,12.3
5.2,36,6.3,12.1
4.7,32,6.1,12.3
5.6,38,7.2,12.4
6.2,41,7.7,12.4
6.8,46,8.2,12.7
6.7,41,7.8,12.5
6.5,52,8.7,12.6
7.5,50,9.5,12.8
8.3,52,10.7,12.7
8.2,42,10.2,12.6
7.3,36,9.2,12.5
7.3,34,10.3,12.3
7.2,30,9,12.3
6.6,28,8.4,12.1
6.4,22,7.4,12
5.6,26,7.4,12.1
5.1,34,6.7,12.1
5.5,35,7,12.1
5.1,35,6.9,12.2
5,37,6.4,12.3
5,41,6.3,12.3
5.4,45,7.2,12.4
5.8,30,7,12.4
6.1,21,7.2,12.5
5.4,18,7.1,12.4
5.9,25,7.2,12.6
6.5,21,7.9,12.5
6.7,22,8.3,12.6
6.2,22,7.3,12.5
6.4,22,8.2,12.6
6.2,23,7.6,12.7
6.4,23,7.6,12.7
6.1,25,7.4,12.8
6.4,29,7.6,12.8
6.3,30,8.7,12.9
6.3,38,8.5,13
6.5,32,8,12.9
6.6,26,8.2,13
6.6,33,8.9,13
6.3,36,8.1,13.1
6.7,42,8.6,13.3
7.1,44,9,13.3
6.9,39,8.7,13.4
6.9,37,8.7,13.4
7,32,9.1,13.6
6.2,52,7.8,13.5
7.3,68,9.8,13.7
8,73,10.2,13.8
9.9,67,12.7,13.7
10.4,77,12.3,13.6
8.2,71,10.5,13.7
10,71,12,13.9
10,66,12.6,13.8
9.4,72,11.8,13.9
8.9,72,12,14
9,88,12.3,13.9
9.5,72,11.9,14
10.1,74,12.3,14
10.1,62,12.8,13.9
9.2,83,12.3,13.9
9.3,59,11.9,14
9.4,52,12.2,14.1
9.6,63,12.9,14.2
8.7,69,11.5,14.1
8.5,75,11.7,14.2
7.7,65,10.4,14.4
7.3,87,9.4,14.5
7.7,94,10,14.5
8.1,69,12.1,14.5
7.6,74,10.8,14.4
5.9,69,8.2,14.7
6.3,89,9.9,14.8
7.3,85,9.3,14.7
5.8,72,8.4,14.9
5.1,86,9.3,15.1
6.6,59,10.9,15.2
7.4,65,11.8,15
5.2,55,6.6,15.1
7.6,47,9.7,15.4
6.7,50,9.9,15.3
5.2,54,9.8,15.5
7.9,54,11.2,15.6
7.1,59,11.9,15.5
6.7,61,9.9,15.6
7,69,9.6,15.6
8.3,71,11.8,15.7
6.6,57,9.3,15.7
8,60,9.9,15.7
7.4,57,9.9,15.8
7.3,65,10.1,15.9
7,52,9.1,16.1
7.1,77,9.9,16.1
6.5,58,10,16.1
6.9,59,10.2,16.3
5.8,50,8.4,16.4
5.6,33,7.8,16.6
6.2,48,9.6,16.5
7.1,55,10.6,16.5
4.2,67,7.1,16.6
5.4,51,8.2,16.8
5.8,39,7.9,16.9
5.5,44,11.4,17.1
6.3,57,9.2,17.1
4.8,20,7.3,17.3
3.2,12,6.6,17.6
5.5,56,8.1,17.3
3,46,5.3,17.5
3.1,40,5,17.7
4.9,45,8.7,17.6
3.7,33,6,17.8
5.2,35,6.8,17.9
5.1,37,8.8,18
3,29,4.2,18.1
3.3,10,5.2,18.4
4,41,6.9,18.2
4.9,204,7.9,16.9
9.2,206,11.7,16.3
8.6,205,11.2,16.4
7.5,194,11.5,16.6
8,200,10.1,16.4
8.6,196,10.3,16.3
6.9,200,9.3,16.4
6.7,186,8.5,16.5
7.1,192,9,16.6
7.1,193,9,16.6
7.2,198,9.5,16.6
8.8,213,10.7,16.3
9.2,209,11.9,16.2
9.1,206,11.4,16.2
9,209,11.2,16.1
8.7,208,10.3,16.1
9.6,209,10.8,16.1
9.4,211,11.2,16
9.6,209,11.3,15.9
8.1,208,9.6,16
8.2,205,10.1,16
8,213,9.2,16.1
8,209,9.9,16
8.2,214,10,16
7.4,214,8.5,16
8.3,205,10.2,16
8.1,220,9.5,16
7.6,217,8.9,16
7.3,219,10,16.1
7.8,209,10.7,16.1
7.5,209,8.9,16.1
7.3,213,8.6,16.1
7.1,213,8.5,16.2
7.6,209,9.9,16.2
7.3,209,9.3,16.1
7,207,8.5,16.1
6.9,209,8.3,16.1
7,213,9.2,16.3
6.6,210,8,16.2
6.6,209,8,16.2
6.6,207,7.9,16.2
6.1,209,7.3,16.3
5.9,202,7.4,16.4
6.8,198,8.1,16.3
6.7,178,8,16.4
6.5,184,8.1,16.4
5.8,181,10.1,16.5
5.6,170,7.7,16.6
6.8,178,8.8,16.5
6.8,177,8.1,16.4
7.2,169,9,16.4
6.7,166,8.5,16.5
6.9,160,9,16.6
7,160,8.1,16.5
7.2,162,8.3,16.4
6.6,166,8,16.4
6.1,163,7.6,16.5
6.4,156,8.6,16.5
6.3,156,8.1,16.4
6.4,165,7.9,16.4
5.8,162,7.2,16.4
6.2,167,7.4,16.2
5.7,167,7.3,16.2
5.8,169,7,16.2
5.7,163,6.6,16.3
5.1,159,6.9,16.4
5,160,5.7,16.3
4.9,158,6.1,16.4
4.9,151,6.3,16.4
5.2,157,6.4,16.4
4.5,165,5.7,16.3
4.8,164,6.2,16.3
4.8,152,5.8,16.2
4.4,149,5.4,16.3
4.1,141,5.2,16.2
4.1,135,5.2,16.1
4.1,155,5.2,16.1
3.7,145,4.9,16
3.9,147,5.1,15.9
3.8,155,4.6,15.9
3.9,160,4.9,15.8
2.9,164,4.5,15.8
2.8,158,4.2,15.7
2.5,164,3.3,15.7
2.3,158,3.3,15.6
2.6,140,3.5,15.5
2.2,139,3,15.5
1.6,139,2.4,15.5
1.8,143,2.5,15.4
2.1,138,2.8,15.4
2.4,146,3.1,15.4
2.2,147,2.8,15.4
2,151,2.8,15.4
2.3,154,3.2,15.3
2.7,153,3.4,15.3
2.6,154,3.3,15.3
2.5,143,3.2,15.2
2.5,136,3.4,15.1
2.6,132,3.3,15.1
2.4,131,3.1,15.1
2.5,132,3.1,15.1
2.2,135,2.8,15.1
2.1,147,2.7,15.1
2.4,148,2.9,15
2.2,145,2.8,15
2.2,148,2.8,15
2.2,146,2.8,15
2.5,143,3.1,15
2.3,140,2.8,15.1
2.1,135,2.6,15.1
1.7,136,2.5,15.1
1.2,146,1.8,15.1
0.5,158,1.7,15.2
0.4,133,1.5,15.2
0.7,153,1.5,15.2
0.6,155,1.4,15.3
0.8,151,2.3,15.4
2,162,2.5,15.4
2.3,172,3.2,15.4
2.9,172,3.6,15.3
2.4,180,3,15.2
2.5,185,3.3,15.1
2,184,3.1,15.3
1.6,184,2.2,15.2
1.4,186,2,15.1
1.5,206,2.3,15.3
0.9,189,1.6,15.3
0.8,202,2.3,15.3
1.3,211,2.1,15.3
1.3,232,2.2,15.4
0.6,239,4,15.6
3,10,4.1,15.5
3,26,3.5,15.3
2.7,43,3.6,15.1
2.3,44,3.3,15
2.1,39,3.3,14.9
1.5,24,2.3,14.9
1.7,14,2.5,14.8
1.6,9,2.1,14.8
1.7,7,2.8,14.7
2,12,2.9,14.7
2.3,11,2.8,14.7
2.1,8,2.5,14.8
2,352,2.9,14.8
2.2,341,2.8,14.6
2.2,353,2.7,14.6
2.7,346,3,14.6
3,336,3.7,14.6
3,321,3.5,14.6
3,320,3.3,14.5
2.6,331,3.1,14.5
2.7,329,3.1,14.5
2.8,323,3.7,14.5
2.9,315,3.7,14.7
2.9,321,3.4,14.7
3.2,317,3.8,14.7
3.2,311,4.1,14.8
3.3,307,4.6,14.9
3.2,297,4.5,14.9
5.2,267,6.1,15.5
5.6,267,6.5,15.6
5.9,274,6.8,15.7
6.1,278,6.8,15.6
6.2,282,7.4,15.7
6.6,287,7.3,15.6
5.9,291,6.9,15.6
5.3,300,6.3,15.5
4.3,318,5.5,15.1
3.6,319,4.3,14.9
3.3,310,3.8,14.9
3,322,3.6,14.8
3.2,331,3.8,14.8
3.3,323,4,14.8
3.5,320,4.1,14.7
3.3,327,4,14.6
3.8,329,4.6,14.6
3.9,327,4.6,14.6
4.1,325,4.8,14.6
4,321,4.6,14.6
3.6,323,4.3,14.5
3.1,321,3.8,14.4
2.7,331,3.6,14.5
2.2,330,2.8,14.6
3.3,323,4.4,14.6
3.2,323,4,14.6
4,324,5,14.7
4.4,328,5.5,14.6
4.3,330,5,14.6
4.3,332,5.2,14.6
3.5,334,4.5,14.5
3.3,336,4.1,14.4
3.5,344,4.2,14.4
3.4,341,4.2,14.3
3.7,334,4.6,14.4
3.9,330,4.8,14.3
4,331,4.9,14.3
4.1,332,4.9,14.3
3.6,336,4.7,14.3
3.2,334,4.5,14.4
3.2,331,4.3,14.5
2.8,325,4,14.6
3,321,3.8,14.6
2.2,320,3.2,14.7
2.1,319,2.8,14.7
1.7,305,2.5,14.8
2.3,287,3.1,15
3.4,286,4.2,15.2
3.1,287,3.8,15.3
3.4,280,4,15.4
3.8,277,4.8,15.6
3.8,275,5.3,15.7
3.7,276,5.4,15.8
5,274,6.2,15.9
4.7,268,5.7,16.1
4.1,256,5.5,16.1
3.4,260,4.6,16.2
3.4,253,4.7,16.3
3,254,4.2,16.4
2.7,249,3.9,16.6
2.2,259,3.3,16.6
2.2,248,3.7,16.7
2.5,243,3.5,16.8
3.2,253,5.7,17
3.6,277,4.7,17
3.3,271,5.1,17.2
2.7,244,3.5,17.2
3.2,235,4.5,17.3
2.1,246,3.4,17.5
2.9,272,4.4,17.5
2.7,262,4.1,17.7
3.7,258,4.6,17.8
3.3,261,4.8,18
2.4,240,3.8,18
2.9,242,4,18
3.2,248,4.3,18
3,234,4.1,18
3.4,241,4.4,18.1
3.1,229,3.8,18.2
3,232,4.1,18.3
2.8,228,3.5,18.4
3.1,225,3.8,18.5
3.1,225,3.6,18.6
3.3,217,3.8,18.7
3.6,211,4.2,18.9
3.7,209,4.1,19
5.1,204,7.1,19
5.1,212,6.9,18.9
5.9,216,6.8,18.8
6.1,222,6.9,18.9
6.2,223,7,18.8
5.6,222,6.3,18.9
5.6,221,6.3,19
5.7,224,6.5,19.1
5.8,224,6.7,19.2
5.5,224,6,19.2
5.9,215,7.3,19.2
6.6,212,7.7,18.8
7.4,204,8.4,18.7
7.2,210,8.2,18.6
7.2,210,8.1,18.6
7.1,210,8.4,18.5
7.4,210,9,18.6
7.5,209,8.9,18.8
8,208,8.8,18.6
8.3,206,9.4,18.6
8.6,209,10,18.6
8.8,210,10,18.6
8.8,208,9.9,18.8
9,204,9.9,18.8
9.2,205,10.2,18.7
8.9,206,10,18.8
8.8,208,9.7,18.8
8.7,208,9.8,18.9
9.3,205,10.4,18.9
9.9,204,10.9,18.8
9.8,203,11,18.9
10.3,202,11.4,18.9
11,205,12.5,18.8
10.5,206,11.6,18.7
10.7,210,11.7,18.6
10.2,205,11.6,18.6
10.9,199,11.9,18.9
10.7,202,11.9,19.1
10.3,203,11.3,19
10.5,197,12,18.9
9,193,11.2,19.3
10.7,203,12.2,18.7
10.4,205,11.7,18.6
10.1,206,11.9,18.6
10.3,205,11.5,18.4
10.3,209,11.6,18.6
9.8,209,10.7,18.6
9.6,208,10.8,18.6
9.6,201,10.6,18.6
9.2,203,10.4,18.7
8.5,204,9.6,19
8.9,204,10,19
9.1,207,10.6,19.1
8.9,205,10.1,19.1
8.4,208,9.6,19
7.9,211,9.2,19
7.6,208,8.7,19
8,201,9.1,19.1
7.6,200,8.7,19.5
7.3,199,8.7,19.7
7.4,199,8.6,19.7
7.2,194,9.2,20
7.2,197,9.1,20
7.1,190,8.8,20.3
7.2,193,9.5,20.4
7.2,192,9.3,20.3
7.3,192,8.9,20.3
7.5,192,9.4,20.1
8.2,184,10.6,20.3
7.1,186,8.5,20.3
6.6,190,8.4,20.3
5.9,181,8.1,20.2
5.6,172,7.7,20.3
5.9,187,7.7,20.2
7.4,183,9,20.2
7.4,174,9.2,19.9
7.7,164,9.4,19.9
7.2,167,8.8,20
7.7,178,9.6,19.8
7.2,174,9.4,19.6
6.5,169,8.4,19.5
5.9,164,7.7,19.5
6.2,157,7.4,19.5
6.7,157,8.2,19.6
6.3,162,7.8,19.7
6.7,153,9.4,19.7
6.9,153,8.3,19.9
8.2,152,9.5,19.8
7.5,161,8.7,19.9
6.7,161,8.3,20
6.9,162,8.2,20
8.3,154,10.3,19.8
7.9,152,10.2,19.8
8.3,163,9.8,19.7
6.6,168,9,19.8
5.7,172,7.2,19.8
6.5,167,8.2,19.7
7,155,8.3,19.6
6.3,158,8.5,19.7
6.2,162,8,19.7
7.2,157,8.7,19.5
7.1,152,8.9,19.6
6.1,149,7.4,19.5
6.3,145,7.9,19.6
5.3,157,7.5,19.8
4.8,150,6.5,19.9
4.6,153,6.6,20
4.9,154,6.2,20
4.5,150,6.6,20
4.1,153,5.4,20
5.6,167,7.6,19.9
6.7,168,8.8,19.5
6.3,160,7.7,19.3
7,147,8.4,19
6.3,151,7.8,19
5.4,148,7.6,19
6.4,136,8.4,18.7
6.4,139,8.3,18.7
6.2,141,7.8,18.6
6,137,8,18.6
5.4,121,7,18.7
4.6,114,6.5,18.6
4.8,111,6.5,18.2
5,101,7,18.1
5.4,108,6.4,17.8
5.1,113,6.6,17.7
5.5,115,6.9,17.4
5.3,118,6.8,17.3
5,120,6.7,17.2
5.1,123,6.7,17.1
4.2,118,5.1,17
3.6,119,4.7,16.9
4.7,110,5.7,16.8
4.8,118,6.5,16.8
4.9,115,6,16.6
4.8,117,5.8,16.6
4.7,120,6.1,16.5
5.4,114,6.7,16.5
4.9,104,6.5,16.5
3.4,96,5,16.5
2.9,104,3.9,16.4
3.1,119,4,16.4
3.5,103,4.4,16.4
2.8,96,3.7,16.4
2.5,121,4.1,16.4
2.3,121,3.7,16.5
2.3,107,3.3,16.5
3.4,85,4.3,16.4
3.3,90,4,16.4
2.9,100,3.5,16.4
2.2,115,3,16.3
2,109,3.2,16.3
2.3,112,2.9,16.4
2.9,119,3.6,16.3
2.9,134,4,16.4
2.6,122,3.2,16.4
3.3,111,4.3,16.3
2.9,110,3.8,16.2
2.9,116,3.9,16.3
2.4,100,3.5,16.2
2,86,2.6,16.3
2.4,108,3,16.3
3.2,106,3.9,16.1
3.5,98,4.7,16.2
3.5,106,4.6,16.4
3.4,116,4.6,16.3
3.2,114,4.2,16.4
2.5,107,3.4,16.3
2.8,111,3.5,16.3
2.7,105,3.3,16.2
2.9,93,3.6,16.3
3.2,95,3.8,16.4
3.2,100,4,16.5
2.9,102,3.7,16.5
3,101,3.5,16.5
3,102,3.6,16.5
3.1,101,4,16.5
2.6,115,3.4,16.6
3,112,3.8,16.5
3.5,108,5.5,16.4
5.3,103,6.2,16.4
5.1,111,6.4,16.4
4.5,112,5.4,16.4
4.4,112,5.2,16.3
3.9,119,4.7,16.4
4.2,124,4.7,16.3
4,122,4.7,16.4
3.7,117,4.5,16.3
3.5,121,4.2,16.2
3.6,117,4.3,16.2
3.5,115,4.3,16.3
3.5,116,4.3,16.2
3.4,109,4.1,16.2
3.3,108,4.4,16.2
3.7,114,4.4,16.2
3.5,107,4.2,16.2
3.2,92,4.5,16.2
3.3,90,3.9,16
2.7,82,3.3,16
1.9,85,2.6,16.1
1.8,70,2.3,16.1
1.8,84,2.3,16.1
1.8,72,2.4,16.2
1.6,90,2.1,16.3
2.2,74,3,16.3
2.6,90,3.2,16.1
2.4,89,3,15.9
2.2,78,2.7,15.9
1.8,75,2.5,15.8
2.5,54,3,16
2.6,62,3.6,16.2
3.1,63,4.1,16.3
3.1,71,3.7,16.2
3,78,3.7,16
3.1,83,3.7,15.8
3,93,3.4,15.7
3,99,3.7,15.9
3.4,96,4.2,15.9
4.3,105,5.6,15.8
4.9,110,5.8,15.9
4,111,4.8,15.9
3.5,107,4.4,15.9
3.3,106,4.4,15.8
2.6,103,3.4,15.7
2.4,104,3.1,15.7
2.3,105,2.9,15.7
2.2,106,2.8,15.7
2,102,2.9,15.7
2,88,3.1,15.7
3,76,3.7,15.7
2.9,73,3.6,15.7
3.3,76,3.9,15.8
2.9,84,3.9,15.6
2.8,72,3.4,15.8
2.8,73,3.3,15.9
2.3,77,2.9,15.9
1.7,62,2.4,15.8
1.8,54,2.2,15.9
1.6,38,2.3,16.1
2,36,2.7,16.1
2.3,13,3,16
2.5,22,3.1,16
2.6,34,3.3,16.1
1.5,52,2.6,16.3
2,55,3.2,16.4
2.3,48,3.1,16.4
2.2,48,2.7,16.4
2.2,60,2.9,16.5
1.7,38,2.3,16.7
3,15,4,16.7
3.2,25,4.3,16.7
2.6,18,3.1,16.8
2.8,19,3.4,16.9
2.7,22,3.2,16.9
2.3,23,2.8,17.1
2.3,42,3.2,17.1
2.3,44,3.1,17.2
1.8,47,2.6,17.2
1.9,45,2.5,17.3
1.5,49,2.1,17.6
0.8,82,1.4,17.9
0.8,100,1.7,18.3
0.6,100,1.3,18.6
1.1,125,2,18.6
0.5,153,1.2,18.7
1,183,1.6,18.8
0.7,180,1.4,18.9
1.4,183,2.2,19
1.7,190,2.5,19.1
2.6,173,3.3,19.5
1.6,217,2.9,19.7
4,273,6.6,19.2
5.4,269,7,18.7
6.2,266,7.8,18.6
5.5,257,6.5,18.5
4.6,246,5.3,18.5
4,249,4.8,18.6
3.6,244,4.4,18.7
3.3,240,4.1,18.8
3.5,229,4.1,19
3.6,223,4.2,19.1
3.8,220,4.3,19.2
3.7,210,4.6,19.4
3.1,218,3.5,19.6
2.8,235,3.4,19.7
3.6,240,4.6,19.7
4.7,240,5.8,19.5
5.2,214,6.3,19.7
5.5,211,6.4,19.6
5.3,211,6.4,19.7
5.9,213,7.3,19.6
5.6,214,6.4,19.5
5.7,213,6.8,19.6
6,209,6.7,19.7
5.9,212,6.8,19.7
5.9,213,7.1,19.7
6.4,216,7.4,19.6
6.8,218,7.6,19.7
7.1,215,8.3,19.6
7.2,217,8.1,19.6
6.8,213,7.6,19.6
6.7,211,8,19.7
7,211,7.9,19.6
7.3,210,8.5,19.5
7.4,208,9.1,19.5
8,206,9.2,19.6
8.8,205,9.9,19.7
9.1,206,10.3,19.6
8.7,208,10.3,19.5
9.8,207,11.1,19.4
8.8,210,10.8,19.2
9.2,204,10.6,19.1
9.6,205,10.6,19.1
9.6,207,10.7,19
9.2,206,10.5,19
9.9,207,10.9,19
9.8,206,10.8,18.8
9.3,205,10.3,18.8
9.5,205,10.6,18.9
9.1,203,10.6,19.1
9.1,207,10.3,19.1
9.3,208,10.4,19
9.3,204,10.5,19.1
8.6,202,10.2,19.4
8.3,207,9.6,19.4
8.4,209,9.5,19.3
8.5,208,9.9,19.5
9.4,201,10.3,19.5
9.3,204,10.4,19.5
9.2,206,10.5,19.5
9.3,203,10.7,19.4
8.6,202,9.7,19.5
9.2,201,10.3,19.8
9.6,204,10.7,20
9.1,200,10.8,20.1
9.7,202,10.7,20
10.6,204,11.9,20
10.8,205,11.9,19.9
10.9,201,12.2,19.8
10.6,203,12.2,19.8
10.5,204,12.1,19.7
10.9,205,12.5,19.7
11,204,12,19.7
11.6,207,13.1,19.8
11.9,208,13.1,19.7
11.8,206,13.9,19.7
12.3,207,14.1,19.6
12,209,13.6,19.5
11.6,206,13.7,19.3
11,209,12.9,19.4
11.6,206,13.5,19.2
10.9,206,12.7,19.4
10.8,205,12.6,19.7
11,206,12.8,19.7
11,207,12.7,19.8
10.7,206,12.7,19.8
10.1,209,11.8,20
10,208,11.5,20.3
10.2,207,11.3,20.2
10.1,206,11.7,20
10,203,11.8,19.9
8.5,200,10.6,20.1
9,202,10.9,20.5
10.6,205,12.9,20.4
11,206,13.2,20.4
11.3,208,13.1,20.6
10.3,211,12.3,20.6
9.4,211,11,20.7
8.8,216,10.5,20.9
9.6,219,11.3,20.5
9.7,212,11,20.9
10.3,202,11.2,20.7
9.7,199,11.1,20.8
9.5,205,10.6,21
9.1,203,10.2,21
9.1,205,10,21
9.4,210,10.5,21.2
9.1,211,11.1,21.2
9.6,205,10.5,20.9
8.8,206,10.1,20.9
8.6,210,9.7,21.1
8.6,220,10.2,21
8.9,221,10.3,21.1
8.4,220,9.5,21.4
9.2,220,10.7,21.3
9.1,221,10.8,21.2
8,218,9.4,21.1
7.3,215,8.6,21
7.2,216,8.6,20.9
9.5,212,10.3,21.1
9.1,212,10.3,20.9
7.9,211,9.8,20.7
7.5,212,8.6,20.6
7.2,210,8.3,20.6
7.9,214,9.3,20.8
7.3,211,8.7,20.8
7.8,210,9.2,20.8
7.1,205,8.1,20.6
6.8,206,8,20.6
6.2,209,7.2,20.7
5.5,216,6.4,20.8
6,218,7.3,20.9
6.3,219,7.1,21
5.9,215,7.2,21.1
5.2,213,6.2,21.1
5,212,5.7,21.2
5.4,208,6.3,21.1
4.9,211,5.6,21.1
4.6,211,5.5,21.3
4.2,213,5.1,21.4
4,218,4.8,21.5
3.7,228,5.5,21.8
4.2,241,5.9,22
5,255,7.6,22.6
3.3,263,4.5,22.5
3.2,269,5.1,22.6
5.6,265,10.7,22.8
6.6,267,10.3,22.8
6.8,278,8.4,22.9
6.3,278,7.4,22.8
6.5,279,7.8,22.7
5.3,284,6,22.5
4.7,293,5.6,22.2
4.4,309,5.2,21.9
4.7,310,5.9,21.6
4.5,309,6.1,21.5
5.2,319,7.1,21.1
6.5,312,7.4,21.1
7.8,305,9.4,21.1
9.2,296,10.7,21.3
8.3,299,9.8,21.1
6.6,304,7.8,20.9
6.6,299,7.2,20.9
6.1,294,6.8,20.8
5.4,293,6.4,20.7
4.5,290,5.5,20.6
4.9,286,5.9,20.4
6.5,282,7.6,20.3
7.3,279,7.9,20.3
7.3,278,8.1,20.4
7,282,7.8,20.4
6.7,286,7.2,20.5
6.3,290,7.4,20.5
7.3,292,8.3,20.6
7.7,295,8.8,20.5
7.7,298,8.7,20.4
7.4,301,8.5,20.6
6.6,298,8.1,20.6
5.7,289,7,20.4
5.3,284,5.6,20.2
5.3,284,5.8,20.1
5.8,282,6.2,20.3
5.8,282,6.7,20.4
5,280,5.7,20.4
4.6,280,5.3,20.4
4.7,282,5.4,20.4
5.1,288,5.8,20.5
4.3,296,5.3,20.5
4,298,4.9,20.4
4.9,297,5.7,20.3
4.9,295,5.5,20.2
5.3,297,6.3,20.1
5,301,5.8,20
5,305,6,20.1
4.1,315,5.2,19.9
3.7,328,4.6,19.8
3.7,331,4.6,19.6
2.2,333,4,19.7
3,354,4.7,19.8
3.5,353,4.3,20.1
4.2,341,5.4,20.1
4.2,329,5.4,20
3.5,323,4.3,19.7
3.5,320,4.3,19.4
2.9,320,3.7,19.4
3.1,313,3.7,19.2
3.5,316,4.6,19.3
2.8,318,3.5,19.3
2.1,317,2.8,19.2
2.1,321,2.7,19
2.1,329,2.8,18.9
2.1,335,2.8,19
3.3,342,5.1,19.3
4.7,346,5.6,19.5
4.7,347,5.6,19.6
5.5,346,6.6,19.7
5.7,351,6.8,19.8
5.4,2,6.5,19.7
5.2,359,6.1,19.4
4.9,352,5.9,19.4
4.6,345,5.3,19.4
3,350,4.8,19.4
2.9,350,3.9,19.2
2.9,343,3.5,19.2
2.1,346,3.2,19.1
2.7,337,3.4,19.2
2.5,313,3.3,18.7
1.8,320,2.4,18.6
3.1,318,4.9,18.5
5,318,5.8,18.3
4.1,338,5.1,18.6
3.5,320,4,18.6
3.4,338,4.4,18.8
3.1,351,4.3,18.9
4.6,2,6.2,19.2
4.9,4,6.5,19.4
6,9,8.3,19.6
6.5,10,7.9,19.5
6.6,5,7.6,19.4
7.8,1,9.4,19.4
8.4,1,10.1,19.4
7.6,356,9.8,19.3
5.1,342,6.1,18.7
6.1,355,7.2,18.9
6.6,5,8,19
6.4,11,7.6,19
6.5,14,8.7,19
6,16,7.3,19
6.4,19,10.2,18.9
8.2,17,9.5,18.8
7.9,16,9.3,18.7
7.2,20,8.5,18.8
6.3,23,7.8,18.8
5,20,6.2,18.9
5.1,19,7.1,19
4.9,31,6.6,19.1
6.1,37,7.4,19.3
7.2,37,8.5,19.5
7,37,8.3,19.5
6.1,30,7.3,19.4
5.7,31,6.4,19.5
5.4,28,6.4,19.6
4.9,25,5.8,19.6
4.5,26,5.4,19.6
4,29,4.9,19.6
4.1,28,5,19.6
4.1,30,5,19.7
4.6,24,5.7,19.9
4.6,13,6.1,20.1
3.7,16,4.2,20.2
3,13,3.8,20.4
3.5,13,5.2,20.5
5,21,6.1,20.4
4.5,27,5.4,20.4
3.7,23,4.7,20.5
3.2,22,4,20.6
3.5,28,4.6,20.8
5.1,31,6.3,21
4.8,27,5.7,21.1
4.5,31,5.9,21.2
4.8,30,6,21.3
4.7,32,6.1,21.4
3.4,30,4.5,21.6
3.5,42,4.4,21.6
3.1,38,3.9,21.8
3.6,37,4.4,22
4.8,34,6.7,22.1
7.2,41,8.2,22.2
6.8,41,8.2,22.3
5.9,45,7.3,22.3
6.1,40,7.1,22.5
5.2,48,6.3,22.4
5,42,6.2,22.5
4.5,34,6.4,22.7
4.6,28,5.8,22.9
3.9,26,5.6,23.1
4.2,32,4.9,23.1
4.1,27,5,23.2
4.1,45,6.2,23.1
4.8,55,6.2,23
4.4,47,5.7,23.2
4,51,5.1,23.2
4,65,4.8,23.2
3.5,66,4.7,23.3
3.2,54,4,23.4
3.1,47,3.9,23.5
2.7,50,3.7,23.5
2,73,3.3,23.7
2.5,77,3.9,23.8
0.7,84,1.6,24.1
0,51,0,24.7
0,0,0,25
0,161,0,24.8
0,0,0,24.4
0,0,0,24.1
1.1,223,3.9,23.9
7.5,231,9.3,22.5
8.9,223,9.7,22.2
8.9,221,9.9,22.2
7.8,213,8.9,22.3
7.5,207,8.8,22.4
7.5,206,8.6,22.4
7.7,206,8.6,22.4
7.9,209,8.9,22.3
8,206,9,22.2
8.2,204,9.5,22.2
8.4,199,9.2,22.2
8,201,8.8,22.6
7.4,201,8.5,23
7.5,206,8.6,23.3
8,204,9.2,23.4
7.9,216,9.1,22.5
7.7,219,10.3,22.7
8.8,219,9.9,22.3
8.4,205,9.3,22.5
8.7,211,9.5,22.7
8.9,220,10,22.5
9,211,10,22.6
8.6,206,9.6,22.8
9.3,209,10.3,22.8
9.5,210,10.4,22.4
9.7,212,10.7,22.5
10,209,10.7,22.6
9.4,211,10.2,22.6
9.5,209,10.3,22.7
9.9,208,11.4,22.6
9.8,210,10.6,22.7
10.1,207,11.4,22.7
10.4,205,11.5,22.7
11.1,205,12.7,22.5
11.5,210,15.4,21.9
12.4,209,14.5,20.7
12.2,208,13.6,20.8
12.3,209,14.1,21
12.3,210,13.9,21
13.1,211,15.1,21.1
13.4,211,14.9,21.1
13.5,216,15.7,21.3
12.1,221,14.4,21.2
12.9,217,15.3,21.5
13.3,214,15.2,21.5
13.1,211,14.7,21.5
12.4,209,14.2,21.5
12.3,211,13.9,21.2
12.8,211,14.4,21.2
12.2,215,14.3,21.3
11.6,213,13.4,21.4
11.9,211,13.7,21.3
12.5,211,13.9,21.2
12.6,210,14.2,21.2
12.3,207,13.9,21.1
11.7,209,13.1,21
12,209,13.5,21
11.8,208,13.4,21
12,207,13.5,21
11.1,208,12.7,20.8
11.3,209,13.9,20.8
11.1,208,13,20.8
11.1,209,12.9,20.8
11.3,209,13.8,20.8
11.7,210,13.4,20.8
11,209,12.4,20.9
11.6,209,13.2,20.8
11.4,206,12.7,20.8
11.2,204,12.6,20.9
10.7,203,12.8,20.8
10.3,205,12.1,20.8
10.9,209,13,20.6
10.9,212,12.8,20.7
10.8,211,13.1,20.7
10.9,211,12.8,20.7
10.4,211,12.3,20.7
11,210,12.3,20.6
11,210,12.5,20.7
10,212,12,20.8
9.6,211,11,20.7
9.9,208,11.3,20.7
9.6,208,11.1,20.7
10,206,12.4,20.8
10.4,204,12.2,20.8
10.1,204,11.5,20.8
10,207,11.5,20.8
9.9,209,11.4,20.8
10.2,212,11.4,20.8
10.2,211,12,20.8
10,217,11.5,20.8
9.8,224,11.7,20.9
9.7,223,11.5,20.9
9.3,217,10.9,21
9.2,213,11.2,20.9
9,212,10.7,20.8
8.3,215,9.8,20.6
8.2,214,9.6,20.6
8.4,203,9.6,20.4
7.6,208,9.1,20.4
7.6,215,8.9,20.3
7.8,219,9.3,20.3
7.7,221,8.7,20.3
6.9,223,8.2,20.2
6.4,226,7.6,20.2
6.5,227,7.6,20.1
5.8,231,6.6,20.2
5.4,231,6.2,20.3
5.2,233,6,20.3
4.9,244,6.3,20.7
4.1,260,5.4,20.9
4.2,280,4.9,21.3
4.4,290,5.4,21.5
5.4,299,6.6,21.5
6.6,306,8,21.5
6.3,303,7.8,21.4
5.1,301,6.4,21.2
5.7,303,7.1,21.1
5.5,304,6.7,21
4.8,308,6,20.9
4.7,310,5.3,20.8
4.6,308,5.1,20.8
4.8,308,5.5,20.9
4.6,308,5,20.8
4.4,305,4.9,20.9
3.2,302,4.1,20.7
2.1,300,2.7,20.7
1.6,301,1.9,20.7
1.4,301,1.7,20.7
1.2,294,1.7,20.7
1.2,283,1.8,20.7
1.7,277,2.1,20.7
1.5,271,2.1,20.7
1.8,258,2.1,20.8
1.8,233,2.9,21
3.3,237,3.9,21.1
3.5,233,4,21
3.5,230,4.2,21
3.4,223,4.3,20.9
4.2,237,5.3,20.9
4.4,254,5.4,20.9
4.7,262,5.5,20.8
4.5,261,5.2,20.8
4.3,262,5.3,20.7
4.3,257,5.1,20.7
4.5,251,5.1,20.8
3.9,248,4.6,20.8
3.5,250,4.3,20.6
3,257,3.7,20.6
2.9,262,3.2,20.5
2,256,2.9,20.5
2.3,264,2.8,20.4
2.5,271,2.9,20.1
2.8,271,3.2,20
