11.1,270,12.5,14.9
10.8,272,12.6,14.9
10.2,270,11.7,15
10.7,277,12.9,15
11.7,278,12.9,15
11.9,277,13.4,15
11.8,276,13.3,15
11.8,277,12.7,15
10.8,278,11.9,15
10.9,279,12.2,15.1
10.6,281,11.8,15.1
10.2,282,11.5,15.1
10.4,284,12.6,15.2
11.6,294,13.7,15.4
12.7,299,15.3,15.6
14.1,300,16.1,15.6
14.7,294,17.5,15.6
15.3,298,17.9,15.4
13.9,297,17.3,15.4
13.8,297,15.9,15.3
14.6,302,16.3,15.1
14.4,304,16.5,15.1
14.5,299,17.5,15.1
16,303,18.2,14.9
15.6,301,19.2,14.8
16.1,300,19.6,14.8
15.4,295,17.7,14.7
13.4,293,15.3,14.7
14,292,16.7,14.8
14.1,292,15.8,14.7
13,291,16,14.7
11.7,285,13,14.6
11.5,282,12.7,14.6
12.4,279,13.7,14.5
12.6,276,14.2,14.5
12.4,279,13.8,14.6
12.9,275,14.6,14.5
-1,-1,-1,-1
12.8,273,13.9,14.5
13.2,273,15.3,14.5
13.5,271,15.7,14.4
13,272,14.4,14.4
12.4,271,14.7,14.4
13.2,270,15.8,14.3
12,265,14.1,14.4
12.3,259,14.5,14.3
11.9,259,14,14.2
11.8,258,13.5,14.2
11.9,259,13.2,14.2
11.7,259,13.1,14.3
11.6,260,12.7,14.2
11.4,259,13.3,14.3
11.8,259,13.1,14.3
11.9,263,14.3,14.3
12.8,266,14.9,14.3
12.8,268,15.2,14.4
11.3,266,13.2,14.4
11.2,264,13,14.4
11.5,262,14.8,14.3
11.1,260,13.3,14.3
10.6,259,12.4,14.4
11.1,262,12.7,14.5
11.3,263,12.7,14.5
11.8,258,13.4,14.5
12,253,14.1,14.5
11.3,249,13.6,14.4
11.7,252,14,14.3
11.8,255,13.8,14.3
12.2,255,14.3,14.3
12.9,253,14.7,14.3
13.1,255,14.8,14.4
12.2,253,14.2,14.5
12.4,253,14.6,14.4
11.9,252,13.4,14.4
11.8,248,13.4,14.4
11.6,249,13,14.4
12.1,254,13.9,14.4
12.8,253,14.6,14.4
12.1,253,13.8,14.4
12.8,255,14.6,14.5
12.5,257,13.9,14.5
13,257,14.3,14.6
13.2,258,15.1,14.5
12.6,264,14.2,14.8
12.9,262,15,14.8
11.9,262,13.7,14.9
11.5,260,13.7,14.9
12.3,266,13.7,14.9
12.1,268,14.5,15.1
12.1,267,14.1,15.2
12.3,272,13.8,15
13.1,275,15.1,15
13.6,281,15.7,15
14.3,282,15.8,14.9
14.8,278,17.8,14.9
13.4,283,14.9,15.1
13.4,281,15.3,15
12.4,282,14.2,15
11.9,280,13.4,15.1
12.1,276,13.6,15
11.4,282,12.9,14.9
11.1,279,12.3,15
10.6,279,12.3,15.1
11.1,273,12.6,15.2
11.1,274,12.9,15.2
10.4,271,12,15.2
10.8,272,12,15.2
11.2,276,12.6,15.1
10.7,274,12,15.2
10.3,276,11.3,15.1
10.1,277,11.2,15.1
9.7,274,10.7,15.1
9.8,272,10.9,15.1
8.8,275,10,15.2
8.6,271,9.7,15.2
9,268,10.2,15.2
8.8,269,9.8,15.2
8.9,267,9.8,15.2
9.3,268,10.4,15.2
9.9,271,11,15.1
8.9,272,10.3,15.3
8.7,274,10,15.4
8.6,270,10.1,15.5
9.1,272,10.2,15.6
9.2,276,10.3,15.6
8.8,279,10.3,15.6
8.4,277,10.1,15.7
9,277,10.5,15.6
9.4,277,10.4,15.7
9.1,274,10.4,15.8
8.9,271,9.8,15.8
8.6,272,9.4,15.9
8,269,8.9,16
8.1,271,8.9,16
8,270,9.1,16.1
7.5,265,8.4,16.2
8,265,8.9,16.1
7.2,258,8.2,16.1
8.5,262,9.8,16.2
9,263,10,16.2
8,257,9,16.1
9.6,264,10.5,16.2
8.7,267,10,16.4
8.3,268,9.6,16.4
8.7,272,9.8,16.4
8.4,268,9.8,16.5
7.5,262,8.9,16.6
8.2,258,9.9,16.5
7.8,243,10,16
8.9,236,11.1,15.7
10.6,220,14.7,15.5
11.9,212,14.3,15.3
10.9,222,13.6,15.3
12.7,219,15.8,15.1
13.9,219,16.4,15.1
13.4,217,15.1,15.2
12.2,222,14.4,15.5
14.5,220,17.4,15.1
14.8,217,17,15.2
14.9,219,17.4,15
17.2,221,18.9,14.8
17.9,222,20.2,14.8
17.4,220,19.7,14.7
18,219,20.6,14.6
18.5,218,20.3,14.6
17.9,216,19.7,14.7
17.9,216,19.4,14.7
16.5,215,18.5,14.7
16.3,219,18.1,14.9
17.1,224,19,14.9
18.2,222,19.8,14.9
17.8,220,19.5,14.8
17.7,222,19.7,14.9
17.8,226,19.6,14.9
18.3,227,20.3,14.8
18.5,224,20.7,14.8
18.2,225,20.3,14.7
17.5,227,19.6,14.7
17.6,230,19.9,14.7
16.8,229,18.4,14.7
17.2,230,19,14.8
16.7,234,18.6,14.9
15.6,229,18.7,14.9
14.7,234,17.4,15.2
14.9,238,16.7,15.4
15.5,241,16.9,15.4
15.2,241,16.5,15.5
14.9,239,17.1,15.5
13.6,242,15.6,15.5
13.9,244,15.6,15.5
14,240,15.7,15.5
13.8,242,15.8,15.6
14.3,241,16.5,15.6
14.1,239,15.8,15.7
13.4,236,15.3,15.8
13.5,233,15.3,15.8
13.3,236,15.1,15.9
13.1,235,15,15.9
13.5,236,15.3,15.9
13.4,237,15.4,15.9
13.8,239,16,15.9
14.2,239,17.1,15.9
14.1,240,16,15.9
14.9,241,16.7,15.9
15,244,17.1,15.9
15,244,16.6,15.9
15.2,245,17.3,15.8
15.8,246,17.4,15.8
14.7,244,16.6,15.8
14.1,248,16.9,15.9
14.1,249,16.4,15.9
13.7,251,16.1,15.9
15,257,16.8,16.1
15.8,254,17.7,16
13.3,250,16.2,16
15.4,254,17.6,16.1
16,252,17.8,15.9
14.7,253,16.9,16.1
15.3,255,17.2,16.2
14.9,254,16.9,16.1
16,252,18.4,16
15.6,252,18.2,16
15.5,250,17.2,16.1
15.6,253,17.4,16.1
15.1,252,17,16
14,252,16.4,16.1
14,254,16.9,16.1
15.1,253,17.6,16.1
14.8,254,17.5,16.1
14.1,253,16.1,16
15.4,255,18.5,16
15.8,257,17.5,16
15.8,255,18.1,16
15.7,257,17.6,16
14.7,256,17,16
14.1,255,16.3,15.9
15.5,253,18,15.8
15.5,252,17.5,15.7
16,254,17.7,15.8
14.8,257,17,15.9
13.8,258,16.1,15.8
13.6,255,15.7,15.7
14.4,254,15.8,15.5
14.2,258,16.1,15.3
14.5,260,16.5,15.3
15,262,17.7,15.2
13.8,261,16.1,15.1
13.8,262,15.7,15
15.3,264,17.1,14.9
14.4,266,16.4,15
15.3,266,16.7,14.8
14.9,266,16.9,14.8
14.5,267,16.3,14.7
13.9,268,15.4,14.7
14.1,268,15.1,14.6
13.8,269,14.7,14.6
13.8,267,15,14.6
14,266,15.1,14.4
13.2,269,14.6,14.5
12.3,268,13.6,14.5
12.7,268,13.8,14.4
12.1,267,13.7,14.5
11.6,272,12.8,14.4
10.3,276,11.4,14.6
10.1,285,11.2,14.6
10.7,282,12.1,14.6
10.9,281,12.8,14.7
11.5,281,13.5,14.8
11.2,285,12.9,14.8
11.3,285,13,14.9
11.4,282,12.7,14.9
10,283,11.9,14.8
9.5,286,10.8,14.9
9.7,282,10.6,14.8
9.4,282,10.2,14.8
9.4,282,10.2,14.8
9.8,280,10.6,14.7
9.5,280,10.6,14.8
9.1,278,10,14.8
9.4,277,11.1,14.8
9.6,278,10.8,14.9
9.4,275,10.8,14.8
9.6,276,10.6,14.9
9.7,275,11.1,14.9
9.9,275,10.8,14.9
9.4,281,11.3,15
8.9,282,10.2,15
8.8,282,9.9,14.9
8.2,278,9.7,14.9
7.6,278,8.5,14.9
6.7,284,7.7,14.9
6.9,282,7.8,14.9
7,275,7.8,14.9
7.5,270,8.2,14.8
8,276,9.1,14.9
8.3,280,9,14.8
8.4,282,9.4,15
8.4,280,9.5,14.9
8.6,277,9.5,14.8
8.2,277,9.3,14.9
7.9,277,9.5,14.8
8.2,274,9.1,14.9
8.4,279,10,14.9
6.9,293,7.9,15.2
6.6,295,7.8,15.1
5.7,301,6.8,15.1
5.5,321,7.1,15
5,333,6,15
5.1,346,6.2,14.9
4.8,350,5.4,14.6
5,337,5.9,14.5
4.8,342,5.7,14.4
4.3,360,5,14.3
4.6,11,5.8,14.1
4.2,10,5.1,14.1
3.8,358,5.1,14
3.8,8,4.6,14
3.7,357,4.4,14
3.8,348,4.3,13.9
4.1,338,4.6,13.9
4.2,344,5.2,13.9
4.9,344,5.6,13.8
4.7,342,5.9,13.8
4.4,340,5.2,13.7
4.6,341,5.6,13.7
-1,-1,-1,-1
3.8,339,4.8,13.8
4.3,339,4.9,13.8
3.7,5,4.7,13.7
3.5,2,4.7,13.7
3.8,339,4.7,13.7
3.2,329,3.8,13.7
2.8,332,4.2,13.8
1.8,4,2.6,13.7
2.2,14,2.9,13.7
2.4,355,3.5,13.6
3.2,325,5.2,13.7
4.9,302,5.8,14
4.4,300,6,14.1
5.6,304,7.6,14.1
5.9,307,6.9,14.1
5.4,319,6.7,14.2
4.8,303,5.7,14.1
4.9,314,6,14
5,308,5.9,14
5.9,312,7.2,13.9
5.7,320,6.6,13.9
5.5,326,6.3,13.8
4.9,332,5.9,13.8
5.4,318,7.3,13.8
6,309,7,13.8
6.3,320,7.1,13.7
5,357,7.2,13.5
4.6,19,6.2,13.4
3.5,12,4.8,13.4
3.8,337,4.9,13.2
4.2,357,5,13.3
3.7,357,4.8,13.2
2.9,350,4.4,13.3
2.7,2,3.8,13.3
2.8,30,3.5,13.2
2.5,33,4,13.4
2.8,34,3.9,13.5
2.8,9,3.7,13.5
3.7,28,4.9,13.6
4.3,50,5.4,13.6
4.6,47,5.7,13.4
4.1,29,5.6,13.2
2.7,20,3.5,13.2
3.2,16,4.1,13.4
2.3,18,3.8,13.2
2.6,44,3.4,13.2
1.9,45,2.7,13.1
2.6,37,4.1,13.1
3,29,5.3,13.1
1.2,19,2.8,13.1
3.3,60,4.3,13.1
4.2,71,5.7,13.4
2.9,89,3.9,13.2
3.2,98,4.3,13.2
1.7,84,3,13.3
2.1,94,3.1,13.5
2,100,3.3,13.9
3,113,4,13.6
3.1,124,4,13.6
3.5,135,4.8,13.6
4.2,135,5.3,13.5
4.1,142,5.2,13.6
4.2,147,5.1,13.6
4.9,152,6,13.6
5.1,146,6.2,13.6
5.4,157,6.5,13.8
5.1,158,5.8,13.9
5.4,154,6.4,13.9
4.9,157,6,13.9
5.1,150,6.6,13.9
5.8,149,7,13.9
5.8,151,7.4,13.9
6.3,148,7.9,13.9
6.8,145,8.4,14
6.5,146,8,14.1
7.1,140,8.4,14
8,145,9.9,14
7.9,142,9.5,14.1
8.5,146,10.6,14.2
8.9,147,10.6,14.2
10.3,144,11.7,14.2
10.9,144,12.4,14.1
11.8,139,13.1,14.1
11.9,142,13.5,14.1
12.9,136,14.3,14
13,134,14.9,14
13.2,136,14.8,14.1
12.8,148,15,14.2
13,167,14.5,14.2
12.8,168,14.1,14.4
13.1,175,15.3,14.2
13.1,183,15.7,14.2
14,175,15.8,14
14.8,168,16.6,13.9
14.3,172,16,13.9
14.5,177,16.3,13.8
14.3,172,16.3,13.8
14.2,171,15.5,13.6
13.1,157,14.9,13.8
13.1,159,14.6,13.7
13.6,154,14.7,13.6
12.4,162,14.1,13.6
11.4,172,13.3,13.7
11.4,171,13.1,13.7
11.7,168,13.2,13.6
11.3,170,12.7,13.6
11.5,165,13.1,13.6
11.2,159,12.9,13.7
11.3,152,12.8,13.8
11.8,142,13.3,13.6
12,138,13.4,13.5
12.4,134,13.7,13.5
12.4,132,13.9,13.5
12.4,133,14.1,13.5
12.1,132,14.3,13.5
10.1,138,12.4,13.6
8.3,181,11.9,13.6
8.9,200,10.3,13.7
7.8,190,10.3,13.8
7.6,187,9.2,13.9
8.3,181,9.6,13.8
9.6,177,11.3,13.9
10.1,177,11.9,13.9
10.8,174,12.5,13.9
11.3,173,12.5,13.9
11.7,179,12.9,13.9
11.8,178,12.9,13.9
11.7,183,13.5,13.9
11.2,185,12.5,13.9
11.5,181,13,13.9
10.9,183,12.9,13.9
10.9,183,12.6,13.8
10.4,189,12.4,13.8
9.5,187,11.8,13.8
10.5,183,11.9,13.6
10.2,190,12.3,13.7
10.1,193,12.4,13.6
10.3,192,11.9,13.7
9.9,183,11.6,13.6
9.1,171,10.4,13.8
10.5,174,11.9,13.8
10.1,171,11.5,13.9
10.3,160,11.8,13.8
10.9,150,12.8,14
11.6,160,12.7,14
12.1,165,13.7,14.1
12.4,178,14,14.1
12.5,188,14.2,14.2
12.8,193,14.8,14.1
13.8,197,16.5,14.1
11.6,192,15.5,14.1
12.6,197,15.7,14
13.4,204,15.1,14
11.4,194,13.5,14
12,194,13.9,13.9
12.6,192,16.5,14
12.4,191,14.1,14
12.5,193,15.1,14
13,195,15.8,14.1
13.3,198,15.7,14
12.5,197,15.5,14.2
14.1,201,17.7,14.1
15.1,206,16.8,14.2
14.9,211,17.6,14.2
14.7,215,16.6,14.1
16.1,224,18.4,14.1
15.8,223,18,14.1
16,224,17.5,14
15.9,221,17.8,14.1
15.3,223,16.7,14.2
13.8,228,16.6,14.2
12.2,226,14.5,14.4
13.1,222,14.5,14.2
14.4,221,16.6,14
14.8,219,16.2,14
14.5,219,16.3,14.1
15.6,221,16.6,14
14.9,224,16.8,13.9
13.2,223,14.7,14
13.2,222,14.5,13.9
13.4,223,15,14
13.3,221,14.5,13.9
12.5,222,14,14
12.1,224,13.6,14
11.4,224,12.9,14.1
11.2,228,12.5,14.3
11.5,242,14.9,14.4
13.6,241,15.9,14.4
13.6,240,15.6,14.6
13.4,241,15.4,14.5
12.7,243,14.7,14.5
12.4,245,14,14.7
12.9,243,14.5,14.6
12.6,242,13.9,14.6
12.5,241,14.5,14.6
12.3,239,13.5,14.5
13.3,240,16.3,14.4
14.5,238,16.6,14.4
13.9,239,16.5,14.3
13.9,240,15.9,14.3
14,238,17.1,14.4
13.9,239,16.3,14.4
13.3,244,15.5,14.5
15.2,248,17.8,14.5
14.3,246,16.9,14.5
13.9,241,17.3,14.5
13.2,238,15,14.6
14.3,235,17.4,14.6
14,233,16.3,14.6
14.6,228,16.8,14.9
12.4,210,14.4,14.5
13.5,212,15.9,14.3
14.9,218,17.8,14.3
14.8,219,17,14.2
14.5,218,16.3,14.2
14.3,223,16.4,14.2
13.4,224,15.9,14.3
13.9,224,17.6,14.3
15.5,228,17.5,14.3
15.6,226,18.3,14.4
16.2,229,18.5,14.3
16.3,229,18.4,14.4
16.2,227,18.1,14.5
15.5,227,18.6,14.6
15.6,225,18.4,14.6
18.5,225,22.1,14.6
18.4,226,21.5,14.6
19.4,225,23.2,14.7
19.2,223,22.2,14.6
19.2,223,22,14.6
19.4,222,24.2,14.6
21.3,222,24.8,14.6
21.8,222,26.5,14.6
20.9,219,25.2,14.6
19.5,217,22.3,14.6
20.8,213,23.8,14.5
20.9,211,24.5,14.5
22.6,213,26.8,14.6
24,214,27.9,14.5
22.2,217,26.3,14.5
21.6,218,24.6,14.5
21.8,219,26.5,14.5
22.4,220,26.5,14.6
22,219,26.3,14.4
21.7,221,26.1,14.4
22.4,222,25.6,14.4
21.5,224,24.7,14.3
22.1,221,26.5,14.4
23.3,221,26.9,14.4
23,222,27,14.3
23,221,26.8,14.4
23.1,222,27.4,14.3
22.9,223,27,14.3
22.8,225,26.2,14.2
21.7,226,25.1,14.3
20.7,227,23.5,14.2
21.6,228,25,14.2
21.7,226,25.1,14.2
21.3,225,24.8,14.3
22,226,25,14.3
21.8,225,25.2,14.2
22.3,226,25.5,14.3
21.9,226,25.3,14.3
21,228,24.5,14.4
21,228,24.5,14.3
20.8,230,23.6,14.3
21,228,24.7,14.3
20.4,230,23.1,14.3
19.1,232,21,14.3
17.8,233,21,14.4
17.1,231,19.3,14.4
16.6,235,20.6,14.3
17.7,237,21,14.2
17.1,237,19.3,14.2
17.9,235,20.2,14.4
18.1,236,21.2,14.3
17.7,237,21,14.4
18.1,234,20.8,14.4
17.4,234,20.1,14.4
18.8,237,20.8,14.4
19.1,240,22.4,14.3
18.7,242,21,14.3
19.8,239,23.5,14.3
20.9,240,24.6,14.3
21.3,243,24.3,14.3
21.7,246,25.3,14.2
20,246,23.2,14.3
-1,-1,-1,-1
21.4,249,24.5,14.3
19.9,247,22.4,14.3
18.9,245,22.4,14.3
18.7,246,22.6,14.4
20.9,247,23.5,14.3
19.3,245,21.9,14.5
19.7,245,23.1,14.4
21.1,248,24.7,14.4
22.7,252,26.3,14.4
22.4,253,27.2,14.4
20.6,257,24.9,14.4
19.8,256,22.4,14.4
18.9,257,21.7,14.5
19.3,258,22.3,14.4
17.9,259,20.8,14.5
16,256,18.3,14.5
17.3,258,19.8,14.5
17.4,257,20.5,14.5
18.5,259,21.2,14.4
17.5,260,20.4,14.5
17,261,20,14.4
15.4,262,18.9,14.6
15.8,261,17.9,14.6
16.5,258,19.4,14.5
15.5,259,18,14.6
15.7,259,17.6,14.6
16,260,18.1,14.6
16.6,259,18.4,14.6
16.9,260,18.6,14.7
15.4,259,17.2,14.7
14.7,259,17.2,14.8
12.9,254,14.8,14.8
14.3,254,16.9,14.8
14.4,254,16.2,14.7
13,254,15.3,14.8
12.1,250,13.7,14.7
12.4,252,13.9,14.8
12.3,253,14.2,14.8
13.3,255,15.1,14.9
12.9,255,14.6,15
13.9,258,16.4,15
14.3,262,17,15.1
16,264,18.7,15.1
16.4,267,19,15.2
16.7,267,19.8,15.2
15.9,266,18.9,15.2
15.5,267,17.8,15.1
14.3,265,16.4,15.2
14.3,264,16.7,15.2
14.6,261,17.4,15.2
14.9,259,16.8,15.1
15.8,260,17.9,15.2
15.3,260,17.9,15.2
15.6,259,18.1,15.2
15.6,263,18.9,15.2
15.7,265,17.9,15.3
16.6,266,19.6,15.2
16.8,264,19.9,15.4
16.6,265,19.9,15.4
17.2,265,19.4,15.3
17.1,266,19.7,15.2
17.6,269,20.2,15.3
17.8,272,21,15.2
17.9,269,20.9,15.2
16.7,270,19.8,15.3
15.2,272,17.4,15.3
15.7,270,19.2,15.3
16.5,270,18.9,15.3
16.2,268,19.9,15.3
16.9,270,19.8,15.4
16.5,271,19.4,15.3
16.8,270,20.3,15.3
17.6,272,19.9,15.3
15.8,275,18.5,15.4
17,279,20.7,15.3
18.5,280,21.4,15.3
19.7,284,21.8,15.1
19,285,21.8,15.2
18,286,20.2,15.2
17.2,283,19.2,15.3
15.1,280,18.3,15.5
16.6,279,19.1,15.4
16.3,280,18.5,15.4
16.8,283,19.1,15.5
18.1,285,20,15.6
16.3,283,19,15.7
14.4,283,17.6,15.7
14.7,283,17.1,15.8
16.1,284,19.3,15.9
16.1,281,18.4,16.1
16.5,283,19.3,16.3
16,282,18.3,16.4
14.5,282,17.1,16.4
15.5,280,18.3,16.6
17.7,279,20.1,16.6
17.1,280,19.1,16.6
17.3,281,19.8,16.6
16.5,281,18.6,16.7
15.8,280,17.6,16.8
15.3,277,17,16.8
15.6,272,17.6,16.8
15.3,272,17.6,16.8
15.1,274,17.1,16.9
15.2,273,17.6,17.1
15.6,275,18.2,17.2
15.7,278,18.1,17.3
16.2,277,17.8,17.3
14.7,273,17.1,17.3
14.8,272,17.6,17.1
16.8,278,20.4,17.2
16.1,277,18.9,17.2
16.2,276,18.8,17.1
15.4,273,18.3,17.1
14.7,273,16.4,17.2
14.5,272,16.3,17.3
15.8,268,17.5,17.3
15.1,269,16.7,17.3
14.3,267,15.5,17.4
14.1,265,15.5,17.4
13,265,14.6,17.4
14.4,269,16.4,17.5
13.6,274,15.9,17.5
15,274,17.1,17.4
16.1,273,18.1,17.3
16,270,17.7,17.4
16,269,18,17.5
15.4,266,16.9,17.5
15.5,265,17.6,17.5
16.7,265,19.1,17.5
17.3,264,19,17.5
16.7,258,18.6,17.3
16.5,259,19.4,17.3
14.2,256,15.4,17.4
14.1,246,15.3,16.9
14.9,248,16.5,16.9
13.4,247,15.9,17
14.1,264,16,17.5
14.9,267,16.4,17.5
15,270,16.8,17.5
16,273,18.1,17.4
17.1,272,19.6,17.3
18.1,274,20.2,17.4
17.5,273,20.2,17.4
16,275,18.1,17.5
16.2,277,17.8,17.6
14.9,283,16.9,17.8
15.6,282,18.1,17.9
16.3,279,18.5,17.8
15.8,280,18.2,17.9
14.3,281,16,17.8
15.6,283,17.2,17.9
15.2,279,16.9,17.8
15,278,16.7,17.9
15.6,279,16.9,17.9
15.3,281,18.3,17.7
16.2,273,18.9,17.6
15.3,281,20.1,17.8
17.2,287,19.7,18
18,286,20.1,18.1
17.5,277,20.1,17.5
15.9,279,17.8,17.4
16.6,279,20.1,17.4
16.6,277,18.7,17.5
17.1,276,19.4,17.5
16.4,274,19.1,17.5
17.1,276,19.5,17.6
17.7,276,19.2,17.6
16.6,272,19.2,17.5
15.9,266,18,17.3
16.1,266,18,17.4
15,267,16.9,17.4
15.5,264,17.2,17.4
15,266,17,17.4
14.2,264,15.5,17.4
13.6,263,15.3,17.3
13.8,266,15.7,17.4
14.1,271,16.1,17.4
15,272,17,17.5
14.5,274,18.1,17.4
15.4,272,18,17.5
15.7,272,17.8,17.5
14.6,285,17.2,17.5
15.8,292,17.4,17.7
15.6,294,17.4,17.9
15.5,296,18,18
13.8,300,15.6,18.2
13.2,306,15.3,18.3
10.7,310,12.5,18
10.9,306,12.4,18
9.4,313,11.2,18
10.4,311,11.8,18.1
10.5,309,12.5,18.1
9.6,312,11,18.1
8.7,289,10.2,17.8
9,274,12.4,17.4
7.9,279,10.4,17.5
7.2,272,8.4,17.4
7.3,258,8.5,17.1
7.2,245,8.5,16.8
8.3,244,10.5,16.7
10.1,250,11.8,16.7
9.6,247,10.7,16.5
10.4,240,12.4,16.4
11.6,239,12.5,16.5
10.8,239,11.9,16.4
10.6,243,11.2,16.5
9.9,239,10.9,16.4
9.7,236,10.4,16.3
9.8,236,11.8,16.2
10.2,238,11.6,16.3
10.1,241,11.1,16.3
10.2,243,11,16.3
10.4,245,11.5,16.3
10.7,243,11.5,16.3
10.3,243,11.4,16.3
11,248,12.2,16.3
12,248,13.8,16.3
13.2,249,14.3,16.4
13.3,250,15.3,16.4
13.3,253,14.8,16.4
11.7,253,13.6,16.3
12.6,255,14.9,16.2
14.5,261,16.4,16.2
13.4,262,15.4,16.1
12.4,261,13.7,16
11.5,261,12.8,16
10.7,259,13.4,15.8
10.4,253,12.2,15.7
9.3,250,10.4,15.5
10.5,256,12.3,15.4
12,254,12.6,15.3
11.5,251,12.7,15.2
10.7,256,11.6,15.2
10.7,261,11.4,15.1
10.2,264,11.5,15.1
9.6,269,11,15.2
10.3,268,11.9,15.2
10.1,266,11.3,15.2
10.2,267,11.4,15.2
10.3,265,11.5,15.2
10.3,263,11,15.3
9.6,261,10.9,15.3
9.1,264,10.3,15.3
9.5,267,10.8,15.4
9.8,267,10.6,15.4
9.8,269,10.8,15.4
10.4,272,11.3,15.5
10,273,11.3,15.5
9.9,271,11,15.5
10.2,268,11.3,15.5
9.3,267,10.4,15.4
9.9,275,11.3,15.4
9.5,282,11.1,15.5
9.6,283,10.6,15.6
7.9,274,9.6,15.6
7.1,271,7.8,15.4
6.6,279,8,15.6
7.1,271,8.4,15.4
8.9,272,10.3,15.5
8.4,265,9.4,15.3
8.3,267,9.5,15.1
8.4,263,9.8,15
8.4,270,10,14.9
7.5,262,8.8,15
8,262,9,15
8.4,264,9.6,14.9
8.1,264,9.3,14.8
8.1,269,9.7,14.8
8.4,267,9.5,14.8
8.3,263,9.5,14.8
8.1,266,9.6,14.8
7.7,271,8.8,14.9
8.5,270,9.7,14.9
8.3,261,9.6,14.8
7.1,259,8.5,14.8
6.6,245,7.7,14.7
7.4,270,8.6,14.8
7.4,267,8.5,14.8
7.4,250,8,14.6
7.7,253,8.4,14.5
7.6,253,8.7,14.5
6.8,251,8,14.4
6.5,255,7.3,14.4
6.2,251,7.6,14.5
7,251,7.9,14.5
8.3,251,9.1,14.5
8.3,246,9.2,14.5
-1,-1,-1,-1
9.4,243,10.2,14.5
9.8,248,10.8,14.6
8.2,247,9.3,14.7
9.3,244,10.8,14.7
9.2,241,10.6,14.8
9.9,240,11.4,14.5
10.9,240,12.4,14.6
11.8,244,13.7,14.6
11.4,244,13.7,14.6
14.3,258,16.9,14.6
12.9,264,15.4,14.8
13.4,266,15.2,14.5
11.1,260,13,14.6
9.8,256,11.6,14.7
9.3,251,11.1,14.6
8.8,252,10.2,14.6
8.1,246,9.7,14.6
8.7,243,10.5,14.5
9.3,243,10.7,14.5
9.6,245,11.7,14.5
8.9,240,9.9,14.5
9.2,236,11,14.5
9.9,234,11.2,14.6
11.1,235,12.2,14.5
11.1,234,12.5,14.6
11.8,235,13.1,14.7
12.5,237,13.9,14.6
11.6,233,13.2,14.6
11.2,237,13.5,14.6
12.2,238,13.2,14.5
11.2,239,13,14.6
12.4,238,14.7,14.6
13.9,244,16.9,14.5
12.7,242,14.8,14.6
13,242,15.7,14.6
13.6,243,15.9,14.6
15.9,247,18.9,14.6
16.4,247,18.3,14.6
15.6,245,17.7,14.5
14.7,243,16.6,14.6
14.8,243,17.3,14.5
12.9,243,15.2,14.5
11.5,240,13.2,14.5
12.1,240,14.2,14.4
12.7,244,14.2,14.4
13.2,247,15.6,14.5
12.6,246,13.9,14.4
12.3,244,14.2,14.3
13.3,240,15,14.3
13.2,241,14.9,14.3
13.3,243,15.6,14.3
13.5,241,15.3,14.4
13.1,240,14.7,14.4
13.1,243,15.1,14.4
12.2,239,14.1,14.4
12.5,235,13.5,14.5
13.5,240,14.9,14.4
14,239,15.2,14.4
14,237,15.5,14.3
14.9,239,16.4,14.3
14.1,236,15.4,14.3
12.8,236,14.9,14.3
13.3,234,14.8,14.4
13.1,235,15.1,14.4
11.5,223,12.7,14.4
11.8,222,13.2,14.5
13.6,225,15.4,14.4
14.1,227,16.1,14.5
14.8,231,16.5,14.6
14.8,235,17.2,14.7
14.6,243,16.3,14.7
15.3,245,17,14.7
14.9,246,16.3,14.6
14.1,250,15.9,14.8
13.4,250,15.8,14.8
12.9,252,15.9,15
13.7,255,15.2,15
11.5,255,13.6,15.2
12.7,252,13.8,15.2
12.3,251,13.9,15.3
11.8,246,13.1,15.3
11.9,244,13.6,15.3
12.9,242,14.5,15.4
13.9,239,15.5,15.4
14,237,15.7,15.5
14.8,236,16.2,15.4
15.2,238,16.5,15.4
15.9,240,17.2,15.4
14.6,236,16.4,15.4
14.1,233,15.9,15.5
14.5,233,16,15.5
13.5,232,15,15.5
13.4,232,15.1,15.6
13.8,234,15.5,15.6
14.6,231,16.1,15.6
14.8,230,16.2,15.6
15.5,235,17.8,15.6
15.8,237,17.6,15.6
15.8,240,17.5,15.7
14.6,241,16.6,15.7
14.6,243,16,15.7
15.1,249,17.9,15.9
15.1,251,17,16
17.3,247,18.6,16.1
17,237,19.5,16.1
16.5,236,19.4,16.1
16,237,18.7,15.9
15.5,240,18.3,15.7
16.1,240,17.9,15.6
14.6,240,17.1,15.7
16,243,18.2,15.7
17.2,240,19.7,15.7
18.2,242,20.7,15.7
18.3,243,20.3,15.5
18.8,244,21.5,15.4
20,241,22.4,15.4
19.5,240,22.1,15.3
18.4,239,21.4,15.3
18.5,243,21.1,15.4
17.8,247,19.6,15.5
17.5,252,19.9,15.7
16.7,251,20.5,15.7
17.7,250,19.7,15.8
17.4,250,19.9,15.8
18.3,251,19.9,15.8
19.3,251,21.1,15.8
19.9,249,22.3,15.8
20.6,248,22.7,15.7
19.5,248,21.6,15.6
17.6,251,20.1,15.6
17.7,250,20.6,15.4
17.2,252,19.6,15.5
17.1,250,19.7,15.4
18,249,20.8,15.5
17.7,246,19.9,15.4
17.8,246,19.9,15.5
17.7,255,19.5,15.6
16.7,253,18.5,15.6
16.3,254,17.9,15.7
16.3,258,18.6,15.6
16.2,255,17.9,15.5
15.1,258,17.1,15.6
13.9,260,16.1,15.7
14.8,252,16.9,15.4
13.9,250,16,15.5
14.9,248,16.4,15.5
14.1,252,16.5,15.7
15.9,247,17.7,15.6
15.3,244,16.7,15.5
14.8,243,15.9,15.7
14.3,245,15.9,15.7
15.3,246,17.8,15.7
15.9,243,17.2,15.8
16.1,242,18,15.6
16.5,242,17.8,15.6
15.3,242,17.7,15.7
14.4,239,16.2,15.7
13.2,237,15.1,15.9
13.2,236,15.8,15.8
15.5,234,17.6,15.8
16.8,237,19,15.8
17.5,239,19,15.6
17.5,238,19.9,15.5
18.5,236,20.4,15.4
17.4,237,19.6,15.4
17.6,236,19.1,15.4
17.7,237,19.5,15.3
17.1,240,19.4,15.3
16.8,241,19.3,15.3
16.9,240,18.8,15.3
16.7,240,18.5,15.3
16.3,241,18.5,15.4
15.9,240,18,15.4
17.9,238,19.5,15.2
18.2,239,20.1,15.1
18.1,242,20.7,15.2
16,243,18,15.3
14.8,242,16.2,15.3
15.9,244,18.7,15.2
17.5,245,20,15.2
19.2,242,20.9,15.2
18.1,241,19.6,15.2
18.6,241,20.4,15.1
18.2,242,19.8,15
18,241,19.9,14.9
18.1,242,19.7,15
19,242,21.2,15.1
18.5,242,19.9,15.1
17.7,244,19.4,15.2
18.2,244,19.4,15.2
17.4,246,19.4,15.2
17.1,243,19.2,15.2
16.6,244,18.7,15.3
16.1,242,18.6,15.4
17.2,243,18.8,15.4
17.3,242,18.7,15.5
17.8,241,19.2,15.4
17.6,241,18.9,15.4
16.9,239,18.2,15.4
17.5,240,19.1,15.3
16.2,242,18.3,15.3
16.8,241,18.5,15.2
14.8,238,16.1,15.3
14.9,243,17.4,15.4
14.8,249,17.1,15.4
15.8,253,18.2,15.3
16.1,254,17.7,15.3
16.1,253,18.3,15.3
15.2,254,17.9,15.2
14.6,255,16.7,15.2
14.5,255,16.3,15.1
14.2,254,16.3,15.1
13.8,257,16.1,15.1
14.1,255,16.3,15
13.8,253,15.8,15.1
12.4,253,14.3,15.1
12.2,250,14.4,15.1
10.8,249,13.8,15.2
10.5,247,12.6,15.1
11,251,12.5,15.1
10.2,257,11.6,15.2
12,266,14.7,15.3
12.9,274,14.4,15.3
12,273,13.6,15.3
12.4,269,13.6,15.3
12,271,13.4,15.4
11.7,274,13.4,15.4
12.4,273,13.7,15.4
11.6,271,12.6,15.4
10.3,274,11.9,15.4
10.8,273,13.1,15.5
10.5,276,12.4,15.6
12.2,282,13.7,15.6
11.5,281,13.3,15.7
10.9,280,13.4,15.7
9.8,282,11.9,15.7
11,280,12.7,15.7
11.3,280,12.6,15.7
11.6,284,13.1,15.7
10.8,285,12.4,15.7
10.2,289,11.1,15.7
10.5,285,11.6,15.6
9.9,284,11.1,15.7
10.1,277,12,15.6
9.9,284,11,15.7
10.6,281,11.6,15.7
9.4,283,10.6,15.7
9.1,274,10.2,15.7
9.6,277,10.4,15.7
10.8,293,12.7,16.3
10.8,304,12.2,16.5
10.4,306,11.9,16.5
10.6,310,11.9,16.3
10.1,313,11.1,16.2
9,316,10.2,16.1
8.5,311,9.7,16
8.7,314,9.8,15.9
8.7,315,9.8,15.9
8.7,309,9.5,15.8
8.8,309,9.8,15.7
9,313,9.9,15.7
9,312,10.1,15.7
8.7,319,10.2,15.6
9.7,320,10.9,15.5
10.1,321,11.5,15.3
9.4,321,11,15.3
8.9,323,10.1,15.3
7.7,314,8.8,15.2
7,314,8.3,15.2
7.7,303,9,15.1
8.4,305,9.9,15.2
9,310,11.5,15.1
9.1,308,11.5,15
11.8,308,13.6,14.8
12.6,307,14.2,14.7
11.6,306,12.8,14.6
11.3,309,12.6,14.6
11.3,311,12.9,14.6
10.2,313,11.5,14.6
10.3,313,11.4,14.5
10.5,313,11.7,14.5
9.6,315,11.4,14.5
10.1,315,11.3,14.5
10.7,319,11.8,14.4
9.6,319,10.6,14.3
9.4,317,10.8,14.2
9,313,10.1,14.3
-1,-1,-1,-1
9.6,313,11.1,14.2
9.1,311,10.2,14.1
8.8,312,10.2,14.1
9.5,313,11.3,14
9.6,311,11.1,14.1
9.1,315,10.5,14.1
8.7,313,11.2,14
8.9,313,10.4,13.9
9.4,309,10.6,13.9
9.6,310,11.3,13.9
10.2,307,11.6,13.8
10,308,11.2,13.7
10,308,11.4,13.7
9,308,10.9,13.7
9.8,308,11.3,13.6
10,308,11.8,13.6
10.1,309,11.7,13.6
10.8,312,13.1,13.5
10.8,311,12.4,13.6
11.8,309,13.3,13.5
11.7,310,13.3,13.3
11.4,312,13,13.3
11.7,312,13,13.3
11.6,313,12.7,13.3
11.3,311,12.9,13.4
10.3,310,12.1,13.2
10.2,314,11.8,13.1
9.4,314,11.3,13.2
8.9,311,10.7,13.2
9,310,10.5,13.1
8.7,311,9.8,13.1
7.9,317,9.2,13.1
8.4,326,10.3,13.2
8.5,328,10.2,13.1
7.4,331,9,13.2
6.3,326,7.5,13.4
6.8,327,8.2,13.3
8.3,326,9.5,13.2
7.8,325,9.2,13.2
8.6,323,9.8,13.2
8.8,324,10.1,13.3
8.1,320,9.3,13.2
7.5,320,8.5,13.4
7.3,318,8.3,13.5
7.4,318,8.4,13.6
8.2,318,9.2,13.6
7.7,318,8.4,13.6
7.1,315,7.7,13.7
6.9,320,7.7,13.7
6.7,322,7.5,13.8
6.2,322,7.1,13.8
5.7,325,6.7,14
5.7,324,6.5,14
5.4,319,6.1,14.1
5.4,315,6.2,14.1
4.9,313,5.7,14.2
5.2,312,5.8,14.5
4.8,308,5.6,14.5
5.2,298,6.2,14.6
5.5,302,6.3,14.8
5.7,307,6.3,14.9
5.7,313,6.5,15
4.9,306,5.9,15.1
5.1,301,6.1,15.2
5.3,299,6.4,15.4
4.6,306,5.5,15.6
4.9,312,5.6,15.7
4.6,313,5.1,15.7
4.2,322,5.1,15.9
3.7,320,4.3,16
2.7,312,3.3,16.2
2.2,280,2.8,17.3
2,262,2.5,17.7
2.1,258,2.8,17.3
2.8,240,4.4,16.3
4.4,255,5.3,16.2
4,252,4.6,16.1
3.9,245,4.6,16
4.3,248,5.1,16.1
5.7,242,6.3,15.7
5.9,242,6.7,15.7
6.3,243,6.9,15.7
5.9,245,6.4,15.7
6.4,242,6.8,15.7
5.6,244,6.4,15.9
5.3,237,5.8,15.9
4.8,241,5.5,15.9
5.3,239,5.9,15.9
5.4,237,5.9,15.9
5.2,236,5.8,15.9
4.9,241,5.3,16.2
4.8,248,5.1,16.1
4.8,245,5.1,16.3
5.3,245,5.6,16.2
5.2,247,5.6,16.2
4.7,250,5.1,16.4
5,239,5.4,16.3
4.9,231,5.3,16.4
5.1,231,5.7,16.4
5.3,228,6.1,16.3
5.3,226,5.9,16.4
4.3,225,5.3,16.5
4,225,4.6,16.6
4.6,205,5.6,16.7
4.8,208,5.5,16.7
4.7,211,5.4,16.7
4.9,214,5.6,16.6
5,205,5.8,16.7
5.5,204,6.4,16.7
5.6,205,6.4,16.6
6.1,211,6.9,16.6
6.7,207,7.6,16.5
6,206,6.9,16.6
6.6,205,7.6,16.5
6.1,204,7,16.4
6.8,205,7.8,16.4
6.3,200,7.5,16.4
7,197,8.3,16.4
7.1,196,8.5,16.4
6.6,194,7.7,16.3
7.2,191,8.4,16.3
7.7,189,9,16.3
8.2,183,9.6,16.3
7.9,179,8.9,16.2
8.1,182,9.6,16.2
8.7,179,10.1,16.2
8,181,9.6,16.1
8.1,181,9,16.2
8.9,180,9.8,16.2
8.9,180,10,16.1
9.8,181,10.9,16.2
9.7,177,11.1,16.1
9.8,176,10.8,16.1
9.6,175,10.7,16.2
9.4,176,10.5,16.2
9.3,180,9.9,16.2
9.7,178,10.7,16.1
8.3,181,9.4,16.1
7.7,181,8.9,16.1
8.2,172,9.1,16.2
7.7,173,8.8,16.2
7.7,172,8.5,16.3
7.6,172,8.8,16.2
7.2,173,8,16.2
7.3,176,8.6,16.2
7.5,176,8.3,16.2
7.3,177,8.4,16.3
7.9,178,8.9,16.3
8.2,181,9,16.2
8.1,180,9.2,16.1
8.4,184,9.5,16
7.3,188,8.7,16
7.2,184,8,15.9
7.3,184,8.1,15.9
6.8,180,7.6,16
6.7,183,7.6,15.9
6.4,185,7.6,15.9
6,189,7.3,15.8
6,191,6.7,15.8
5.9,192,6.8,15.9
5.8,194,7.1,15.9
5.6,192,6.5,15.9
4.9,192,5.8,15.9
4.6,194,5.5,16.1
4.2,195,5.2,16
4,195,4.8,16
4,186,4.9,16
4.3,176,5.3,16
5.3,173,6.1,16
5,173,5.9,16
5.5,170,7,15.9
5.7,170,6.5,15.9
4.8,167,5.4,15.9
5.2,174,6.3,15.9
4.7,172,5.9,15.9
4.4,167,5.1,15.9
4.2,177,5.5,15.9
3.5,178,4.2,16.1
3.3,180,4.2,16.1
3.5,175,4,16.1
3.3,163,4,16.1
3.6,167,4,16.1
3.3,154,4,16.2
3.2,154,4,16.2
3,141,3.7,16.4
3.1,138,3.9,16.3
2.9,149,3.6,16.3
3,137,3.7,16.2
3.2,131,3.7,16.3
2.9,135,3.4,16.4
2.6,136,3.2,16.4
3.2,132,3.9,16.4
3.2,131,3.7,16.5
3.5,133,4.5,16.4
3.8,135,4.6,16.4
4.6,134,5.8,16.3
5.6,124,6.8,16.3
6,127,7.1,16.2
6.1,127,6.9,16.1
6.1,127,7,16.1
6.4,128,7.1,16.1
6.4,127,7.5,16.1
6.1,117,7.5,16.1
6.7,107,7.8,16.3
6.9,109,7.6,16.3
7.3,108,8.1,16.3
7.2,103,8.1,16.2
7.2,104,8,16.2
7.1,98,8.2,16
6.7,102,7.6,15.9
6.6,106,7.8,15.9
6.7,108,7.8,15.7
6.7,107,7.6,15.6
6.5,110,7.1,15.6
6.9,109,7.5,15.5
6.6,112,7.5,15.4
6.5,111,7.4,15.2
6.5,114,7.1,15
6.1,113,7.1,14.8
6.3,113,7.1,14.7
6.3,111,6.9,14.6
6.6,106,7.2,14.4
6.3,103,7.2,14.3
6.1,105,6.9,14.4
5.9,105,6.3,14.2
6.1,104,6.6,14.1
5.9,102,6.7,14.2
6.4,94,7.4,14.2
6.7,97,7.3,14.2
6,98,7.1,14.3
5.6,96,6.3,14.3
5.8,97,6.5,14.3
5.6,93,6.5,14.4
5.2,84,6.1,14.3
5.4,83,6.5,14.4
5.2,86,6,14.4
4.6,85,5.6,14.4
4.3,81,5.8,14.4
4.3,76,5,14.3
4,82,4.8,14.4
4.1,82,4.7,14.4
4.3,81,5,14.4
4.1,88,5,14.4
3.8,90,5,14.5
4.1,93,5.1,14.5
3.3,94,4.5,14.5
3.7,89,4.4,14.5
3.3,91,4.1,14.6
2.7,90,3.4,14.5
2.3,87,2.9,14.5
2.3,87,3.2,14.6
2.3,85,2.9,14.5
2,93,2.6,14.6
2.5,100,3.4,14.6
2.4,95,3,14.6
2.3,91,3.1,14.5
2,93,2.4,14.5
1.9,93,2.4,14.5
1.8,102,2.3,14.5
1.8,106,2.3,14.6
1.7,94,2.4,14.6
2,94,2.8,14.6
1.8,103,2.7,14.6
1.6,96,2,14.6
1.5,103,2.8,14.6
2.3,92,2.9,14.7
3.2,84,4,14.7
3.1,93,3.8,14.9
2.8,89,3.5,15
3.6,76,4.4,15
3.5,73,4.4,14.9
3.3,72,4.1,14.8
3.3,71,3.9,14.8
3.4,70,4.1,14.8
2.5,63,3.2,14.7
3,60,3.6,14.7
3,65,3.8,14.7
3.3,65,4,14.7
3.6,66,4.7,14.7
3.5,61,4,14.7
3.5,61,4.1,14.7
3.2,53,4,14.7
3.5,55,4.3,14.7
3.8,56,4.4,14.8
3,56,3.6,14.7
2.7,52,3.5,14.7
2.6,58,3.4,14.7
-1,-1,-1,-1
1.4,49,2,14.8
2.1,42,2.8,14.8
2.7,36,3.4,14.9
2.5,26,3.4,14.8
2.4,18,3.6,14.8
3.9,23,4.8,14.8
4.1,14,4.8,14.5
3.6,8,4.4,14.5
3.6,7,4.3,14.3
4.2,7,5,14.2
4.1,13,4.7,14.1
4,24,5,14.2
3.4,31,4.5,14.2
2.8,36,3.6,14.4
3.7,27,4.4,14.4
3.3,31,4.7,14.5
3.5,34,4.9,14.6
3.5,31,4.5,14.7
2.8,27,3.6,14.6
3.3,27,4,14.4
3.4,44,4.3,14.5
3.6,65,5.2,14.7
4,59,5,14.8
4,64,5.1,14.7
4.5,71,6.1,14.8
4.7,67,5.7,14.8
4.6,66,5.7,14.6
4.6,62,6.1,14.6
4.3,56,5.8,14.6
4,54,5.6,14.7
5,66,6.4,14.6
5.3,70,6.1,14.6
5,73,6.2,14.6
5.1,71,6,14.6
5,75,6.3,14.6
4.6,75,5.6,14.6
4.7,76,5.5,14.7
4.6,75,5.5,14.6
4.4,85,5.2,14.7
4.4,89,5.2,14.9
4.3,90,5.4,15
3.6,76,4.3,15
3.3,67,4.2,15
3.3,68,4.1,14.9
3.2,77,4.1,15
3.5,84,4.5,15.1
3.6,82,5,15.2
3.5,78,4.4,15.3
3.4,76,4.4,15.3
3.3,80,4.3,15.2
3.2,81,4,15.4
3.8,88,4.6,15.4
4.3,88,5.3,15.4
4.4,92,5.2,15.4
4.3,93,5.3,15.4
4.4,93,5.3,15.5
5.2,101,6.6,15.6
5,102,6,15.7
5,103,5.7,15.8
4.9,107,5.9,15.9
4.7,106,5.5,15.9
3.8,110,4.9,16.1
4.1,107,5.3,16.1
4.1,110,4.9,16.1
4.6,117,6.1,16.3
5.4,121,6.2,16.4
5.2,123,6.4,16.5
6.2,120,7.2,16.5
7.1,116,7.9,16.5
7,113,7.8,16.6
6.4,117,7.6,16.6
6.4,118,7.6,16.6
6.3,116,7.1,16.6
5.8,120,6.5,16.7
6.3,121,6.8,16.7
5.9,118,6.7,16.7
5.3,122,5.8,16.8
4.9,126,5.5,16.8
4.7,124,5.3,16.9
4.6,124,5.1,16.8
5,128,5.4,16.8
5.7,134,6.3,16.7
6.2,131,6.7,16.7
6.6,129,7,16.7
6.7,128,7.3,16.6
6.5,128,6.9,16.7
6.3,128,6.8,16.7
5.7,133,6.6,16.7
5.6,132,6.1,16.8
5.8,136,6.4,16.8
5.8,140,6.3,16.7
5.5,144,6.2,16.7
5.3,146,5.7,16.8
5.1,147,5.4,16.8
5,153,5.4,16.8
4.7,162,5,16.8
4.8,158,5.2,16.8
5.2,156,5.5,16.8
5.1,156,5.4,16.8
5.4,151,5.8,16.8
5.6,148,6,16.8
5.4,151,5.8,16.8
5.6,158,6.2,16.8
6,160,6.4,16.7
6.1,161,6.7,16.7
6.1,161,6.6,16.7
6,161,6.5,16.6
5.9,164,6.4,16.6
5.9,169,6.2,16.7
6,172,6.5,16.6
5.7,173,6.4,16.6
5.6,176,6.2,16.6
5.3,177,5.7,16.6
5.6,173,6.1,16.5
5.4,175,6,16.6
5.3,177,5.8,16.5
5.4,176,5.8,16.5
5.6,176,6.1,16.5
5.8,179,6.1,16.5
5.3,186,6,16.5
4.7,191,5.7,16.5
4.5,190,4.9,16.5
4.4,191,5,16.5
4.5,191,5.2,16.6
5,190,5.4,16.6
4.8,192,5.2,16.6
5,197,5.7,16.5
5.1,196,6,16.6
5.3,196,6,16.7
5.8,199,6.3,16.6
5.4,206,6.3,16.7
4.9,211,5.4,16.7
4.8,209,5.4,16.9
4.8,214,5.4,16.9
4.5,216,4.9,16.9
5.2,212,6.3,16.9
5.7,208,6.3,16.9
6,208,6.7,16.9
5.8,211,6.5,16.9
5.9,212,6.6,17
6,208,6.6,17
5.6,213,6.3,17
4.9,211,5.5,17
5.3,206,6,17
5.6,206,6.3,17
5.5,206,6.3,17
5.4,210,6.3,17.1
5.3,216,6.3,17.2
5.6,222,6.3,17.2
5.4,227,6.1,17.2
5.5,229,6.2,17.2
5.7,229,6.4,17.2
5.3,225,5.9,17.2
5.3,226,6.2,17.3
5.2,224,5.9,17.3
5.6,224,6.2,17.2
5.8,220,6.6,17.3
6,222,6.7,17.3
6.3,220,6.8,17.3
6.4,217,7.3,17.3
7.3,220,8.2,17.3
7.4,220,8,17.4
7.2,222,8,17.5
7.3,219,7.7,17.8
7.4,221,7.7,18.3
7.2,221,7.8,18.2
6.6,224,7.2,17.8
7.2,226,8.3,17.8
8.3,227,8.7,18.1
8.5,230,8.9,18.3
8.9,233,9.3,18.2
9,237,9.4,18.1
8.5,236,9.1,18.1
8.6,235,9.2,18.2
9.1,236,9.8,18.3
9.4,235,10.1,18.4
9.4,236,10.2,18.4
9.8,239,10.4,18.5
8.9,239,9.6,18.5
8.3,235,8.9,18.6
8.4,231,8.9,18.6
8.4,228,9.2,18.7
7.6,229,8.4,18.7
7.4,231,8.3,18.6
7.9,233,8.4,18.7
8.6,234,9,18.9
8.5,233,8.9,19
8,229,8.6,19.1
7.3,228,7.6,20.2
6.9,230,7.4,20.2
6.2,232,6.6,20.3
5.6,233,5.9,20.6
6.3,229,7,19.8
6.9,233,7.6,19.4
6.6,241,7.3,19.2
6.4,242,7.3,19.4
5.3,240,5.9,19.8
4.3,254,4.8,20
3.9,258,4.4,20.1
3.4,254,4,20.3
2.4,245,2.8,20.1
2.6,250,3.1,19.9
2.8,240,3.7,19.5
2.6,241,3.1,19.4
2.7,244,3.1,19.3
2.8,242,3.8,19.2
2.8,247,3.8,19.2
1.9,238,2.4,19.2
1.8,251,2.2,19.4
2.3,262,2.9,19.6
2.3,237,3.3,19.2
3.2,252,4.6,19.1
3.7,266,5.9,19
3.1,282,5.8,18.8
6.3,284,7.2,19.6
6.1,284,6.8,20.1
7.1,284,8.5,20.1
8.8,286,9.6,19.7
9.7,289,10.3,19.1
9.3,291,9.6,18.9
8.8,291,9.4,19.1
8.1,292,8.5,19
8.4,289,8.8,18.9
8.2,292,9,19.2
8.7,295,9.3,19.2
8.5,293,9.4,19.3
9.2,293,9.7,19.1
7.8,296,8.6,19.3
6.7,298,7.3,19.4
6.7,297,7.3,19
7.6,292,8,18.8
6.8,294,7.8,19
5.6,297,6.5,19.2
6.1,296,6.7,18.8
6.2,300,6.5,18.6
6.3,302,6.5,18.4
5.6,305,5.9,18.6
5.9,297,6.5,18.3
4.6,308,5.7,18.7
4.5,313,4.7,18.5
3.6,321,4.3,18.6
3.2,327,3.3,18.5
3.1,322,3.7,18.4
2,349,2.5,18.5
1.3,7,1.7,18.5
2,318,3,18.2
1,336,1.9,18.2
2.6,307,3.4,17.8
1.8,346,3.2,18
1.1,57,2,18
0.8,62,1.5,17.8
2.2,50,2.7,17.9
1.9,54,2.8,18.1
0.4,58,1.5,18.1
0,58,0,18.1
0,0,0,18.2
0,0,0,18.1
0.7,59,1.2,18.2
1.2,70,1.5,18.3
1.3,84,1.5,18.3
1.7,99,1.9,18.3
1.8,116,2.1,18.3
1.5,124,1.6,18.3
2,125,2.3,18.4
2.1,120,2.4,18.6
1.9,127,2.2,18.5
1.4,126,1.9,18.5
0.4,126,0.9,18.4
0,0,0,18.1
0,0,0,18
0,0,0,17.9
1.1,125,1.6,17.9
1.4,124,1.7,17.9
1.8,129,1.9,18
1.5,128,1.7,18
1.3,106,4.4,17.9
3.4,1,4.7,17.4
3.1,8,4.2,17.1
3.4,22,3.9,17
4,31,4.4,16.8
3.8,24,4.2,16.8
3.7,28,4,16.8
3.7,26,4.3,16.7
3.6,44,4.1,16.8
3.3,45,3.8,16.8
3,57,3.3,16.7
2.6,71,3.4,16.6
-1,-1,-1,-1
2,60,2.1,16.9
1.6,59,1.8,17.1
1.9,63,2.1,17.2
2,60,2.5,17.3
2.7,36,3,17.2
2.9,14,3.6,17
3.5,360,4.1,16.9
4.4,6,4.8,17
4,20,4.7,16.7
4.2,27,5,16.4
5.2,37,5.8,16.2
5.3,37,5.9,16.4
4.3,34,5.5,16.4
4.1,32,4.6,16.3
4.1,35,4.5,16.3
4.3,34,4.8,16.4
4.3,29,4.9,16.4
4.2,24,4.9,16.4
4.1,14,4.6,16.5
4.4,10,5.1,16.2
4,21,4.4,16.1
4,23,4.5,16.2
4.3,24,4.8,16.2
4.6,23,4.9,16.3
4.7,23,5.2,16.2
4.8,23,5.5,16.1
5,22,5.4,16
4.9,24,5.4,16.1
4.6,20,5.1,16.3
4.6,19,5,16.2
4.8,18,5.2,16.2
4.9,10,5.6,16.2
4,344,4.9,16.3
3.2,343,3.9,16.4
3.6,330,4.4,16.3
4.4,320,5.1,16.2
4.5,316,5.3,16.2
4.6,315,5.2,16.2
4.4,334,5.1,16.4
4.4,352,5.5,16.3
4.1,340,5.1,16.2
4.8,328,5.8,16.2
5.1,329,5.7,16.4
4.9,324,5.5,16.6
5.2,329,5.6,16.7
5.3,320,5.6,16.9
4.8,322,5.6,16.9
4.6,327,5.2,17
3.8,338,4.5,17.1
3.5,356,4,17.2
3.8,7,4.4,17.2
3.3,1,3.8,17.2
3.3,358,4,17.3
3.1,356,3.5,17.4
2.5,357,3.1,17.5
3.2,17,3.9,17.5
4.1,17,4.6,17.5
4.8,15,5.3,17.5
5,17,5.5,17.5
4.4,21,5.1,17.7
3.9,23,4.8,17.9
3.6,16,3.9,18
4.2,16,4.6,18
5,14,5.5,18.3
6.3,14,7.1,18.8
7.3,17,7.9,19.1
6.7,16,7.3,19.2
6.8,20,7.2,19.4
5.8,21,6.4,19.4
5.4,22,5.8,19.8
5.9,23,6.5,19.9
5.6,24,6.1,20.2
5.8,19,6.4,20.2
5.6,18,6.6,20.4
5.9,18,7.1,20.5
4.7,16,6,20.7
5.1,15,6.2,20.9
5.1,22,6.1,21
6.8,22,8.2,21.3
7.7,21,9.2,21.2
8.7,23,10.1,21.7
9.2,26,10.4,21.6
9.5,32,10.4,21.6
9.1,32,10.2,21.8
9.3,29,10.4,22.1
9.3,32,10.4,22
8.8,30,10.2,22.1
7.7,39,9.6,21.4
8.6,43,9.7,21.8
8,37,9.3,21.8
6.4,40,8,21.8
7.1,29,9,21.6
8.5,27,9.9,22.2
7.8,31,8.9,22.6
7,21,8,22.6
6.3,23,7.5,22.5
5.8,32,8.1,22.2
4.8,28,6,22.4
5.3,25,6,22.2
5.1,49,6.1,22.4
4.6,56,5.5,22.7
4.4,44,5.4,23
4.1,35,5.4,23.2
4.4,63,5.7,23.4
3.2,76,4.5,23.2
1.6,91,2.7,23.2
1,203,2.5,23.7
1.7,223,2.7,22.9
2.4,220,2.7,22.6
2.6,190,4.4,22.9
3.1,196,4.3,22.9
3.1,214,3.9,22.8
3.3,220,4,22.8
4.5,215,5.4,22.8
4.4,221,4.8,22.6
4.6,220,5.7,22.6
5.5,205,6.1,22.8
5.4,221,5.7,22.8
5.1,226,5.5,22.9
5.2,225,5.4,22.7
5.4,229,5.7,22.7
5.4,231,5.8,22.4
5.1,225,5.9,22.3
5.2,232,5.8,22
4.8,224,5.2,22.3
4.6,223,5,22.6
5.2,230,5.5,22.7
5.2,220,5.5,22.7
4.6,224,4.9,22.9
4.7,230,5,23.1
5,228,5.2,23.3
4.6,216,5.2,23.3
4.2,208,4.8,23.5
4.1,194,4.8,23.5
4.5,186,5.1,23.6
4.8,185,5.5,23.5
4.8,183,5.5,23.4
5.1,170,5.7,23.4
5.4,163,6.3,23.5
6,166,7,23.4
5.8,167,6.5,23.2
5.7,178,6,23.1
6.3,171,6.7,23
5.7,175,6.1,22.9
6.1,174,6.5,22.8
6.5,169,7.2,22.7
7.4,168,8.2,22.5
7.5,170,7.8,22.2
6.7,172,6.9,22.1
6.7,170,6.9,22
7,166,8,22
7.1,163,7.7,22
7.9,155,9.2,21.5
8.8,143,9.9,21.4
8,138,9,21.1
6,150,7.4,20.9
6.3,149,7.2,20.9
5.9,152,7,20.7
5.4,159,6,20.4
5.5,154,7,20.3
6.7,149,8.6,20.1
8.6,139,9.7,20.1
9.4,135,10.3,19.9
8.9,141,10.3,19.6
10.1,140,10.7,19.5
10.6,134,11.2,19.5
10.3,133,11.1,19.4
9.9,131,11.5,19.4
9.5,128,10.8,19.4
8.4,127,9.7,19.3
8.2,130,9.2,19.3
8.4,133,9.9,19.2
9.3,130,11,19.2
9.7,128,11.3,19.1
9.9,126,12,19
9.5,128,10.9,19
9.6,126,11.2,18.9
9,127,10.5,18.9
9.2,126,10.1,18.9
9.6,123,11,18.9
8.7,121,10.5,18.9
7.4,122,9,18.9
8.1,122,9.6,18.9
7.8,118,8.6,18.9
7.9,120,9.3,19
9.1,120,12.2,19
8.9,118,10.5,19
9.1,121,11,19
9.4,125,11.7,19
8.9,127,11.1,19
8.6,127,11,19
8.8,127,10.9,19
9.5,126,11.6,19
9.2,128,10.3,19
9.1,128,10.6,18.9
8.8,127,9.8,18.9
8.6,128,9.6,18.8
8.3,127,9.2,18.8
7.7,128,9.1,18.8
7,129,7.9,18.8
6.6,129,7.4,18.8
6.3,130,7.1,18.7
6.8,130,7.8,18.7
7.1,130,8,18.6
8,131,9,18.5
8.1,129,9.2,18.4
7.2,130,8.7,18.4
6.6,131,7.6,18.3
6,131,7.1,18.3
5.5,133,6,18.2
5.4,130,6.5,18.2
4.6,136,5.2,18.1
3.2,143,4.1,18
2.3,159,3,18
1.9,170,2.1,17.9
1.4,146,2.4,17.9
1.5,142,2.2,17.9
1.4,132,1.9,17.9
1.5,137,2.1,17.9
1.7,123,2.3,17.9
1.9,116,2.5,18
1.2,112,1.9,18
1.5,103,2.4,18
1.6,51,2,18.2
1.6,25,2,18.2
0.4,0,1.4,18.2
1.2,334,1.8,18.1
0.4,298,1.3,18
2,323,2.6,18
1.7,342,2.4,18.1
1.3,344,2.7,18.1
3,353,3.4,18.3
3.4,354,3.6,18.5
3.9,350,4.3,18.5
3.9,359,4.4,18.6
4.5,15,5.7,18.7
6.2,22,7.2,19.2
6.9,22,7.8,19.4
6.6,19,7.8,19.4
5.7,28,6.5,19
6.2,23,7.1,19
6.5,26,7.1,19.3
6.2,29,6.6,19.2
6.1,29,7.1,19
5.8,28,6.5,18.9
5.2,28,5.9,18.8
4.9,41,5.6,18.8
5.9,48,8,18.8
7.3,49,9,19
8.1,54,9.4,18.9
9.1,55,9.9,18.9
9.4,54,10.4,18.8
9.2,55,10.2,18.7
8.8,54,9.8,18.6
8.7,57,9.8,18.7
8.6,64,10.1,18.7
9.1,66,10.8,18.7
9.1,66,10.8,18.5
7.8,59,9.3,18.4
6.4,46,8.4,18.3
6.9,43,8.3,18.4
7.1,43,8.5,18.4
6.3,41,8.1,18.4
6.4,39,7.8,18.4
6.8,37,7.9,18.4
7.7,36,9.1,18.3
7.4,34,9.2,18.2
7.5,32,9.8,18.3
7.9,35,8.9,18.2
8.7,39,9.7,18.2
8.9,39,10.4,18
8.6,43,9.8,18.1
8.5,42,9.5,18
8.6,39,10.7,18
9,39,10.2,18
9.4,38,11.1,18
10.1,39,11.8,17.9
9.9,41,11,17.8
9.6,42,10.7,17.8
9.7,43,11.6,17.8
10.8,43,12.3,17.8
11.3,45,14.3,17.8
11.4,48,14.4,17.8
10.2,45,11.6,17.7
9.4,48,11.5,17.6
9.1,46,10.7,17.5
8.5,45,9.7,17.4
-1,-1,-1,-1
7.8,52,8.8,17.2
8.3,51,9.4,17.2
8.2,49,9.5,17.1
8.4,47,10.2,17.1
8.9,47,10.6,17.1
8.9,48,10.1,17.1
8.9,52,10.3,17.1
9.5,54,11.1,17.2
10.5,54,12.1,17.2
10.5,51,11.9,17.1
10.8,50,12.5,17.1
11.1,52,12.9,17
11,52,12.5,16.9
10.7,52,12.4,16.8
9.9,58,12.2,16.8
9,62,10.6,16.7
8.8,60,10.3,16.6
9.2,56,11.1,16.7
9.4,54,10.7,16.7
10.2,50,11.9,16.6
10.4,49,13.3,16.6
10.1,47,13.9,16.6
9.2,46,11.2,16.4
7.5,47,8.7,16.3
6.5,45,8.4,16.2
8,46,10.8,16.2
10.3,48,11.6,16.2
11.1,48,12.7,16.2
11,46,12.9,16.3
10.6,44,12.6,16.3
10.8,44,12.9,16.3
10.6,41,12.2,16.3
10.4,37,12.2,16.3
10.4,37,11.8,16.3
10.5,40,12.4,16.3
11.5,40,13.5,16.2
11.6,41,13.5,16.4
11.5,43,12.6,16.4
12.4,45,15.3,16.4
12.3,44,15.3,16.6
11.9,43,14.1,16.6
12.8,44,15.7,16.6
13.6,43,15.7,16.6
11.8,43,14.8,16.8
13.9,45,17.6,16.8
15.5,43,18.2,16.7
16.4,44,19.2,16.7
16.3,45,18.7,16.7
15.9,44,19.1,16.8
16.4,44,18.9,16.8
16.3,45,17.9,16.7
15.9,45,18.7,16.8
15,46,17.5,16.8
15.5,44,17.5,16.8
15.1,44,16.8,16.9
14.6,42,16.5,17
14.6,44,16.6,17
15.3,43,17.7,17.1
14.9,44,17.1,17.2
14.9,42,17.1,17.4
15.5,42,17.7,17.4
15.6,42,17.6,17.5
13.6,42,16.6,17.7
13.9,38,15.6,17.8
13.5,35,15.2,17.9
13.7,35,15.8,18
12.3,34,14.4,18.1
12.3,32,14.2,18.2
12.1,33,14.5,18.4
12.5,33,14.4,18.5
11.6,34,13.5,18.6
12.2,32,13.5,18.7
11.6,32,13.5,18.8
11.8,33,14.2,18.9
12.6,33,14.5,19
13.1,33,14.8,19.1
12.4,35,14.8,19.2
13.7,35,15.4,19.3
13.3,35,15.6,19.3
14.2,34,15.7,19.4
14,35,15.8,19.5
13.4,34,15.3,19.7
13.5,34,15,19.8
13.5,34,15.8,19.8
14.1,34,15.5,19.9
14,36,15.6,20.2
13.2,35,15.6,20.4
13.6,36,15.6,20.4
13.9,32,15.9,20.5
13.5,43,15.5,20.8
14.9,47,17.4,21
15.2,54,18.6,21.4
15,51,17.9,21.6
15.7,45,18.1,21.5
15.4,44,16.9,21.7
13.9,54,16.6,21.8
14.5,53,16.2,22.1
16.2,62,19.2,22
16.3,66,19.7,22
14.4,61,17.5,21.8
13.2,65,16.2,21.7
16.5,64,19.1,22.4
16.9,64,20.4,22.4
15.6,61,19.2,22.6
15.2,64,17.9,22.6
15.3,67,18.5,22.5
16,71,18.8,22.5
15,66,18.6,22.7
16,68,18.6,22.8
15,69,20.2,22.6
15.4,67,18,23
14.5,62,18.8,23
16.4,65,20,23.2
12.5,64,17.2,23.2
14.8,68,18.6,23
14.4,64,17.3,23.2
15,54,19.2,23.2
12.6,59,14.9,23.2
13.9,66,16.5,23.3
13.9,57,17.4,23.6
12.6,55,17.6,23.5
13,76,16.9,23
12.1,63,14,23.1
11.5,67,14.7,23
12.4,68,14.5,23
12,64,17,23.1
11.8,60,16.3,23.1
15.9,72,19.7,23.8
12.1,72,16.2,23.9
10.4,62,13.6,23.7
9.6,60,14,23.4
11.7,73,14.5,23.7
12.8,67,16,24
11.8,60,16.6,23.9
14.4,63,17.7,24
12.9,51,16,24.1
10.3,51,13.6,24
13.3,44,16.9,24
11.6,61,13.8,23.7
12.1,51,16.6,23.6
13.9,63,16.6,24.2
13.6,59,17.3,24
14,49,17.5,24.2
15.9,47,18.4,24.5
13.4,58,16.4,24.3
13.7,69,16.5,24
12.3,48,16.6,24.1
15.1,60,18.2,24.5
15.8,43,18.3,24.3
16.7,39,19.2,24.2
15.5,37,19.6,24.1
14.4,47,17.2,24.2
12.8,45,15.3,24.1
14.7,52,23.1,24.1
15.6,44,20.2,24.3
16.6,47,18.6,24.5
15.2,49,19.4,24.2
18.2,47,20.9,24.7
18,54,21,24.7
16.9,51,19.6,24.6
15.8,61,18.9,24.5
16.1,67,20.4,24.6
14.1,69,16.8,24.1
14.7,70,18.3,23.9
13.5,61,15.9,24.3
16.6,67,19.4,24.5
15.1,68,18.6,24.6
17.2,60,19.4,24.8
15.9,65,18.7,24.4
16.7,71,19.7,24.4
14,71,16.1,24.5
14.3,79,16.1,24.7
13.7,81,18.4,24.6
13.9,86,16.3,24.5
13.3,78,17.1,24.3
13.6,80,16.4,24.2
15.5,86,18.8,24.7
14.4,77,16.6,24.8
15.2,74,17.3,24.6
14.2,77,16.8,24.7
12.1,84,14.7,24.1
12.9,84,15,24.5
13.7,80,16.1,24.7
14,86,16.6,24.3
14,92,15.9,24.4
13.3,89,15.3,24.1
14.7,87,17,24.2
15.7,89,18.3,24.4
15,81,17,24.3
15.6,84,18,24.4
16.7,83,21.4,24.2
16.2,81,20.8,24.1
13.9,80,17.6,24
15.4,83,17.2,23.9
14.2,85,15.8,23.8
14.5,80,17,23.8
13.9,76,17.1,23.7
15.4,78,17.9,23.6
15.9,77,18.3,23.6
16.2,79,19.3,23.4
15.8,77,18.3,23.3
15.9,80,17.7,23.3
14.4,76,16.8,23.3
14.5,78,17.3,23.2
13.7,82,16.2,22.9
12.4,81,15,22.7
13,85,14.7,22.7
13.6,84,15.7,22.6
11.8,79,14.1,22.4
11.9,74,17,22.3
18,67,23.1,22.4
18.1,67,21.7,22.1
18.3,67,22.2,22.1
16.6,66,18.9,22
14.7,67,17.6,21.8
14.4,67,16.2,21.7
14,69,16.3,21.4
13.9,73,16.1,21.3
14.1,73,16.1,21.1
12.6,72,14.2,21
11.2,73,12.3,20.8
10.5,73,12.2,20.6
10.8,76,13.1,20.4
11.8,78,13.3,20.3
12.1,78,13.9,20.2
11.8,76,13.6,20
12.1,75,14,19.9
12.5,73,14.1,19.9
12.8,72,15.5,19.8
14.2,72,17.1,19.8
15.4,72,17.5,19.7
14.8,71,17.1,19.5
15.9,69,18.6,19.5
17.5,68,19.9,19.4
17.5,65,20.7,19.3
18.8,64,22.2,19.2
17.8,63,20.5,19
16.3,66,18.7,19
16.6,66,20,18.9
15,63,17.4,18.8
14.8,60,17.5,18.8
15,57,18.7,18.8
14.1,57,16.6,18.7
15.6,55,18.9,18.7
15.8,55,19.4,18.6
15.7,53,18.1,18.5
16.3,52,20.6,18.5
16.5,53,19.2,18.4
14.5,52,17.2,18.3
13.8,51,15.6,18.2
16,49,18.9,18.2
14.8,50,17.8,18.1
14.7,51,16.8,18
12.8,51,15,17.9
12.5,53,14.6,17.9
12.3,55,15.3,17.8
12.9,56,15.4,17.8
12.3,56,14.7,17.7
12,57,14.6,17.6
12.8,59,15.6,17.6
13.1,60,15,17.6
12.7,59,15.2,17.6
13.8,58,17,17.6
14,54,17.6,17.5
13.1,52,14.8,17.5
12.3,52,15.6,17.4
12.2,51,14.6,17.4
12.5,50,14.5,17.4
12.9,48,15.2,17.3
13.2,49,16.2,17.4
13.4,50,15.3,17.3
13.5,50,15.7,17.3
14,48,16.6,17.3
13.4,48,16.2,17.4
14.4,51,16.4,17.3
14.2,50,16.1,17.3
14.6,49,17.7,17.2
14.3,48,17.6,17.1
13.3,49,15.9,17.1
14.1,47,16.6,17.1
14.9,47,17.5,17
14.5,48,16.8,16.9
14.5,49,16.7,16.9
14,49,16.1,16.8
13.5,50,16.5,16.8
12.6,47,14.9,16.8
11.4,41,13.9,16.7
-1,-1,-1,-1
12.7,40,14.7,16.5
12.4,41,14.4,16.4
12.3,43,14.3,16.4
13.1,41,15.1,16.3
13.1,40,15.2,16.2
13.9,40,16.1,16.1
12.8,42,14.9,16.1
13.3,46,15.7,16
13.8,45,16.2,16
13.6,46,16,15.9
13.4,47,15.8,15.8
14.4,44,17.1,15.9
14.1,43,15.9,15.8
14.6,36,16.9,15.8
15.9,36,18,15.8
16.1,37,18,15.8
15.5,36,17.4,15.8
15.7,35,17.5,15.7
16.2,34,18,15.7
15.6,32,17.8,15.6
15.3,33,17.4,15.6
15,34,17.5,15.6
14.8,34,18.1,15.6
14.1,36,16.9,15.5
14,34,16.2,15.5
14.8,34,17.1,15.5
15.1,32,17.2,15.4
15.9,30,17.8,15.5
15.6,32,17.9,15.4
15.6,32,17.9,15.4
15.7,33,18,15.4
16.1,36,17.9,15.4
16,36,18.5,15.5
15.3,37,17.8,15.4
15.4,37,17.8,15.6
16.3,36,19.3,15.4
16.7,35,19.7,15.4
16.5,35,18.9,15.4
16.5,36,18.6,15.3
16.2,34,18.6,15.3
16.5,34,19.4,15.3
15.5,35,18.1,15.4
14.9,34,17.3,15.5
13.2,35,16.6,15.6
11.1,32,14.7,15.6
13.5,32,15.9,15.7
13.6,34,16.3,15.7
14.6,34,16.8,15.6
15.1,32,17.4,15.7
15.6,33,17.8,15.7
15.2,34,18,15.8
13.9,37,17.1,15.9
13,36,14.9,16
13.6,37,16.1,16
14.2,37,16.1,16.1
13.4,35,15.1,16.1
13.4,39,16,16.2
12.4,44,14.3,16.4
12.6,39,14.4,16.3
12.7,47,14.5,16.4
12.7,41,14.6,16.5
13.7,46,16,16.5
13,43,15.9,16.6
14.1,44,15.7,16.6
12.9,41,15.4,16.8
11.8,40,14,16.9
12.2,35,14,16.9
12.5,37,15.3,17
13.1,41,15.7,17.1
12.3,40,15.1,17.3
11.8,36,14.9,17.3
13.9,39,16.3,17.5
11.8,31,13.4,17.4
11.6,30,13.6,17.6
12.4,31,14.1,17.6
13.1,34,15.1,17.7
12.8,31,14.2,17.8
13.3,35,14.4,18
12.7,39,14.2,18.1
12,39,14.2,18.3
11.4,33,14.2,18.3
11.7,38,13.6,18.4
12.2,36,15,18.5
12.8,37,14.8,18.6
13,40,14.6,18.7
11.6,35,13.6,18.7
12.8,34,14.9,18.7
13.3,36,15.2,18.9
13.1,39,14.7,19
13,35,15,19
11.9,34,14.2,19
12.3,35,13.6,19.1
11.9,35,14.1,19.2
13,32,14.8,19.4
12.6,33,14,19.4
11.8,33,13.6,19.4
12.3,29,13.9,19.6
11.7,27,13,19.6
12,28,14,19.8
12.1,28,14,19.9
11.4,30,13,19.9
12.3,29,14.2,20
12.3,30,13.5,20.3
11.3,28,13,20.4
10.5,30,12.1,20.3
11.1,27,12.2,20.5
10.5,28,12.1,20.5
9.9,27,11.3,20.5
11.2,27,13.1,20.6
10.4,29,12,21
9.6,28,13.1,20.9
11.3,29,13.3,21
10.2,27,12.1,21.3
10.6,36,12.7,21.2
9.8,41,11.4,21.1
9.9,47,12,21.3
9.9,27,12.3,21.6
10.6,35,12.4,21.6
8.5,43,11.2,21.5
10.7,33,11.7,21.6
8.2,38,10.3,21.2
8.1,45,10,21.5
9.4,39,11.2,21.3
8.8,43,11.2,22
9,49,10.3,22.1
8.3,61,10.5,22.4
9.1,60,11.7,22.7
10.6,66,12.9,22.8
9.3,73,13.4,23
6.7,61,9.7,22.3
6.2,75,8.7,21.9
6.9,60,9.8,22.4
6.8,71,8.7,23
9.1,65,13.2,23.1
8.5,62,13.1,22.9
8.2,62,10.5,23.1
4.7,176,6.5,20.4
4.3,196,5.6,20.4
4.4,192,7.1,20.4
4.7,194,6.8,20.1
4.5,182,7.1,20.5
4.1,193,5.3,20
4.3,208,5.3,19.8
5.1,209,6.1,19.7
4.1,205,6.3,20
5,208,5.7,19.8
4.1,206,5.7,20.2
5.9,198,7.3,19.9
5.2,189,6.3,19.8
5.4,186,6.4,19.9
6.8,184,7.9,19.8
7.4,175,8.7,19.7
6.9,169,7.7,19.6
6.1,171,7.6,19.4
7.6,163,8.4,19.2
7.8,162,8.6,19.1
7.7,161,9.1,19
7.5,161,9.2,18.9
7.7,172,8.8,18.7
8.1,172,9,18.2
8.1,168,9,18
7.5,172,8.5,17.9
6.8,175,7.8,17.8
5.4,189,6.5,17.6
6,190,7.2,17.5
7.1,176,8.7,17.5
7.1,175,8.2,17.5
5.8,170,7.5,17.5
5.6,171,6.9,17.5
5.8,172,7.2,17.6
4.5,176,6.1,17.7
4.6,175,5.7,17.9
4.6,177,5.6,18
4.7,174,5.6,18
5.6,165,6.8,18
5.4,164,6.7,18
5.1,164,6.3,18.1
5.3,159,6.2,18.2
5.3,162,6.3,18.3
4.4,161,5.2,18.4
3.8,159,5,18.6
4.8,158,7,18.6
6.4,156,7.5,18.7
6.8,161,8.3,18.7
6.9,160,8.3,18.7
6.8,157,7.8,18.7
6.3,159,7.2,18.7
6,159,6.9,18.8
6.1,158,6.9,19
5.4,165,6.5,19
4.6,165,5.6,19.1
4.3,186,5.5,19
4.2,196,5.2,19
3.9,180,4.6,19
4.2,170,5,19
4.9,167,6.1,19
4.6,173,5.4,18.9
4.2,190,5.4,18.9
4.1,183,5.3,19
4.4,171,5.6,19
4.8,174,5.8,18.9
4.3,167,5.7,18.9
3.3,170,3.9,18.8
3.4,171,4.2,18.7
3.1,160,4,18.9
2.4,161,3.9,18.9
1.8,169,2.7,19
1.7,172,2.7,18.9
2.2,167,3.2,18.9
3,157,3.8,18.8
3.1,155,3.6,18.8
3.7,143,4.4,18.9
4.1,127,4.6,19.1
3.1,118,4.1,19.2
2.5,117,3.2,19.1
2.8,112,3.4,19.1
1.1,110,2.3,19
0,0,0,18.7
0,0,0,18.5
0,0,0,18.3
0,109,0.6,18.3
0,109,0.7,18.3
0,0,0,18.4
0,0,0,18.4
0,0,0,18.4
0,0,0,18.2
0,0,0,18.3
0,0,0,18.4
1.2,168,3.9,18.1
3.3,156,4,18
2.8,153,4.1,18
2.6,159,3.8,17.9
1.4,159,2.4,17.8
1.9,154,3,17.8
1.9,142,2.7,17.8
1.8,164,2.2,17.7
1.3,150,1.8,17.7
1.6,156,2.2,17.7
1.2,147,1.7,17.6
0.9,144,1.5,17.6
1,130,1.7,17.3
1.5,163,2.1,17.2
1.1,146,1.5,17.2
2,88,4.6,17.4
3.6,66,5.4,17.9
4.2,68,5.4,18.5
4.2,64,5.4,18.6
4.5,60,5.5,18.5
5.1,54,5.9,18.6
5.3,48,6.4,18.6
5.8,47,6.4,18.7
6.2,49,6.8,18.6
6.1,41,7.2,18.6
5.4,35,7.3,18.4
6.6,39,8.3,18.3
7.5,39,8.4,18.1
7.6,43,8.7,18
8,47,8.7,17.9
8.6,56,10.1,17.9
9.5,69,11.4,17.9
9.1,71,10.4,17.7
8.8,72,9.6,17.4
7.5,71,8.3,17.3
6.3,71,7.8,17.1
6.1,68,6.8,17.1
5.9,57,6.6,17.1
5.2,49,6.3,17
5.8,45,6.6,17
7,52,8.3,17.1
8.4,57,10.4,17.1
9.1,60,11.3,17
9.1,61,10.6,16.9
8.5,59,9.9,16.7
6.4,49,7.7,16.4
5.6,50,7.4,16.5
6.3,49,7.9,16.5
5.8,49,7.2,16.3
5.4,53,6,16.3
5.3,54,6.5,16.2
5.3,54,6.3,16.3
5.7,51,7.1,16.4
5.8,51,7.3,16.5
6.5,51,7.8,16.4
7.3,46,8.8,16.4
8.4,42,10.3,16.3
8,36,10,16.3
9,31,11.8,16.4
-1,-1,-1,-1
9.5,28,11.5,16.4
10.3,34,11.8,16.2
11.1,34,12.5,16.3
11.9,34,13.9,16.3
12.7,35,14.6,16.3
13.1,36,15.4,16.3
12.6,33,14.9,16.2
13.9,34,15.5,16.2
12.5,29,14.2,16
12.9,31,14.6,15.9
12.7,30,15,15.8
13,28,14.6,15.9
12.1,24,13.5,15.6
12.3,24,14.1,15.6
12.3,23,13.5,15.6
11.6,23,13.2,15.4
11.3,26,12.7,15.5
12.1,26,13.7,15.5
11.9,23,13.5,15.6
11.9,21,14,15.5
11.5,23,13.3,15.6
11.9,22,13.7,15.4
11.9,20,14,15.4
11.9,20,13.7,15.4
11.6,20,13.8,15.4
11,20,13.4,15.4
10.5,22,12,15.4
10.4,24,12,15.5
11,25,12.5,15.6
11.6,23,14.1,15.4
11.4,22,13.1,15.3
10.5,22,12.2,15.3
10.2,23,13.1,15.3
11.7,27,13.4,15.4
12.7,26,14.4,15.5
13,24,15.1,15.5
12.4,23,14.2,15.5
12.5,23,14.8,15.4
12.1,24,14.7,15.4
13,27,14.7,15.3
12.6,25,14.1,15.4
12.5,26,14.5,15.4
13.1,26,15,15.4
13.5,30,16.1,15.5
13.9,29,16.2,15.4
12.8,29,14.8,15.6
13.3,32,15.5,15.7
13.1,30,16,15.6
12.9,31,15.6,15.8
13.4,34,15.1,16
14.1,33,15.7,16
14.9,32,17.2,16.1
14.9,30,17,16.1
14.9,31,16.6,16.1
15.4,31,16.8,16.1
14.5,33,16.5,16.2
14.1,34,16.3,16.3
13.9,33,15.3,16.3
12.4,36,15.1,16.4
12.6,40,14.9,16.5
12.1,39,13.9,16.6
11.5,38,13.9,16.7
12.4,39,15,16.7
12.1,40,15.5,16.8
12.3,41,13.5,17
12,38,15.3,17
12.1,34,14.4,17.2
12.5,41,14.1,17.4
12.4,41,14.5,17.5
12.4,38,14.3,17.5
10.8,41,12.8,17.7
10.6,40,12.8,17.8
10,38,11.9,17.9
11.4,40,13.2,18
10.4,43,12.5,18.2
10.8,42,13.4,18.3
12.4,46,16.4,18.5
12.4,60,15.2,18.7
14,59,17.6,18.9
10.1,48,14.3,18.8
12.4,59,16,19.2
16.2,58,18.5,19.2
13.5,65,16.9,19.2
14.9,60,17.8,19.3
15.8,63,18.9,19.4
13.1,57,15.9,19.5
12.2,64,15.8,19.6
13.5,62,15.9,19.8
13.2,69,16.2,19.9
13,69,15.3,20
12.6,71,16.3,20
13,65,16.5,20.2
12.3,66,15.2,20.3
10.5,59,12.9,20.4
10.1,59,12.7,20.4
11.4,64,13.2,20.5
11.6,56,14.5,20.6
13.2,65,16.4,20.8
12.4,68,18.4,20.9
13.9,67,16.6,21.2
12.5,70,15.3,20.9
14.4,67,18.4,21.2
13.2,70,16.5,21.3
14.7,71,18,21.5
16,74,20.8,21.5
14.5,73,18.1,21.6
16.9,71,19.6,21.5
16.8,76,21.1,21.7
15.4,74,18.1,21.4
13.6,71,17,21.5
15.5,61,21.7,21.8
15.3,62,20.8,21.8
15.8,64,21.4,22
12.4,66,16.4,21.9
14,61,17.5,21.9
13.7,60,16.8,21.8
12.8,67,16.8,22.2
13.9,70,18.9,21.9
12.1,75,15.7,22.2
12.5,53,14.4,22.2
14.6,70,19.5,22.4
14.6,77,17.1,22.3
13.4,75,15.6,22.4
13.1,71,17.5,22.6
12.5,70,14.4,22.2
11.9,60,17.3,22.5
11,67,14.9,22.2
15.1,69,20.3,23
15.8,57,18.3,23.1
15.5,54,18.9,23.2
15.6,55,20.4,23
14.1,64,17.8,23.1
14.1,64,17.6,23.2
10.2,57,11.9,23
14.3,44,19.7,22.9
16.4,44,20,23
18.7,48,22,23.2
18.4,49,21.7,23.3
14.7,57,18.2,23.4
12.4,49,15.6,22.9
16.7,61,21,23
15.2,47,17.8,23.2
15.8,57,19,23.3
14.4,53,19.1,23.4
14.1,59,19.7,23
14.3,67,18.7,22.8
14,71,17,23
13.8,51,16,22.8
13.5,43,16.1,23
12.3,59,15.4,22.8
4.2,106,10,20.6
10.9,44,14.7,22.6
13.2,40,15.2,22.7
12.4,44,17.7,22.7
13.3,52,17.2,22.7
6,114,13.5,19.6
11.4,58,18,22.2
14.3,52,18.2,22.2
13.7,43,17.9,22.4
17,36,19.1,22.7
14.9,34,16.9,22.7
16.2,33,19.4,22.5
17,35,20.3,22.7
16.1,44,18.8,22.6
15.2,50,19,22.5
15.3,63,17.6,22.4
14.1,50,16.9,22.6
15.6,42,20.2,22.7
17.9,45,21,22.5
19,44,21.3,22.3
17.5,44,19.8,22.3
18,42,21.2,22.5
18.3,43,21.1,22.6
17.9,44,20.7,22.6
18.3,42,20.7,22.5
16.7,38,19.1,22.6
16.9,42,19.1,22.5
18.5,42,20.9,22.3
17.4,43,19.5,22.4
16.3,37,18.4,22.4
14.1,40,16.1,22.2
13.1,38,16.5,22.2
16.4,44,18.8,22.6
18.5,36,21.1,22.5
19.2,44,22.4,22.3
17.5,42,20,22.2
15.9,41,18.5,22.1
17,41,21.2,22.3
17.1,38,20.2,22.2
16.2,39,19.5,22.1
15.4,42,17.8,21.9
16.4,44,18.4,21.9
15.8,42,18.9,21.9
15.4,42,18,22.1
14.4,44,16.1,22.1
14.9,46,18.3,22.1
14.9,46,18,22
15.3,42,17.8,22
15.4,45,18.1,22.2
14,44,17.6,22
15.6,44,17.4,22
15.3,43,18.2,21.8
15.6,37,18.8,21.8
16.3,34,18,21.6
15.5,34,18.1,21.6
14.5,33,16.3,21.4
15,34,17,21.4
15,38,17.5,21.3
13.4,43,15.6,21.2
9.6,56,12,20.7
5.8,125,10.9,18.2
6.5,108,10.8,18.5
5.4,95,8.7,18.5
2.3,146,4.5,18.2
7,47,14.1,19.2
12.7,32,14.8,19.8
13.7,32,17,19.7
13.4,31,15.8,19.6
13.1,33,15.6,19.5
12.1,31,13.7,19.3
13.7,26,16,19.2
15.2,28,17.2,19.1
14.6,26,17.5,18.9
14.5,25,16.5,18.8
15.6,28,17.7,18.7
14.8,28,17.9,18.5
14.6,28,17.4,18.4
14.3,29,16.7,18.3
13.7,29,15.9,18.1
14.4,28,16.9,18
13.5,29,15.6,17.9
14.1,26,16,17.7
14.8,26,17.6,17.5
15.2,29,17.8,17.4
13.9,29,16.3,17.3
13.2,34,15.3,17.2
12.3,40,13.7,17.1
11.6,41,14.5,17
11.6,46,14.8,16.8
10.8,46,13.4,16.8
10.8,59,12.3,16.5
11.4,60,12.6,16.4
10.6,52,12.1,16.4
11.2,60,12.8,16.1
11.1,68,13.5,15.8
10.8,64,12.4,15.7
9.9,62,11.7,15.7
10.9,67,12.9,15.6
11.5,68,13.2,15.7
11.6,72,14,15.5
12.6,72,15.6,15.4
14.4,73,16.9,15.3
14.1,73,16.2,15.2
13.9,73,16,15.1
14.3,71,16.2,14.9
12.4,71,14.5,14.9
11.1,72,13.7,14.8
11.4,71,13.3,14.7
11.1,75,14.2,14.7
10.3,75,12.4,14.6
9.9,77,11.5,14.6
10.7,80,12.9,14.5
9.7,77,11.7,14.5
10.1,77,11.6,14.4
8.9,73,10.4,14.4
9,72,11.5,14.4
8.6,73,9.9,14.3
8.1,72,9.2,14.3
8,65,11,14.2
10.6,49,14.2,14.2
11.3,41,13.6,14.1
12.3,51,15,14
12.7,51,14.6,13.9
14.1,49,16.5,13.8
13.1,44,15.4,13.7
13.1,35,15.1,13.6
15,39,17.2,13.4
14.6,39,16.5,13.5
14.6,37,17,13.2
15,37,16.9,13.2
14.7,40,16.8,13.1
15.2,38,17.4,13.1
14.8,38,17.3,13.1
14.6,37,16.1,13
13.2,36,15.3,13
11.8,42,14.6,12.9
12.4,47,15.4,13
-1,-1,-1,-1
12.5,65,14.9,12.8
13.6,62,16.7,12.7
14.1,59,17.2,12.5
15.7,65,20.2,12.5
16.1,71,19.4,12.5
15.6,66,18.7,12.3
12.6,59,15.1,12.4
11.9,56,13.6,12.3
12.5,59,14.6,12.3
12.3,60,14.8,12.3
11.4,58,14,12.2
11.9,63,16,12.3
12.2,60,15.2,12.2
13.6,52,16.2,12.2
14.4,52,17.4,12.2
13.7,50,16.4,12.2
13.9,52,16.6,12
13,59,15.5,12.1
12.4,53,15.6,12.1
15.8,53,19.2,12
16.6,58,19.1,11.9
15.9,52,19.1,11.9
16.1,53,19.4,11.8
15.3,49,18.5,11.9
16.2,50,19.9,11.8
15,59,18.3,12.1
16.7,47,19.7,11.9
16.2,46,19.1,11.9
14.1,45,17.4,12
13.4,52,16,11.9
12.8,48,16.1,12.1
12,53,14.3,11.9
11.4,54,14.9,11.9
10.8,48,13.3,12.1
11.5,50,16.8,12
12.8,48,16.2,11.9
12.4,52,14.6,12
10.9,51,13.6,12
12.3,52,15.3,12
13.6,57,16.6,12.1
12.6,65,16.1,12.1
10.4,54,13.5,12.1
11.3,51,14,12
12.1,52,15.5,11.9
12.6,45,15.4,11.9
13.5,50,15.8,11.8
12.7,54,17.2,11.8
13.4,55,18.1,11.9
12.8,51,16.7,12
13.8,47,16.3,11.8
13.5,49,15.8,11.9
12.6,68,17.5,11.9
11.1,58,15.4,11.7
11,72,14.3,11.8
10.7,71,15.6,11.9
10.2,67,12.5,12
11.6,52,14.3,11.9
10.9,43,14.5,11.9
12.7,50,15.6,12
9.9,57,13.1,12.2
10.4,52,12.4,12.2
10,52,13.5,12.4
11.3,47,13.6,12.3
11,47,14.2,12.3
10.1,48,12.6,12.4
11.1,50,14.2,12.8
11.6,63,14.4,12.6
11.3,78,15.2,12.6
9.5,69,13,12.6
9.5,63,12.3,12.8
9.9,48,12.4,12.6
8.9,50,12.4,12.9
8.9,26,12.8,12.8
9.4,33,13.4,12.8
9.6,43,13.1,12.8
10.6,40,14,12.7
9.3,35,12.5,12.9
9,21,10.7,12.9
6.2,38,8.7,13.2
8.8,34,10.5,13.3
6.9,29,10.1,13.4
7.4,45,11.2,13.7
8.9,35,11.4,13.6
7.3,35,10.2,13.5
5.2,34,7.5,13.9
7.4,83,9,14.1
7.5,70,11.9,14.1
8.8,68,11.5,14.3
6.9,78,9.1,14.5
7.3,43,9.1,14.4
6.8,59,8.3,14.6
7.1,52,10,14.6
7.3,29,9.7,14.6
6.7,33,8.6,14.7
8.9,49,12.7,14.8
5.9,62,8.2,14.9
6.4,30,9.6,15
8.4,32,12,15.2
7.4,30,10.4,15.1
6.7,51,9.5,15.4
6.4,57,9.1,15.5
9.4,29,11.5,15.4
9,29,11.6,15.4
8.3,26,10.4,15.5
6.1,42,8.6,15.8
8.7,66,13.2,15.9
8,32,11.3,15.8
6.6,52,8.6,16.1
6.2,56,8.3,16.1
7.1,59,9.4,16.3
8,69,10.3,16.5
5.7,85,7.9,16.5
5.7,70,8,16.5
5,66,8.5,16.6
5.1,71,6.6,16.8
6.6,76,10,16.8
3.6,75,6,16.9
3.2,104,4.4,17
4.4,58,8.1,17.1
4.8,48,6.6,17.2
7.6,147,10.6,15.9
9.4,163,11.6,15.8
7.8,172,10,16.1
7,143,10,15.8
9.2,142,11,15.7
10,142,11.4,15.6
9.9,145,11.4,15.6
10.3,145,12.1,15.5
9.8,142,11.4,15.7
8.4,147,10.5,15.8
9.7,147,11.3,15.8
9,146,10.4,15.7
9.8,146,11.2,15.7
10.4,146,11.6,15.7
11,144,12.9,15.7
10.4,146,12.5,15.7
9.8,155,11.3,15.8
11.3,151,12.3,15.6
10.2,152,11.9,15.6
10.7,159,12.1,15.6
10.4,159,11.8,15.6
10.9,154,12.4,15.6
11.2,159,13.2,15.6
10.7,147,12.2,15.7
11.4,146,13.6,15.7
11.6,150,12.7,15.7
11.2,147,12.2,15.8
10.4,148,11.5,15.9
10.8,150,12.5,15.9
11.5,145,13.6,15.9
11.3,143,12.5,15.9
11.3,142,12.6,15.9
10.6,143,12.3,15.9
11.7,143,13.5,16
12.1,147,13.8,15.8
10.9,156,12.1,15.4
9.8,167,11.4,15.4
10.3,166,11.4,15.3
9.8,170,11.1,15.2
10.4,166,12.1,15
9.7,169,11.2,15.1
9.5,163,10.7,14.9
9.4,159,11,15
9.3,169,11.2,14.8
7.8,165,9.6,14.9
8.3,159,9.6,14.9
9.2,155,10.3,14.8
9.6,151,11.2,14.7
9.6,149,11.1,14.9
9.8,148,11.4,14.7
9.6,152,11.1,14.6
8.9,150,10.6,14.7
8.3,152,9.7,14.7
9.4,150,11.2,14.6
9.4,145,10.6,14.8
9.4,149,11.9,14.7
8.9,150,10.8,14.6
9.7,152,11.9,14.6
8.6,153,10.7,14.8
8,159,9.7,14.7
8.4,153,10.8,14.8
7.7,149,9.2,14.8
7.7,158,9.4,14.7
7.8,157,9.5,14.8
7.3,158,9.2,14.8
7.3,160,9.8,14.8
7.5,163,9.3,14.8
7.3,153,9.3,14.8
6.8,161,9.6,14.8
6.8,165,8.2,14.9
6.6,154,8.2,14.9
6.1,159,8.2,14.9
6.1,146,7.3,15
5.9,147,7.3,15
5.3,144,7.3,15
6,148,8.4,15
7,141,8.4,15
6.4,146,7.9,14.9
5.8,141,7.9,15.1
5.6,142,7.3,15.1
5.5,138,7.4,15.1
5.9,136,7.8,15
5.7,131,7.4,15
6,134,8,15.2
6.5,133,7.8,15
6.3,131,7.7,15
6.1,125,7.8,15
5.9,134,9.6,15.1
6.6,126,8.7,14.9
6.7,125,7.8,14.9
7.1,127,8.6,14.8
6.7,133,8.4,14.8
6.7,128,8.2,14.9
7.4,127,9.3,14.9
7.1,129,8.9,14.8
6.9,132,8.8,14.8
6.7,127,9.1,14.8
6.6,128,8.1,14.7
6.5,119,8.1,14.7
6.5,122,7.8,14.8
6.4,121,7.8,14.8
6.9,112,8.4,14.8
6.9,119,9.1,14.9
6.4,121,8.3,14.8
6.7,125,9,14.8
6.4,119,7.9,14.9
6.3,123,7.7,14.8
5.6,120,7.8,14.7
6,124,7.6,14.7
5.8,124,8.1,14.9
5,122,6.7,14.7
5.1,122,6.8,14.8
5.1,126,6.5,14.8
4.9,123,6.4,14.8
4.5,125,6,14.8
4.3,130,6,14.8
4.3,128,5.5,14.8
4.8,114,6.2,14.8
4.2,112,5.2,14.9
4.6,108,6,14.8
4.2,116,5.8,14.9
4.2,122,5.2,14.8
4.5,118,6,14.9
4.3,109,5.5,14.9
3.5,114,5.3,14.9
3.9,109,5.9,14.9
3.5,100,5.1,14.9
2.8,87,4.4,14.9
3.4,79,4.1,14.9
3.1,75,4.3,14.9
3.1,81,3.8,14.9
3.7,68,4.8,14.9
4.6,71,5.9,14.9
5.1,56,5.9,14.7
4.9,58,5.9,14.6
4.8,56,5.8,14.6
5.6,54,6.9,14.6
6.7,47,8.6,14.6
8.5,56,10.3,14.2
10,60,12.3,14.4
10.4,66,12.3,14
9.9,70,12,14.2
10.6,79,12,13.7
10.1,77,12.4,13.7
11.2,80,13.1,13.7
12.1,80,14.6,13.8
12.1,82,13.9,13.8
11.1,78,13.1,13.8
10.8,80,13,13.6
10.3,79,12.1,13.5
9.8,76,11.1,13.6
10.2,73,11.8,13.4
9.9,74,11.5,13.3
9.6,71,11.2,13.3
8.7,73,11.5,13.3
8.3,71,10,13.1
8.4,70,10.1,13.1
7.9,75,9.7,13.1
7.8,72,9.2,13.1
7.7,68,8.9,13
7.7,69,8.7,12.9
7.5,67,9,12.9
7.4,67,8.9,12.9
7,65,8,12.9
7.2,63,8.4,12.8
7.2,60,8.9,12.9
6.9,60,8.1,12.8
-1,-1,-1,-1
6.1,66,7.5,12.8
6,65,7.3,12.8
6.7,64,8.4,12.8
6.8,65,8.3,12.7
6.9,65,8.4,12.7
6.9,61,8.5,12.7
7.2,62,8.8,12.7
7.8,59,9.3,12.6
8,56,10.2,12.8
7.8,54,9.2,12.8
7.9,56,9.5,12.7
7.6,54,9.1,12.8
7.4,55,8.4,12.7
7.8,55,9.4,12.8
7.7,54,9.1,12.9
7.6,55,8.7,12.8
7.8,55,9.3,12.8
7.9,58,9.2,12.9
7.7,53,9.8,12.9
7.4,55,9.1,12.9
8.2,61,11.1,12.9
8.1,63,10.1,12.9
9.1,64,11.4,12.9
9,56,10.3,12.8
8.2,58,9.4,12.7
8.5,60,10.3,12.6
8.6,56,10.3,12.6
8.3,56,9.7,12.6
8.7,54,10.7,12.6
8.5,49,9.8,12.5
8.4,50,9.7,12.7
8.5,55,9.7,12.6
7.8,57,9,12.5
7.4,56,9.1,12.5
7.5,59,9.5,12.5
7,58,8.1,12.6
7.1,56,8.3,12.6
7.2,52,8.4,12.5
7.6,51,8.9,12.6
7.3,48,8.4,12.7
8.3,44,9.6,12.8
8,42,9.2,12.9
8.2,45,10.2,12.9
7.3,47,9.6,12.9
7.1,50,9.3,13
7.7,44,9.6,12.9
7.5,43,9.3,13.1
7.1,43,9.2,13
7.5,40,9.1,13
7.7,45,9.4,13
7.7,41,9.9,13
7.7,43,9.3,13
7.6,41,9.4,13
7.1,41,9.6,13.1
7.5,45,9.3,13.1
7.2,46,8.6,13.2
7.2,43,9.2,13.3
7.2,46,8.8,13.3
6.6,46,8.3,13.3
7.2,44,9,13.5
6.9,51,9.2,13.4
6.4,58,7.8,13.5
6.9,73,11,13.6
11.1,83,12.9,13.7
12,77,14.5,13.6
12.3,75,15.2,13.5
12,73,14.8,13.5
11.1,85,14.3,13.5
10.5,73,13,13.9
10.7,74,13.8,13.8
11.8,73,14.2,13.8
11.1,70,17.1,13.8
9.5,68,12.2,13.8
9.7,73,13.1,13.9
11.2,79,13.9,13.9
9.5,76,12.3,13.9
10.4,72,14,14
8.9,66,10.9,14.1
9.8,80,12.1,14.1
9.6,86,12.1,14.4
9.5,87,11,14.2
9.5,74,12.8,14.3
7.8,76,11.3,14.3
8.3,84,11.3,14.3
8.9,88,11.9,14.4
8.9,79,11.9,14.5
6.9,87,9.3,14.6
7.8,87,10.8,14.9
7.7,79,10.4,14.9
6.9,74,9.3,14.9
8.4,80,12.3,15
8.1,93,9.8,15
7,84,9.9,15.1
3.8,78,6.7,15.2
3.9,65,7.3,15.5
6.6,64,8.8,15.5
6.7,80,8.8,15.5
8.1,81,10.2,15.6
7.8,77,10,15.7
5.2,77,7.7,15.8
8.1,85,9.6,15.8
7.7,79,10.6,15.9
7.3,65,9.7,15.9
7.6,72,9.7,15.9
6.6,69,8,16
5.6,71,7,16.2
7.3,77,8.5,16.2
6.4,84,8.2,16.3
6.4,88,7.8,16.3
6.1,86,7.9,16.5
6.9,84,8.7,16.7
8.2,74,10.8,16.6
7.4,74,8.9,16.7
6.9,79,8.4,16.8
6.1,76,7.8,16.9
5.7,100,8.2,16.4
6.8,143,8.4,15.7
5.5,142,7.3,15.8
7.1,151,7.9,15.6
7,154,8.2,15.6
7.4,148,8.7,15.5
7.3,161,8,15.3
6.8,164,8.2,15.4
7.2,168,8.6,15.4
7.7,167,8.7,15.4
7.9,169,8.8,15.4
7.8,164,9,15.4
7.4,166,8.7,15.5
7.2,166,7.9,15.5
7.5,164,8.4,15.5
7.1,159,8.4,15.7
6.7,166,7.7,15.7
7.3,159,8.5,15.5
7.8,168,9,15.5
8.2,168,9.2,15.4
7.6,178,8.9,15.4
7.6,170,8.7,15.5
8.1,173,9,15.4
7.9,175,9,15.4
7.9,173,8.9,15.4
8,181,9.1,15.4
7.8,181,9.3,15.4
7.3,188,8.5,15.5
7.3,183,8.7,15.5
8.1,179,9.5,15.5
7.9,187,9.3,15.5
8.4,184,9.2,15.4
8.2,186,9.8,15.5
8,187,9.2,15.5
7.9,194,9.5,15.4
7.9,195,9.3,15.5
7.6,193,9,15.5
7.8,193,9.3,15.5
7.9,194,9.4,15.5
7.8,195,9,15.5
7.2,194,8.6,15.6
7.9,201,8.9,15.6
7.7,200,9,15.7
8.1,209,9.2,15.7
7.9,206,9.5,15.6
8,210,9.4,15.7
8,210,9.2,15.6
7.3,211,8.3,15.7
7,212,7.9,15.8
7,211,7.8,15.6
6.8,213,7.6,15.8
7,212,8,15.7
6.8,213,8,15.7
6.6,212,7.7,15.6
6.4,211,7.5,15.7
5.9,198,7.3,15.7
6,197,7.4,15.6
6.1,186,6.8,15.6
6.3,183,7.3,15.6
5.8,187,7.3,15.8
6.1,178,7.2,15.7
6.7,175,7.6,15.7
6.7,175,8.1,15.7
7.1,168,8.1,15.8
7.5,162,8.4,15.7
7.4,160,8.5,15.8
7.9,161,9.1,15.7
7.5,156,8.7,15.8
7.6,149,9,15.8
7.8,150,9.3,15.7
7.7,149,8.7,15.8
7.9,148,8.8,15.6
8,148,9.1,15.6
8,148,9.1,15.4
8.3,149,10,15.5
8.4,144,9.6,15.4
8.5,147,9.5,15.4
8.3,142,9.4,15.5
8,144,9,15.5
7,144,8.4,15.4
6.9,144,8.1,15.5
6.5,145,8.3,15.5
6.6,148,8,15.6
6.8,142,7.6,15.5
6,143,7.2,15.6
6,145,7.2,15.6
5.5,146,7,15.5
5.7,138,7.3,15.5
5.9,141,7.1,15.6
5.4,144,6.1,15.6
5.4,140,6.4,15.5
5.6,143,6.8,15.4
5.5,147,6.6,15.4
5.3,154,6.3,15.4
5.1,154,6.2,15.3
4.9,153,6,15.3
5,157,5.9,15.4
4.8,156,6.3,15.3
4.3,158,5.3,15.3
4.3,153,5.2,15.3
3.8,147,4.9,15.3
3.8,147,4.9,15.3
3.6,154,4.5,15.3
2.9,147,3.6,15.3
3.3,155,4.3,15.4
3,148,4.8,15.3
3.3,164,4.2,15.3
3.2,156,4.1,15.4
3.6,163,4.6,15.4
3.6,162,4.3,15.4
3.7,165,4.7,15.4
3.6,165,4.8,15.4
3.5,162,4.4,15.3
3.4,163,4.2,15.3
3.9,173,5,15.3
3.7,177,4.6,15.4
3.9,180,5.3,15.2
3.6,182,4.6,15.3
3.7,176,5.2,15.3
3.5,174,4.4,15.3
2.9,188,4,15.3
3.2,182,4.6,15.3
2.6,180,3.8,15.3
2.6,180,4,15.2
2.3,180,4.4,15.3
2,175,3.2,15.3
1.9,192,3.3,15.2
1.9,189,2.7,15.2
1,204,2.3,15.2
0.7,209,1.5,15.2
1.1,211,2.2,15.2
1.7,233,2.6,15.2
1.3,223,1.8,15.2
0.9,229,1.5,15.2
2,179,3.4,15.3
2.6,178,3.9,15.3
2.7,181,3.4,15.3
2,185,2.9,15.3
2.2,205,3.1,15.3
2.2,193,3,15.3
2.1,212,2.5,15.3
2.2,211,3.5,15.3
2,216,2.6,15.3
1.7,231,2.6,15.3
1.3,234,2.3,15.3
1.2,226,1.7,15.3
1,239,1.7,15.2
0.6,241,1,15.1
0.1,241,0.5,15.2
0,236,0,15.2
0.9,235,1.9,15.2
1.1,229,2.5,15.3
1.7,244,2.3,15.3
1.9,245,2.7,15.3
1.8,263,2.5,15.2
1.7,271,2.2,15.2
2.2,280,3.3,15.2
2.6,271,3.3,15.2
3.2,272,4.2,15.2
3,267,3.6,15.2
2.8,265,3.5,15.2
2.8,263,3.5,15.3
3.6,260,4.2,15.3
3.9,257,4.4,15.3
3.9,260,4.6,15.3
4,252,4.9,15.4
4,251,5,15.5
4.1,250,5,15.4
4.6,257,5.3,15.4
4.9,254,5.8,15.4
5.1,251,5.8,15.4
4.8,257,5.3,15.4
-1,-1,-1,-1
5.6,260,6.4,15.4
5.5,254,6,15.4
5.6,255,6.2,15.4
5.3,257,6.3,15.3
5,253,5.7,15.4
5,250,5.7,15.5
5.2,255,6.2,15.5
5.4,274,6.1,15.4
5.8,275,6.6,15.4
5.1,278,5.9,15.4
5.3,275,6.4,15.5
5.5,276,6.1,15.4
5.3,274,6.2,15.5
4.7,271,5.8,15.5
5.5,277,6.3,15.5
5.9,279,6.7,15.5
6.4,276,7.7,15.4
6,281,7.4,15.4
6.3,274,7.6,15.5
6.9,274,7.9,15.4
6.8,276,8.2,15.4
7.4,277,8.3,15.4
7.5,275,8.5,15.4
6.9,276,8,15.4
6.9,275,7.7,15.5
6.3,279,7.4,15.5
6.2,282,7.8,15.6
6.4,284,7.6,15.5
6.6,286,7.7,15.5
6.9,282,8.2,15.6
6.6,286,8.5,15.7
6.5,297,7.3,15.6
7,303,7.7,15.6
6.8,301,7.6,15.6
6.6,299,7.8,15.6
5.7,304,6.9,15.6
5.9,301,6.8,15.6
5,308,5.9,15.6
4.7,315,5.7,15.6
4.3,313,5.2,15.6
4.3,317,5.4,15.6
4.5,311,5.2,15.6
4.9,304,5.8,15.6
4.7,297,5.6,15.7
4.9,295,6.2,15.9
5.4,297,6.5,15.9
5.9,293,6.9,16
6.1,294,6.9,16.1
6.1,295,7.4,16.2
6,300,7.9,16.1
7.2,298,8.3,16.2
7.3,293,8.3,16.3
7.2,282,8.2,16.6
7.8,276,8.9,16.6
8.1,274,8.9,16.7
8.2,269,9,16.7
8.1,270,9.1,16.8
7.9,272,8.9,16.9
8.1,269,9.1,17
8.9,268,9.7,17
8.1,268,9.1,17.1
8.6,269,9.9,17
8.2,266,9.5,17
7.5,265,8.8,17
7.5,265,8.8,17
8,266,9.3,16.9
8.5,266,9.5,17
8.5,266,10,17
8.3,262,9.6,17
8.1,261,9,17
7.7,259,8.5,17
7.6,258,8.7,17.1
7.7,260,8.4,17.2
7.8,263,8.7,17.3
7.4,263,8.2,17.4
7.1,264,8.1,17.5
7.1,263,8,17.6
7.3,262,8.2,17.6
6.7,263,7.8,17.8
6.6,264,7.3,17.8
6.7,263,7.3,18
6.7,264,7.4,18
7,261,7.9,18
7.3,260,8.3,18.1
7.4,257,8.1,18.1
6.9,253,7.9,18.1
6.6,252,7.2,18.1
6.1,250,6.9,18.2
6.4,251,7.2,18.2
6.4,253,6.9,18.4
5.6,250,6.3,18.4
5.4,229,6.3,18
5.1,216,5.9,17.6
4.9,208,5.8,17.5
4.7,210,5.3,17.5
4.7,211,5.5,17.4
5.6,201,6.5,17.5
5.7,201,6.4,17.5
6.5,196,7.5,17.5
6.7,196,7.5,17.3
7.7,199,8.4,17.3
7.6,206,8.8,17.3
7.4,210,8.4,17.4
7.7,208,8.5,17.3
7.9,210,8.7,17.3
7.8,209,8.6,17.4
7.9,210,8.8,17.5
8.6,211,9.7,17.3
9.1,211,10,17.4
9,211,10.2,17.4
9.1,212,10,17.3
9.2,212,10,17.2
9.1,209,9.9,17.2
8.9,207,10.1,17.3
9.4,210,10.9,17.2
10.6,206,12,17.1
10.8,204,12.9,17.2
10.6,211,11.7,17.3
11.3,206,12.4,17.3
10.6,205,12.5,17.4
10.5,200,12,17.4
11.8,204,13.1,17.4
11.1,209,12.4,17.3
11.1,208,12.5,17.2
11.7,205,12.9,17.1
11.6,206,13.2,17
12.1,205,13.3,17
12.3,201,14.6,17.1
12.5,204,14.8,17
13.3,206,14.7,17
12.4,206,13.9,17
11.9,207,13.7,17.1
12,206,13.5,17.2
11.6,207,13.5,17.3
11.4,207,12.8,17.2
11.3,208,12.6,17.2
11.6,203,13.3,17.3
11.9,203,13.8,17.4
11.6,205,13.5,17.5
11.4,207,12.4,17.5
11.2,202,13,17.5
10.9,205,12.1,17.6
10.1,206,11.6,17.6
10,204,11.4,17.6
10.1,202,11.5,17.8
10,206,11.9,17.9
9.8,200,11.4,17.9
8.7,194,10.7,17.9
8.4,193,11.3,17.9
8.4,193,9.9,17.9
8.8,192,10,17.9
9.7,187,10.5,17.9
9.3,191,10.9,17.9
9.8,196,11.9,17.9
9.9,194,11.5,18
10.3,195,11.5,18.1
11,201,12.5,18.2
9.6,198,11.4,18.2
8.6,193,10.1,18.1
9.1,188,10.2,18.2
9.4,186,10.7,18.2
9.5,183,11.3,18.1
9.4,168,10.5,18
8.9,178,10,17.9
8.8,181,9.8,17.9
9.1,181,10.2,18
8.9,182,9.9,18
8.4,175,9.2,18
8.1,157,9.1,18
8,153,9.2,18
8.1,148,9.2,18
8.4,140,9.6,17.9
9.7,141,10.7,17.8
10.1,140,10.9,17.8
10.3,144,11,17.8
10.1,145,11.4,17.8
10.8,141,11.9,17.7
11,152,12.3,17.9
11.2,151,12.1,17.8
11.1,157,12.3,17.8
10.8,160,12.6,17.9
10.6,151,11.7,17.9
10.1,155,11.7,17.8
10.3,162,11.4,17.9
10.2,163,11.3,17.9
9.9,159,11.1,17.9
9.5,162,10.6,17.9
9.3,157,10.5,18
10.1,154,11.5,18
9.5,155,10.7,18
9.5,160,11,18.2
8.8,151,10.1,18.2
8.6,149,9.9,18.2
8.6,157,10.1,18.1
8.3,162,9.8,18.1
8.4,156,9.6,18.1
8.2,158,9.2,18.1
8.5,153,10.2,18.1
8.9,141,9.8,18
8.9,151,10,17.9
8.6,151,9.9,17.8
8.6,153,9.7,17.8
8.7,148,9.6,17.7
8.6,143,9.8,17.6
8.8,143,9.6,17.6
9.4,139,10.9,17.5
9.4,137,10.5,17.5
9,138,10,17.3
8.9,137,10.1,17.4
8.8,131,10.2,17.2
8.8,129,9.9,17.3
7.8,131,8.9,17.2
8.6,124,9.4,17.1
9.3,129,10.5,17.1
9.5,132,10.4,17
9.2,137,10.1,16.9
8.9,133,9.6,16.9
8.3,132,9.1,16.9
7.9,133,8.9,16.9
7.6,136,8.7,16.9
7.8,136,8.5,16.9
8.5,139,9.7,16.9
8.8,140,9.6,16.9
8.9,138,9.6,16.9
9,136,9.8,17
8.3,138,9.2,17.1
7.9,134,8.9,17
7,132,7.9,17
6.3,136,7,17.1
5.8,138,6.5,17.1
5.8,137,6.6,17.1
5.5,132,6.2,17.1
5.4,128,6.1,17.1
4.9,137,5.6,17.1
4.4,137,5.2,17
4.2,147,4.9,17.1
4.4,135,5.1,17.1
4.2,141,5,17.2
4,151,4.7,17.1
3.3,157,3.8,17.1
3.9,154,4.4,17
4,153,4.6,17
3.4,163,3.8,17
3.5,159,4,16.9
3.7,154,4.3,16.9
3.7,141,4.1,17
3.5,140,3.9,16.9
2.7,159,3.4,16.9
2.6,151,3.3,16.9
2.9,138,3.5,16.9
3,140,3.7,17
3.3,127,4,17
3.9,125,4.7,17
3.7,126,4.2,17
3.6,130,4.2,17
3.5,133,4.4,17
3.4,143,4,17.1
3,148,3.7,17.1
2.1,140,3,17.1
1.8,138,2.6,17.1
1.9,128,2.4,17.1
1.7,116,2,17.1
1.2,116,2,17.1
0.4,115,1.5,17.1
1.9,124,2.6,17.1
1.3,127,2.1,17.1
0.8,127,1.2,17.1
1.3,125,1.8,17.1
2.2,126,3.1,17.1
2.7,111,3.3,17.1
2.4,131,2.8,17.2
3.1,131,3.6,17.1
3,146,3.5,17.2
3.8,144,4.6,17.2
4,149,4.5,17.2
3.6,149,4.2,17.1
4.3,136,4.7,17.1
4.3,138,4.8,17.1
4.3,131,4.7,17.1
4.2,127,4.8,17.1
4.1,131,4.4,17.1
4,132,4.4,17.1
3.6,132,4.2,17.1
2.5,127,3.2,17.1
1.2,140,1.6,16.9
1.2,136,1.7,17.1
1.6,122,2.1,17.1
-1,-1,-1,-1
1.4,109,1.8,17
1.3,104,1.7,17
2.1,78,3.2,17
3.2,79,3.8,16.8
3.5,94,4,16.8
3.2,101,3.5,16.8
3.8,115,4.4,16.8
3.5,112,4.2,16.9
2.9,107,3.3,16.9
3.1,93,3.6,16.9
3.2,79,3.5,17
3.2,83,3.9,17
4.1,72,4.8,16.7
4.6,75,6,16.5
5,74,5.8,16.4
4.7,84,5.7,16.5
4.6,93,5.5,16.4
5.4,93,6.2,16.4
5.8,96,6.5,16.4
6.1,109,6.7,16.5
5.7,104,6.2,16.5
5.2,109,5.9,16.5
4.6,115,4.9,16.6
4.2,120,4.7,16.6
3.9,110,4.4,16.6
3.9,108,4.3,16.7
3.5,106,3.9,16.7
3.4,106,3.9,16.7
3.6,106,4,16.7
3.8,105,4.2,16.8
4.2,104,4.6,16.8
4.5,100,5.1,16.9
4.2,96,4.8,16.9
4.1,102,4.6,16.9
4.1,112,4.5,16.9
3.6,110,4.1,17
3.5,98,4.2,17
2.4,109,3.3,17.1
2.1,97,2.7,17.3
2.7,78,3.4,17.3
1.5,79,2.1,17.5
2,59,3.4,17.3
2,38,3.1,17.3
2,20,2.9,17.2
2.9,32,3.7,17.1
2.6,29,3.2,17.1
2.4,32,3,17.2
2.9,43,3.4,17.2
1.7,44,2.4,17.5
2.7,40,3.9,17.4
3.8,28,5,17.3
4.4,22,5.2,17.2
4.2,27,5.1,17.1
3.6,19,4.3,17.2
3.6,25,4.1,17.2
3.4,33,4.1,17.2
3.2,28,3.9,17.3
3.2,30,3.8,17.3
3,26,3.5,17.4
2.9,26,3.3,17.5
2.8,35,3.2,17.6
2.4,42,2.8,17.9
1.8,68,2.1,18.3
1.6,83,2,18.4
2,111,2.6,18.5
1.7,126,2.3,18.6
1.6,141,2.2,18.7
2.3,142,3.3,18.5
3.5,147,4.3,18.3
4.1,155,4.9,18.2
3.4,163,3.9,18.3
2.8,176,3.8,18.3
2.3,202,3.1,18.4
2.2,195,2.7,18.4
1.7,233,2.2,18.7
1.7,244,2.2,18.8
1.5,246,2,19.2
1.6,228,2.4,19.2
1.4,215,1.7,19.2
1.6,221,2.1,19.2
1.6,232,2.2,19.2
1.9,206,2.4,19
2.7,194,3.5,18.8
3.3,190,4.1,18.6
3.5,186,4,18.5
3.9,190,4.5,18.6
4.5,197,5.1,18.5
4.5,205,5.2,18.6
4.1,218,4.5,18.6
4.3,219,4.9,18.6
4.3,214,4.6,18.6
4.4,210,5,18.7
4.8,209,5.2,18.7
4.7,208,5.3,18.6
4.9,205,5.5,18.7
5.7,205,6.4,18.6
5.7,208,6.1,18.5
5.8,207,6.3,18.5
5.9,211,6.7,18.5
6.1,212,6.7,18.4
6.2,207,6.7,18.4
6.7,202,7.6,18.2
7.2,205,8.3,18.1
8.1,202,8.8,18
8.9,203,9.6,17.8
9.5,203,10.4,17.8
9.9,202,11.1,17.7
9.3,210,10.4,17.7
9.7,205,10.8,17.7
10.1,202,11.8,17.6
10,204,11.2,17.6
10,207,10.9,17.6
10,204,11.3,17.6
10.4,202,11.8,17.5
9.9,208,11.5,17.6
10,213,11.4,17.6
10.5,210,11.5,17.5
10.5,208,12.1,17.7
11.1,208,12.6,17.7
11.3,209,12.4,17.8
11.4,208,12.7,17.9
11.8,206,13.1,17.9
10.8,212,12,17.9
11.1,210,12.3,17.9
11.6,209,12.8,17.8
12.1,207,13.5,17.9
12,208,13.1,17.9
12.6,207,13.8,17.9
11.3,207,13.4,18
10.8,208,11.9,18.1
11.8,204,13,18.1
12,203,13.4,18.3
10.8,198,13.3,18.3
12.1,202,13.6,18.3
13.1,206,14,18.3
13.6,209,14.5,18.3
13.7,208,15.4,18.2
13.6,207,14.8,18.2
14.2,210,15.4,18.2
13.1,211,15.1,18.3
13.8,209,15.8,18.3
13.2,212,14.8,18.3
13,209,14.3,18.2
13.9,206,15.8,18.2
13.9,208,15.8,18.2
14.1,212,15.9,18.2
14.6,211,16.5,18.2
14.6,215,15.9,18.1
14.7,215,15.9,18.2
14.9,214,16,18.5
14.3,214,16.1,18.6
14.3,213,15.7,18.7
13.9,211,15.6,18.8
13.1,212,14.6,18.8
13.3,208,15,18.8
12.9,209,14.1,18.7
12.9,209,14.3,18.7
12.4,213,13.7,18.8
13.3,216,14.9,19.2
14.1,218,15.4,19.2
14,220,15,19.1
14.8,219,16.3,19.3
15.1,218,16.4,19.2
14.6,218,16,19.3
13.6,218,14.9,19.4
14.2,221,15,19.7
14.3,223,15.2,19.8
12.4,223,14.1,19.5
11.4,222,12.1,19.7
10.9,220,12.2,19.9
11.6,214,13.1,19.9
12.3,216,13.2,20
12.1,216,13.7,19.9
12.1,214,13.4,19.6
11.6,218,12.4,19.5
11.5,220,12.6,19.6
13.1,219,13.9,20.4
13.6,219,14.3,20.2
13.3,219,14.6,20.1
11.9,219,12.8,19.8
11.4,215,12.2,19.9
12.5,216,13.2,20
11.4,212,12.4,19.6
11.5,214,12.6,19.7
11.1,212,12.2,19.6
10.9,211,11.8,19.6
10.7,213,11.8,19.6
10,218,11.1,19.9
9.6,215,10.6,20.1
9.8,217,10.7,20
9.5,212,11.5,19.7
11.4,222,12.5,20
10.8,227,11.9,19.9
9.7,228,10.8,19.7
11.1,232,12.4,20.4
12.2,235,13.4,20.6
12.6,239,13.2,22.2
12.7,238,13.5,21.9
11.5,234,12.3,21.5
10.9,233,11.4,21.5
10.8,232,11.7,21.1
10,234,11.1,21.5
10.1,240,11,22.2
9.7,244,10.8,22.1
9.1,248,9.6,22.3
8.6,253,9.8,22.2
8.9,258,9.9,22.4
8.5,258,9,22.5
8.1,256,8.8,22.6
8.2,259,9.5,22.5
8.9,260,10.4,22.5
8.4,261,9.4,22.4
7.8,261,9.5,22.3
7.4,264,9.1,22
6.4,276,8.4,21.8
6,287,6.8,21.6
6.2,294,6.8,21.5
5.7,300,7.4,21.6
5.2,304,7.1,21.5
4.6,323,5.4,21.4
5.9,4,7.1,21.2
5.5,331,7.9,21.5
8.7,300,11.4,21.9
11.2,297,12.7,22
11.8,296,13,21.8
13,290,14,21.9
13.3,288,14.5,22
11.7,288,12.4,21.8
10.9,295,11.8,21.7
12.5,293,14.8,21.7
14,290,15.1,21.8
13,287,13.7,21.6
11.3,292,12.1,21.4
10.5,290,10.8,21.3
10.4,289,10.7,21.2
10.6,290,11.5,21.1
11.4,292,11.9,21.1
11.6,294,12,21.1
11.7,293,12.4,21
12,290,12.8,20.8
12.7,288,13.3,20.7
13.1,283,14,20.7
13.5,283,14.3,21
13.5,285,14.3,21.2
12.9,287,14,21.3
11.9,290,12.4,21.5
11.7,291,12.7,21.5
11.9,286,12.5,21.1
12.3,278,13.4,20.8
13.6,276,14.9,20.8
13.9,280,14.8,21
13.6,283,14.5,21
13.1,283,14.1,20.8
13.3,283,14.1,20.7
12.9,281,13.7,20.6
12.7,278,13.7,20.4
12.1,276,13.3,20.3
12.5,280,13.4,20.4
12,289,12.6,20.4
11.4,295,12.3,20.5
10.1,298,11,20.5
8.5,299,9.7,20.4
7.1,300,8,20.4
6.3,295,6.9,20.7
6.4,291,7.3,20.8
6.3,288,6.9,20.7
5.9,292,7.2,20.6
5.7,294,7.4,20.6
6.1,290,6.9,20.6
5.2,299,6.6,20.9
4.6,294,5.4,20.7
4.8,304,5.7,20.7
4.8,312,5.8,20.7
4.6,318,6.1,20.7
4.8,313,5.9,20.7
4.6,312,5.3,20.6
5,321,5.9,20.5
5.6,325,6.2,20.4
5.9,328,6.5,20.4
6.4,333,7.1,20.4
6.4,338,8.5,20.4
7.4,339,8.3,20.5
8,339,9.2,20.6
8.3,339,9.2,20.6
8.4,339,9.3,20.6
7.8,337,8.8,20.4
8.3,335,9.1,20.3
-1,-1,-1,-1
7.8,340,8.9,20.1
7.8,346,9,20.2
7.5,351,8.6,20.1
6.4,353,7.9,20.1
6,355,6.9,20
6.1,354,6.9,20
5.9,350,6.7,19.9
6.5,351,7.4,20
6.4,350,7.1,19.9
6.5,338,7.5,19.8
5.8,333,7,19.8
4.9,331,5.6,19.7
4.4,329,5.1,19.6
3.3,327,4.9,19.5
1.4,293,2.5,19.3
1.6,318,2.5,19.3
2.3,325,3,19.3
2.8,340,4.3,19.3
4.7,334,6,19.4
5.8,340,6.4,19.4
6.1,337,7,19.4
6,341,6.8,19.4
6.6,345,7.3,19.4
7.6,350,8.4,19.3
7.8,352,9.1,19.1
8.4,355,9.9,19.1
8.4,5,10.5,19
9.3,4,10.8,19.1
9.4,2,11,19
9.4,6,11.1,18.9
10.4,7,11.5,18.9
10.7,11,12.3,18.9
10.2,14,12,18.9
9.9,16,11,18.9
10.3,17,11.4,19
11,18,11.7,19.1
11,23,12,19.1
10.9,26,12.1,19.2
10.9,28,12.3,19.4
9.9,28,11.9,19.3
10.1,26,11.8,19.4
10,26,11.7,19.4
9.7,28,11.2,19.5
10.1,27,11.2,19.5
10.1,23,11.4,19.4
9.5,25,10.8,19.5
10.5,26,11.5,19.7
10.2,26,10.6,19.8
9.8,24,10.6,19.8
9.7,20,10.3,19.9
9.1,17,9.9,19.9
9.4,18,10.5,19.9
9.7,18,10.9,20
9.9,19,11.1,20.1
9.7,21,10.6,20.1
9.8,22,10.3,20.2
9.1,23,10.3,20.3
8.5,25,9.2,20.4
8.4,25,9.1,20.5
8.9,24,9.5,20.6
8.8,24,9.6,20.7
8.2,25,9.3,20.9
7.6,23,8.9,20.9
7.3,23,7.8,20.9
6.7,27,7.4,21.1
6.3,33,7,21.3
5.9,38,6.2,21.4
5.7,39,6.2,21.5
5.7,34,6.3,21.6
6,33,6.6,21.8
6.2,36,6.5,21.9
5.8,36,6.2,22
5.8,38,6.2,22.2
5.6,37,5.9,22.3
5.6,36,5.9,22.5
5.5,33,5.8,22.6
5,35,5.7,22.7
4.6,35,5,22.7
4.2,34,4.7,22.8
3.5,33,3.9,22.9
3.2,23,3.6,23
2.8,21,3.3,23.1
3.2,29,3.7,23.2
2.8,32,3.4,23.3
2.8,21,3.1,23.4
0.5,55,2.4,23.7
0.1,52,0.6,25.2
0,47,0.4,26.4
0.2,278,1.1,24.4
2.3,226,3.9,23.3
2.8,226,5.7,22.5
5.6,232,6.4,22.1
6.6,237,7.2,21.8
6.3,234,6.7,21.9
7.2,238,7.9,21.5
7.5,239,7.9,21.4
6.6,229,7.2,22
6.4,231,7,21.8
6.3,230,6.8,22
6.3,225,7.1,22.4
6.7,224,7.4,22
6.5,221,7,22.2
6.1,213,6.6,22.2
5.9,203,6.7,22.2
6.3,198,7.1,22.1
7,201,7.4,21.7
5.8,206,7.1,21.3
5.5,203,6.1,21.2
5.4,199,6.1,21.2
5.6,197,6.6,21.3
5.8,207,7,21.2
5.9,215,6.5,21.1
6.9,210,7.9,21.4
7.5,200,8.1,21.8
7.5,205,8.2,21.3
7.7,205,8.4,21.2
8.2,207,9,21
8.6,210,9.2,21
8.9,212,9.5,20.8
8.9,209,9.6,20.8
9.6,205,10.2,21.2
9.5,201,10.3,21.4
10.3,203,10.7,21.8
10.2,202,10.7,21.9
9.8,203,10.2,21.7
10,206,10.8,21.6
10.5,207,11.3,21.1
10.5,209,11.8,20.7
12.1,207,13.5,20.5
12.3,212,13.7,19.8
12.5,216,13.7,19.6
12.5,213,13.4,20
13.3,212,14.3,20
13,215,14.6,19.9
13.1,212,14.2,20.1
13.1,213,14.6,20
12.7,215,14,19.9
12.6,218,13.9,19.9
13.2,219,14,20.1
13.6,214,14.3,20.4
13.5,213,14.2,20.4
12.4,214,13.6,20.2
12.4,216,13.3,20
12.7,217,13.7,20
13.4,217,14.6,20.2
13.7,218,14.9,20.3
13,219,13.8,20.1
12.9,217,14,20.1
12.7,215,13.7,20
12.7,215,13.8,20
12.6,215,13.8,20
12.8,214,13.9,20
12.5,212,13.9,20
12.3,214,13.6,19.8
12.7,212,13.9,19.8
12.9,213,13.8,19.8
12.4,213,13.5,19.8
12.3,212,13.3,19.8
12.3,213,13.4,19.8
11.9,213,13.3,19.8
11.8,211,12.8,19.8
12.2,213,13.3,19.8
12.4,211,13.8,19.8
12.3,210,13.5,19.7
12.2,209,13.2,19.8
12.4,208,13.6,19.7
12.5,212,13.7,19.8
12.6,214,13.8,19.8
12.8,213,14,19.9
12.9,214,13.9,19.9
12.1,215,13.2,19.8
12.2,212,13.1,19.8
12.8,213,13.8,20
13.2,216,14.3,20.1
12.9,217,13.9,20
12.6,217,13.6,19.9
12.2,214,13,20
11.9,216,12.8,20
11.7,216,12.6,20
11,214,12.1,20
11.1,212,12,20
11.9,209,13,20
11.9,209,13,20
12,212,13.1,20.1
12,218,13.3,20.1
11.7,220,12.5,20
10.8,220,11.8,19.8
10.7,218,11.7,19.8
10.5,214,11.3,19.7
10.7,218,11.5,19.7
10.8,219,11.6,19.6
10.1,214,11.4,19.5
9.8,213,10.7,19.4
9.7,216,10.7,19.4
10.1,219,10.9,19.4
10.2,222,11.2,19.4
9.1,223,9.8,19.3
8.2,222,9.1,19.3
8.3,226,9.1,19.2
8.9,230,9.8,19.1
9.6,236,10,19.3
8.8,246,9.6,19.9
7.9,255,8.7,20
6.9,258,8.1,20.2
6.7,259,7.3,20.2
6.3,264,7,20.2
6,263,6.4,20.2
6.2,262,6.7,20.2
6.3,268,6.8,20.1
6.7,275,7.2,20.2
7.4,279,8,20.4
8.5,284,8.9,20.6
8.3,286,8.8,20.6
7.4,284,8.1,20.9
6.6,285,7,21
6.4,285,6.8,21.2
6.8,288,7,21.2
7,289,7.4,21
7.6,285,8.3,21.1
7.9,286,8.3,21
7.3,288,7.7,21.2
6.4,288,7.2,21.1
6,288,6.3,21
5.6,290,6.2,20.8
5,287,5.5,20.8
4.6,288,4.8,20.8
4.6,289,5.1,20.7
4.2,286,5.1,20.5
5.2,277,5.6,20.5
5.2,278,5.7,20.5
5,275,5.4,20.4
4.8,271,5.2,20.4
4.5,270,4.8,20.3
4.1,264,4.4,20.2
4,259,4.3,20.2
4.2,257,4.4,20.1
4.4,241,4.8,20.1
4.3,237,4.8,20
4.3,240,4.6,20.3
4.2,240,4.7,20.3
3.9,238,4,20.4
4.1,238,4.3,20.3
3.8,233,4.3,20.1
3.9,239,4.1,20.2
3.8,242,4,20.1
4,238,4.1,20
4.1,233,4.5,20
4.6,231,4.9,19.8
4.7,242,5,19.7
4.3,249,4.8,19.7
