-1,-1,-1,-1
-1,-1,-1,-1
-1,-1,-1,-1
-1,-1,-1,-1
-1,-1,-1,-1
-1,-1,-1,-1
-1,-1,-1,-1
-1,-1,-1,-1
-1,-1,-1,-1
-1,-1,-1,-1
-1,-1,-1,-1
-1,-1,-1,-1
-1,-1,-1,-1
-1,-1,-1,-1
-1,-1,-1,-1
-1,-1,-1,-1
-1,-1,-1,-1
-1,-1,-1,-1
-1,-1,-1,-1
-1,-1,-1,-1
-1,-1,-1,-1
-1,-1,-1,-1
-1,-1,-1,-1
-1,-1,-1,-1
-1,-1,-1,-1
-1,-1,-1,-1
-1,-1,-1,-1
-1,-1,-1,-1
-1,-1,-1,-1
-1,-1,-1,-1
-1,-1,-1,-1
-1,-1,-1,-1
-1,-1,-1,-1
-1,-1,-1,-1
-1,-1,-1,-1
-1,-1,-1,-1
-1,-1,-1,-1
-1,-1,-1,-1
-1,-1,-1,-1
-1,-1,-1,-1
-1,-1,-1,-1
-1,-1,-1,-1
-1,-1,-1,-1
-1,-1,-1,-1
-1,-1,-1,-1
-1,-1,-1,-1
-1,-1,-1,-1
-1,-1,-1,-1
-1,-1,-1,-1
-1,-1,-1,-1
-1,-1,-1,-1
-1,-1,-1,-1
-1,-1,-1,-1
-1,-1,-1,-1
-1,-1,-1,-1
-1,-1,-1,-1
-1,-1,-1,-1
-1,-1,-1,-1
-1,-1,-1,-1
-1,-1,-1,-1
-1,-1,-1,-1
-1,-1,-1,-1
-1,-1,-1,-1
-1,-1,-1,-1
-1,-1,-1,-1
-1,-1,-1,-1
-1,-1,-1,-1
-1,-1,-1,-1
-1,-1,-1,-1
-1,-1,-1,-1
-1,-1,-1,-1
-1,-1,-1,-1
-1,-1,-1,-1
-1,-1,-1,-1
-1,-1,-1,-1
-1,-1,-1,-1
-1,-1,-1,-1
-1,-1,-1,-1
-1,-1,-1,-1
-1,-1,-1,-1
-1,-1,-1,-1
-1,-1,-1,-1
-1,-1,-1,-1
-1,-1,-1,-1
-1,-1,-1,-1
-1,-1,-1,-1
-1,-1,-1,-1
-1,-1,-1,-1
-1,-1,-1,-1
-1,-1,-1,-1
-1,-1,-1,-1
-1,-1,-1,-1
-1,-1,-1,-1
7.1,245,12.5,18.9
7.5,254,12.6,18.5
3.8,265,9,19.1
5.3,235,8.8,19.5
3.6,232,9.3,20.1
7.8,228,10.7,20.4
3.3,254,7.8,20.9
4.9,259,7.2,20.8
6.8,222,8.3,21.4
8.1,232,10.6,21.1
7.4,230,10.6,21.2
4.8,234,7.3,21.5
5.8,227,9.8,21.7
4,233,6.2,22.3
11.1,229,12.7,21.9
5.4,238,9.4,21.6
8.1,242,10.3,21.1
5.5,229,7.4,21.8
6.9,222,8.9,21.7
8.4,230,12.1,21.5
8.4,231,10.8,21.3
4.1,244,7.5,21.4
6.4,225,12.6,20.8
6.3,226,10.8,20.6
5,242,8.9,20.5
5,243,6.9,21.1
6.2,218,10.1,20.6
6.4,269,12.2,19.6
7,271,9,19.3
3.9,245,7.6,20.3
7.2,255,9.9,20.2
7,268,9.2,20.3
6.6,270,10,19.9
7.4,253,10.4,20.4
3.4,238,6.6,20.5
2.8,254,9.9,20.7
8.8,267,11.7,19.9
6,268,10.5,20
7.7,286,10.1,20.3
7.6,269,10,20.3
7.4,253,13.7,20.5
7.4,276,11.1,20.8
3.4,255,9.3,21.5
8.6,278,11.3,20.8
6.7,274,9.5,21.5
7.6,282,9.4,20.8
4.2,205,5.6,23
8.5,223,11.2,23.7
8.2,217,11.2,24.3
7.6,220,12.9,24.8
9.8,242,13.1,24.4
9,225,11.5,25.2
11.1,227,12.8,25.2
6,233,10,25.1
6.2,228,8.6,24.3
3.5,248,7.8,23.9
6.8,234,9.3,23.8
4.3,245,9.8,22.3
11.6,223,13.9,23.3
9.7,216,11.4,23.7
9.2,217,10.8,23.9
6.1,195,8.8,23.9
10.9,204,13.1,23.7
-1,-1,-1,-1
-1,-1,-1,-1
-1,-1,-1,-1
-1,-1,-1,-1
-1,-1,-1,-1
-1,-1,-1,-1
-1,-1,-1,-1
-1,-1,-1,-1
-1,-1,-1,-1
16.3,186,18.7,20.3
16.4,180,19.6,20.1
11.6,208,14.9,20.7
14.8,209,16.8,20.7
17,199,19.8,20.6
18.1,195,20.5,20.4
16.3,190,18.1,20.1
-1,-1,-1,-1
14.6,194,18.6,19.8
15.6,199,17.9,20
13.9,210,16,20.1
15.8,188,18.9,19.7
14.3,187,16.5,19.7
14.3,199,16.9,20
14.5,208,18.2,20.2
15.3,192,17.9,19.9
14.8,201,17.9,20.1
15.6,213,18,20.1
15.1,198,17,20.5
13.4,211,17.1,20.6
11.6,189,13.5,20.3
14.3,215,15.8,20.2
10.5,192,12.1,20.4
11.8,177,13.7,20.4
9.9,206,12.4,20.8
12.4,205,14.7,20.8
14.5,187,15.9,20.6
11.4,209,14.5,20.8
13.7,200,15.4,21
12,201,14.8,21.3
14.3,197,16.6,21
15.1,190,17.3,20.6
12.5,210,15,20.5
13.4,206,15.6,20.6
11.5,196,13.6,20.6
15.1,203,16.7,20.6
12.9,199,15.4,20.6
11.3,201,14.3,20.6
14.2,199,16.2,20.3
13.3,203,15.6,20.3
11.6,195,14.5,20.3
13.9,197,15.8,20.3
13.3,199,14.6,20.2
13.5,206,15.9,20.2
13.4,210,15.2,20.2
12.5,210,15.1,20.5
14.3,215,18.1,20.4
12.7,209,15.5,20.5
13.3,206,14.8,20.5
13.1,211,15,20.5
10.7,210,12.3,20.5
15.2,219,17.2,20.3
13.3,210,14.9,20.4
14.6,210,17.4,20.1
14.1,216,17,20
13.4,206,16.5,20.2
13.4,205,18.4,20
13.3,206,14.7,20.1
12.1,209,13.3,19.9
15.3,205,17,19.8
12.9,205,14.8,19.6
13.6,224,15.4,19.5
11.8,225,14.4,19.2
11.6,212,14.5,19.3
-1,-1,-1,-1
-1,-1,-1,-1
-1,-1,-1,-1
-1,-1,-1,-1
13.1,217,14.3,18.7
11.9,213,14.8,18.6
9.6,210,11.2,18.7
11.3,208,13.8,18.6
9.3,211,10.8,18.5
8.9,205,9.7,18.5
10.5,206,12.2,18.4
8.1,212,9.9,18.2
9,212,10.6,18
9.8,208,11.5,17.9
9.9,213,10.9,17.8
9,221,10.1,17.5
6.2,226,7.9,17.3
8.7,223,9.6,17.1
7.3,227,8.3,17
6.4,223,7.5,17
6.5,210,7.4,17
7.3,209,8.1,16.9
6.7,215,8.1,16.8
8.4,219,9.9,16.6
9.2,235,11.2,16.4
7.8,232,10,16.3
7.4,230,8.8,16.2
8.1,230,9,16.1
6.6,230,10,16
7,232,9.8,16
6.4,233,8.9,16
7.4,233,9.2,15.9
6.2,240,8.8,15.8
5.6,241,9.3,15.7
4,245,6.4,15.6
4.5,245,7.6,15.6
6.7,252,8.2,15.4
6.5,256,7.6,15.4
6.8,267,7.8,15.4
-1,-1,-1,-1
5.8,267,8.1,15.3
7.3,265,8.5,15.2
6.6,257,8.5,15.2
6.3,257,7.5,15.1
5.8,252,7.2,15
5.9,246,6.6,14.9
6.2,243,8.5,14.8
5.5,246,8.2,14.8
5.2,246,7.6,14.7
6.1,243,7.5,14.6
7.4,266,8.6,14.4
7.8,258,9.8,14.4
7.7,257,10,14.4
7.5,263,9.2,14.3
4.8,270,5.9,14.2
5.2,268,6.2,14.2
4.5,259,6.3,14.2
5.9,261,7,14.1
5.2,264,6.9,14
5.3,261,6.2,14
5.1,260,7.1,14.1
3.6,250,6.9,14.1
6.1,256,7.9,14
6.1,270,7.2,13.8
4.8,256,6.7,14
4.9,247,6.3,13.9
4.9,253,6.8,13.8
5.7,251,7.6,13.8
5.9,253,7.2,13.7
5.1,271,6,13.5
4.2,245,5.7,13.6
-1,-1,-1,-1
-1,-1,-1,-1
-1,-1,-1,-1
-1,-1,-1,-1
-1,-1,-1,-1
-1,-1,-1,-1
-1,-1,-1,-1
-1,-1,-1,-1
2.9,253,4.3,13
-1,-1,-1,-1
3.7,255,4.1,12.9
3.3,246,4.8,12.9
4,243,5.4,12.9
3.8,248,5.8,12.9
4.3,251,5.7,12.9
5.4,248,6.3,12.8
3.8,248,5.5,12.8
4.8,250,5.4,12.7
4.1,265,4.5,12.6
3.8,263,3.9,12.7
4.3,257,5.4,12.7
4.1,251,5.4,12.6
2.7,247,4.9,12.7
3.1,251,4,12.6
3,286,3.1,12.4
3.6,268,4.1,12.5
3.4,258,4.3,12.5
3.3,255,4.2,12.4
3.7,251,4.5,12.4
2.5,244,4.3,12.3
4.6,246,6,12.3
3.7,255,5.7,12.3
3.2,248,4.7,12.2
4,244,5,12.2
4.7,265,4.8,12.2
4.1,260,4.6,12.1
4.2,259,4.6,12
5,259,5.6,11.9
3.9,251,4.9,11.9
3.5,248,3.9,11.8
5.2,258,5.8,11.6
5.8,263,6.1,11.7
4,260,4.4,11.7
4.1,249,4.4,11.6
4.2,248,5.6,11.6
3.4,247,6.4,11.5
2,247,4.3,11.5
4,242,5.2,11.5
4,256,4.6,11.5
3.6,280,3.6,11.5
3.8,272,4.3,11.6
2.9,273,3.7,11.6
2.9,249,3.4,11.7
1.9,269,2.4,11.6
2,291,2.2,11.6
2,270,2.3,11.8
0.9,259,1.9,11.9
0.9,316,1.3,12.1
0.6,336,1.3,12.3
0.4,48,1.6,12.6
0.6,306,0.8,12.7
0.7,339,1.2,13.1
0.5,30,1.4,13.4
0.9,38,1,13.7
-1,-1,-1,-1
1.6,124,1.8,13.7
1,156,1.6,13.9
1.3,83,1.6,13.8
2.2,74,2.7,13.8
5.3,50,6.5,13.8
3.3,66,4.8,13.8
3.1,78,4.2,14.1
-1,-1,-1,-1
-1,-1,-1,-1
-1,-1,-1,-1
-1,-1,-1,-1
-1,-1,-1,-1
-1,-1,-1,-1
-1,-1,-1,-1
-1,-1,-1,-1
5.7,101,6.8,15
5.1,105,5.4,14.9
5.7,103,6.6,15
4.7,108,5,14.9
5.7,121,7,14.9
6.3,125,6.9,15
5.3,116,6.3,14.9
7,120,7.9,14.9
-1,-1,-1,-1
-1,-1,-1,-1
5,127,6.1,14.8
4.6,121,5.9,15
6.4,136,7.5,15.1
6.6,122,7.7,15.2
7.2,130,8.7,15
8.5,118,9.4,14.7
9.8,113,11.3,14.8
10.4,110,11.1,14.6
11.3,106,11.9,14.6
9.9,115,11.5,14.5
9.4,131,11,14.5
8.8,134,9.9,14.7
7.9,128,9.7,14.7
8.6,130,9.5,14.9
12.7,106,13.5,14.9
14,103,15.2,15
15.1,107,15.9,15.1
12.9,114,14.4,14.9
14.3,139,16,14.9
14.3,143,15.7,15.2
12.3,140,14.2,15.3
14.2,125,16.5,15.1
11.9,142,13.1,15.3
14.2,135,15.3,15.4
14.3,125,15.7,15.3
13.6,118,16,15.6
13.7,113,14.6,15.5
13.4,123,16.1,15.6
14.3,116,15.3,15.7
15.1,107,17.2,16.1
13,112,14.4,16.1
12.9,111,14.5,16.3
14.4,110,16.6,16.6
15.9,109,16.9,17.2
15.2,100,16.1,17.3
15.6,97,17.1,17.5
15.9,95,18,17.5
16.5,99,17.8,17.3
15.3,107,16.6,17.2
15.3,107,16.7,16.7
13.1,105,14.1,16.9
11.4,114,12.8,16.8
10.6,110,11.7,16.7
11.8,108,13.3,16.6
11.3,113,12.3,16.6
7.9,127,9.7,16.2
9,122,9.8,16.8
9,139,10.6,16.9
9.6,107,11,17.1
10.6,109,12.1,17.2
8.8,121,11.1,17.4
10.6,191,12.3,17.4
10.2,193,12.6,17.6
10.5,200,12.9,17.6
14.8,183,16.4,17.4
-1,-1,-1,-1
-1,-1,-1,-1
15,174,17.3,16.8
13,195,17.1,16.7
15.3,178,17.9,16.6
14.1,169,16.9,16.3
13.9,170,15.7,16.1
12.5,181,13.7,15.8
10,161,13.9,15.6
11.2,159,13.6,15.3
9.8,168,12.1,15.2
12,158,13.6,15.1
9.4,157,11.8,15.1
8.5,146,11.8,15.4
11,163,12.5,15.2
-1,-1,-1,-1
9.8,154,11.9,15.7
9,154,10.2,15.9
11.5,146,14,15.9
11.3,140,12.9,16.1
8.5,151,10,16.1
11,159,12.9,16
9.9,160,13.3,16
13.3,172,14.9,15.8
11.6,181,13.6,15.9
11.4,182,14.5,15.9
13.3,175,15.1,15.8
11,160,14.7,15.6
13.6,162,17.1,15.6
13.2,171,15.2,15.7
11.4,182,12.8,15.7
15.5,171,18.5,15.5
13.7,193,16.6,15.6
12.5,176,17,15.5
15.9,183,18.9,15.3
14.4,183,18.6,15.3
14.7,189,18.1,15.2
13.4,179,16.3,15.2
14.5,193,16.8,15.3
15.3,188,18.1,15.2
12.5,187,15.3,15.3
-1,-1,-1,-1
7.7,183,10.6,15.5
8.2,175,14.2,15.6
11.2,188,14.4,15.7
15.1,184,17.5,15.6
10.9,192,13.4,15.5
13.4,184,14.7,15.4
10.1,178,13.2,15.5
14.8,174,16.3,15.2
13.9,184,16,15.1
14,183,16,15
12.8,184,14.9,14.9
11.2,178,13.4,14.8
12.9,180,14.7,14.8
10.9,184,13.2,14.8
13.3,191,18.9,14.8
15.2,196,19.4,14.8
11.5,199,14.1,14.8
10.5,202,13.8,14.9
12.7,200,15.1,14.9
13.3,200,17.8,15
18.8,201,24,14.9
15.3,212,19.6,14.9
12.3,200,14.6,14.8
11.8,205,15.3,14.8
10.8,202,13.3,14.8
10.1,205,12.4,14.7
11.9,193,14.9,14.7
13.3,199,17,14.7
12.8,207,17.2,14.8
-1,-1,-1,-1
-1,-1,-1,-1
-1,-1,-1,-1
-1,-1,-1,-1
-1,-1,-1,-1
-1,-1,-1,-1
-1,-1,-1,-1
-1,-1,-1,-1
-1,-1,-1,-1
17.5,192,23.1,14.7
17.1,185,20.2,14.7
18.3,191,21,14.7
15,199,20,14.7
15.8,204,22.1,14.7
18.6,192,22.3,14.7
17.6,208,22.8,14.7
19.1,195,23.1,14.7
14.8,199,19.7,14.7
17.4,197,21,14.6
-1,-1,-1,-1
15.7,197,21.7,14.6
18.6,201,22.8,14.6
16.7,199,21.1,14.5
17.1,202,22,14.5
16.1,199,19.6,14.5
15.3,204,21,14.5
15.9,197,18.6,14.5
16.8,205,20.6,14.5
17.6,200,21.6,14.4
18.4,198,22,14.3
18.5,198,22.2,14.2
16.4,195,20.2,14.1
16.7,188,21.6,14.1
15.2,190,19.3,14.1
15.5,194,20.1,14
18.6,178,24.7,14
19.2,188,23.1,14
18.5,186,24.4,13.9
17.6,184,23.5,14
16.1,183,19,14
-1,-1,-1,-1
18.8,188,22.5,13.9
16.7,194,19.1,14
17.2,187,24.4,14
13.1,196,19,14
14.5,190,20.8,14
16.5,187,24.5,14
19,191,23.4,14
20.6,192,24.3,14
15.8,191,20.4,14
16.7,185,21.3,13.9
-1,-1,-1,-1
18,193,22.9,13.9
20.7,190,25.3,13.9
19.5,194,24,13.9
19.4,193,25.5,13.9
17.5,192,22.6,13.9
18.1,188,21.1,13.9
16.4,194,21.6,13.9
14.4,203,17.9,13.9
21.1,197,24.2,13.9
18.4,195,22.7,13.9
16.1,200,22.1,13.9
18.8,194,21.5,13.9
13.6,197,16.4,13.9
13.8,204,18.6,13.9
16.2,202,20.4,13.9
14.2,199,16.6,13.9
18.1,206,22.8,13.9
16.3,197,19.6,13.9
16.5,205,20.7,13.9
15.9,200,19.5,13.9
-1,-1,-1,-1
15,201,18.7,13.9
-1,-1,-1,-1
-1,-1,-1,-1
-1,-1,-1,-1
-1,-1,-1,-1
-1,-1,-1,-1
-1,-1,-1,-1
-1,-1,-1,-1
-1,-1,-1,-1
-1,-1,-1,-1
-1,-1,-1,-1
17.9,210,24.5,13.9
15.7,212,20.9,13.9
16.4,212,20.3,13.9
21,206,22.9,13.9
16.5,212,20.7,13.9
18.1,209,23.9,13.9
18.1,217,22.7,13.9
18.7,220,22.3,13.9
15.6,216,19.4,13.9
17.4,217,21.9,13.9
16.3,218,19,13.9
15.4,222,18.7,13.9
11.9,221,14.4,13.9
13.3,221,15.7,13.9
14.3,220,17,13.9
14,221,15.6,14
14.5,223,17,14
-1,-1,-1,-1
11.2,229,14,14
12,215,15.1,14
11.9,221,15.4,14
13.1,219,15.2,14
10,221,11.3,14
9.2,224,11.3,14.1
10.5,227,14.8,14.1
12.6,223,15.1,14.1
10.9,224,14.1,14.1
10.2,229,13.2,14.1
10.6,222,12.1,14.1
10.3,222,12.5,14.1
9.5,224,11.8,14.1
9.6,228,12.1,14.1
9.8,218,12.6,14.1
10.5,219,12.5,14.1
9.3,226,11.6,14.1
11.1,221,12.9,14.1
12.4,218,14,14.1
11.8,225,12.8,14.1
12.1,222,13.5,14.1
10.4,226,12.9,14.1
9.3,227,11.6,14.1
9.9,226,11.5,14.1
9.4,222,11,14.1
8.3,225,9.7,14.1
9.8,230,11.7,14.1
10.5,230,13.9,14.1
10.8,226,14.1,14.1
9.8,236,14.4,14.1
9.7,237,13.6,14
8.6,231,14.7,14
9.9,233,12.3,14
11,234,16.3,14
-1,-1,-1,-1
7.5,232,11.5,14
12.1,235,15.4,13.9
10.1,235,13,14
7.8,232,12,14
8.8,232,12.9,14
11.3,230,13.8,14.1
10.1,228,13.3,14.2
-1,-1,-1,-1
-1,-1,-1,-1
-1,-1,-1,-1
-1,-1,-1,-1
-1,-1,-1,-1
-1,-1,-1,-1
-1,-1,-1,-1
-1,-1,-1,-1
-1,-1,-1,-1
4.7,245,9.2,14.8
8.1,241,14.4,14.8
5.1,236,12.2,14.9
7.5,239,13,15.2
9.5,236,16.2,15.3
13,240,17.6,15.3
11,231,17.2,15.4
11.7,235,17.4,15.4
9.7,236,15.9,15.4
11.1,245,19.6,15.1
13,244,16.6,15.2
13.6,252,19.1,15.1
8.4,253,15.2,15.1
9.1,240,12.9,15.2
11.3,245,18,15.3
11.6,245,18.2,15.6
10.1,256,17.6,15.8
9,252,15,16
7.9,239,16.6,16.1
9,246,14.9,16.2
7.9,257,14,16.5
11.6,258,16.5,16.7
4.1,246,14.1,17.1
9.1,254,17.9,17.2
3.5,257,13.4,17.5
11.4,261,18.1,17.8
11.6,249,20.4,18.2
5.5,261,13.6,18.6
12.3,255,20.3,18.7
10.2,257,16.3,19.6
7.5,260,20,19.9
7.8,265,19.9,19.6
9.9,263,18.9,19.3
10.4,253,20.7,19.5
7.4,256,19.7,19.8
13.2,259,21.9,19.5
11.4,255,18.3,19.9
8.5,248,17.3,20.7
6.7,251,19.2,20.8
4.9,245,17.8,21.5
11,256,18.2,20.6
8.1,261,19.2,20
8.2,238,14.9,19.8
12.3,267,18.2,19.6
5.7,258,15.6,19.6
12,263,18.2,19.5
5.3,257,14.2,19.4
6.7,254,15.2,19.2
10.1,256,20.3,19.2
5.7,256,16.1,19.6
12.1,265,16.4,19.9
9.3,250,19.4,20.1
6.1,268,13.7,20.4
5.1,249,12.6,21.1
11.5,244,15.3,21.1
8.1,249,14.8,20.6
7.7,264,19.2,20.3
7.8,253,15.8,20
11.8,258,19.3,19.7
9.2,254,16.5,19.6
9.5,259,16.5,19.6
6.7,252,15.6,19.5
10.3,240,17.1,19.6
-1,-1,-1,-1
-1,-1,-1,-1
-1,-1,-1,-1
6.4,258,18.1,19.5
10.1,251,15.8,19.6
6.1,261,14,19.8
8.3,264,18.1,19.7
9.6,264,16.9,19.7
3.2,236,15.1,19.9
5.8,268,15.3,19.8
6.1,247,18.4,19.5
5.8,256,15.5,19.4
6.1,251,14.7,19.5
-1,-1,-1,-1
11.2,248,18.5,19.4
13.9,264,21.3,19.5
-1,-1,-1,-1
10.2,247,16.9,19.6
10.2,267,17.6,19.3
4.2,238,11.7,19
7.7,262,16.8,19.2
6,247,13.6,19.2
7.6,247,18.8,19.5
6.3,266,18.6,19.6
10.7,270,19,19.5
5.7,265,19.5,19.7
6.9,253,17.3,19.7
11.8,260,20.7,19.6
11.8,260,19.7,19.6
11.6,252,22,19.6
8.4,253,18.7,19.7
6.6,260,20.8,19.6
4.7,251,16.1,19.6
9.1,267,18.5,19.7
10.3,243,16.4,19.8
7.9,249,17.1,19.6
8.8,255,16.8,19.6
12.1,242,18.7,19.7
7.1,254,15.4,19.6
6.6,248,16.1,19.5
7.2,245,19.1,19.5
8.4,255,19.9,19.5
6.7,252,17,19.5
7.6,252,16.7,19.5
7.6,254,17.6,19.5
7.9,255,16.9,19.5
9.4,251,19.3,19.3
8.9,257,17,19.3
-1,-1,-1,-1
14.3,275,19.5,19.1
-1,-1,-1,-1
10.4,273,15,18.9
-1,-1,-1,-1
-1,-1,-1,-1
14.4,289,16.6,19
13,279,15.1,18.9
14.3,281,16,18.8
13.8,289,15.9,18.9
13.2,282,15.4,18.6
14.4,294,16.2,18.9
11.4,289,13.4,18.8
11.1,289,12.8,18.8
12.6,283,13.9,18.8
11.8,286,13,18.9
12.8,290,14.6,18.8
10.2,286,11.2,18.8
11.6,285,13.1,18.8
12,288,13.8,19
5.3,265,11.9,19
4.3,259,11.3,19.1
8.9,290,10.5,19
10.7,281,13.4,19
-1,-1,-1,-1
-1,-1,-1,-1
-1,-1,-1,-1
-1,-1,-1,-1
-1,-1,-1,-1
5.2,263,13.4,19.1
12.5,278,16.2,19
7.3,258,15.9,18.9
13.3,275,17.1,18.7
4.5,248,14,18.8
4.1,245,11.1,18.7
3,243,14.1,18.6
6.3,269,12.6,18.4
-1,-1,-1,-1
8.8,257,13.1,18.3
8.7,264,12.1,18.2
10,274,13.8,18
12.2,277,14.6,17.9
-1,-1,-1,-1
4.8,268,11.4,17.8
2.3,260,8.2,17.7
8.4,270,11.4,17.6
3.3,258,11.8,17.5
4.2,253,8.9,17.5
4.9,248,11,17.4
5.1,250,10.5,17.3
9.9,261,12.9,17.1
4.5,256,10.1,17
3.3,252,7.7,16.9
6.4,258,10.7,16.8
-1,-1,-1,-1
8,255,11.6,16.6
-1,-1,-1,-1
7.2,256,11.9,16.4
-1,-1,-1,-1
2.8,257,9.9,16.2
6.6,259,10.4,16.1
6.2,263,10.5,16
-1,-1,-1,-1
6.1,257,8.8,15.8
-1,-1,-1,-1
8.9,263,11.2,15.5
-1,-1,-1,-1
6.8,258,10,15.4
-1,-1,-1,-1
5.1,255,10.2,15.2
-1,-1,-1,-1
6.2,252,11.4,15
8.2,257,10.5,14.9
6.4,256,9.4,14.8
-1,-1,-1,-1
6.7,253,8.8,14.7
1.9,266,5.1,14.6
5,263,6.3,14.5
-1,-1,-1,-1
4.4,246,6.6,14.3
-1,-1,-1,-1
3.8,231,4.6,14.2
-1,-1,-1,-1
5.2,221,6.5,14.1
-1,-1,-1,-1
5.3,235,6.2,14
-1,-1,-1,-1
4.7,244,7.4,13.9
6.6,238,8.4,13.8
8,239,9.1,13.7
-1,-1,-1,-1
10.2,246,11.6,13.7
-1,-1,-1,-1
6.6,239,10.1,13.6
-1,-1,-1,-1
4.8,248,7.8,13.6
6.2,243,8.2,13.5
-1,-1,-1,-1
-1,-1,-1,-1
-1,-1,-1,-1
7.5,237,9.2,13.4
8.1,235,9.3,13.4
-1,-1,-1,-1
6.7,237,8.6,13.3
-1,-1,-1,-1
8.4,238,9.4,13.4
-1,-1,-1,-1
5.4,241,8.4,13.3
6,243,8.3,13.3
7.6,241,8.8,13.2
8.1,234,8.5,13.2
8.4,231,9.1,13.1
-1,-1,-1,-1
8.5,227,9,13.1
-1,-1,-1,-1
7.7,224,8,13.1
-1,-1,-1,-1
7.3,230,7.8,13.3
-1,-1,-1,-1
7.9,225,8.8,13.4
-1,-1,-1,-1
9.5,218,10.2,13.5
-1,-1,-1,-1
10.1,220,10.6,13.7
-1,-1,-1,-1
9.2,213,10.5,13.9
-1,-1,-1,-1
8.7,216,9.9,13.9
-1,-1,-1,-1
8.3,220,9.2,13.9
-1,-1,-1,-1
7.5,220,8.6,13.9
-1,-1,-1,-1
6.8,212,8,13.9
-1,-1,-1,-1
7.3,209,8.4,13.9
-1,-1,-1,-1
8,195,9.4,14
-1,-1,-1,-1
9.4,193,10.7,14.2
-1,-1,-1,-1
10.3,201,11.6,14.4
-1,-1,-1,-1
11.1,202,13.1,14.5
9.9,198,11.8,14.5
8,191,9.3,14.5
-1,-1,-1,-1
9,198,10.5,14.5
-1,-1,-1,-1
8.6,200,9.6,14.6
-1,-1,-1,-1
7.8,196,8.7,14.6
-1,-1,-1,-1
9.5,199,11.4,14.5
-1,-1,-1,-1
5.9,204,9.2,14.5
-1,-1,-1,-1
7.6,200,10.1,14.6
-1,-1,-1,-1
8,186,9.8,14.6
-1,-1,-1,-1
9,193,10.9,14.7
-1,-1,-1,-1
8,191,9.2,14.7
-1,-1,-1,-1
9.6,196,10.8,14.7
-1,-1,-1,-1
7.7,200,9.6,14.8
-1,-1,-1,-1
-1,-1,-1,-1
-1,-1,-1,-1
-1,-1,-1,-1
-1,-1,-1,-1
-1,-1,-1,-1
-1,-1,-1,-1
-1,-1,-1,-1
7.5,178,9.3,15.3
7.3,182,10.3,15.5
-1,-1,-1,-1
10.6,196,11.9,15.5
-1,-1,-1,-1
11.5,197,13.6,15.7
-1,-1,-1,-1
12.1,199,14.9,15.7
-1,-1,-1,-1
9.9,198,11.5,15.9
-1,-1,-1,-1
9.7,217,12,16.2
-1,-1,-1,-1
8.7,200,10.3,16.5
-1,-1,-1,-1
6.7,213,8.9,16.5
-1,-1,-1,-1
8.9,227,12.8,16.4
-1,-1,-1,-1
10.7,227,13.7,16.8
-1,-1,-1,-1
11.6,224,14.1,17.5
-1,-1,-1,-1
6.8,234,15.5,18
-1,-1,-1,-1
8,229,15.4,18.2
-1,-1,-1,-1
12.6,218,14.8,18.3
-1,-1,-1,-1
12.1,212,13.4,19.1
-1,-1,-1,-1
8.9,216,11.7,19.7
-1,-1,-1,-1
10.1,225,13.1,19.8
-1,-1,-1,-1
11.9,209,13.3,20
-1,-1,-1,-1
11.2,229,14,19.7
-1,-1,-1,-1
10.8,205,14.3,19.4
-1,-1,-1,-1
11.3,204,12.9,19
-1,-1,-1,-1
12.6,186,15.1,18.7
-1,-1,-1,-1
13,187,15.6,19.3
-1,-1,-1,-1
13.4,190,15.4,18.9
-1,-1,-1,-1
10.1,198,13.9,20.1
-1,-1,-1,-1
13.6,182,16.7,19.6
-1,-1,-1,-1
12.9,184,15.3,20.3
-1,-1,-1,-1
12.6,189,16,20.8
-1,-1,-1,-1
12.8,188,15.6,21
-1,-1,-1,-1
18,196,19.5,20.5
18.2,196,19.8,20.5
16.6,197,20,20.4
-1,-1,-1,-1
19.4,192,21.9,19.7
-1,-1,-1,-1
-1,-1,-1,-1
-1,-1,-1,-1
16.2,194,19.3,19.7
17.1,204,21.5,19.9
14.6,193,18.3,19.8
-1,-1,-1,-1
14.8,205,17.3,20
16.9,204,19.6,20.2
17.7,191,20.1,20
-1,-1,-1,-1
18.8,189,20.7,19.9
-1,-1,-1,-1
12.7,187,15.1,20.2
-1,-1,-1,-1
11.1,205,13,21
-1,-1,-1,-1
11,201,14.8,21.6
-1,-1,-1,-1
11.3,198,13.4,21.9
10.9,191,13.6,21.8
10,216,12.4,22
-1,-1,-1,-1
11.6,200,13.3,22.1
-1,-1,-1,-1
12.6,204,16.3,22.1
-1,-1,-1,-1
9.6,230,12.5,22.4
-1,-1,-1,-1
10.3,198,11.7,22.5
-1,-1,-1,-1
12.8,218,16.7,22.4
11.6,218,13.9,22.4
11.7,219,14.5,22.4
-1,-1,-1,-1
12.2,206,14.1,22.2
11.4,207,13.8,22.4
11.2,188,14.8,22.1
-1,-1,-1,-1
10.8,198,12.5,22
-1,-1,-1,-1
14.3,205,16.1,21.9
-1,-1,-1,-1
12.7,199,16.4,21.5
-1,-1,-1,-1
14.6,209,16.6,21.5
-1,-1,-1,-1
15.9,196,18,21.6
-1,-1,-1,-1
15.1,196,17.3,21.8
-1,-1,-1,-1
13.2,216,17.6,21.9
-1,-1,-1,-1
15.5,200,17,21.6
-1,-1,-1,-1
14.6,202,17.1,21.5
-1,-1,-1,-1
15,219,17.5,21.6
-1,-1,-1,-1
14.8,206,18.9,21.5
-1,-1,-1,-1
12.1,195,15.7,21.3
-1,-1,-1,-1
15.4,203,17.4,21.3
-1,-1,-1,-1
14.2,204,15.6,21.2
13.3,203,15.8,21.2
13.2,195,15.3,21
-1,-1,-1,-1
14.9,190,16,20.5
-1,-1,-1,-1
10.5,191,12.3,20.4
-1,-1,-1,-1
-1,-1,-1,-1
-1,-1,-1,-1
-1,-1,-1,-1
-1,-1,-1,-1
9.9,199,11.9,20.2
10.2,212,13,20.3
12.4,213,15.2,20.2
-1,-1,-1,-1
10.3,205,13,20.2
-1,-1,-1,-1
8.6,194,9.9,19.9
-1,-1,-1,-1
7.8,199,9.2,19.6
-1,-1,-1,-1
8.2,203,9.6,19.4
-1,-1,-1,-1
7.3,199,8.6,19.1
7.3,207,8.6,19
8.7,210,10.2,18.8
-1,-1,-1,-1
9.8,218,10.1,18.4
-1,-1,-1,-1
11,227,12,18
-1,-1,-1,-1
8.1,234,11.8,17.8
-1,-1,-1,-1
6.8,256,10.8,17.6
-1,-1,-1,-1
7.2,258,13,17.7
9.7,256,13.6,17.7
7.7,255,12.1,17.7
-1,-1,-1,-1
4.4,254,9.9,17.5
-1,-1,-1,-1
6.6,260,12.1,17.4
-1,-1,-1,-1
8.3,257,15.4,17.2
-1,-1,-1,-1
6.4,258,12.3,17
-1,-1,-1,-1
8.9,261,15.7,16.7
-1,-1,-1,-1
9.2,272,13.3,16.5
-1,-1,-1,-1
8,258,13.6,16.4
-1,-1,-1,-1
6.1,261,12.7,16.2
-1,-1,-1,-1
12.1,288,13.7,15.9
-1,-1,-1,-1
15.4,284,18.4,15.6
-1,-1,-1,-1
15.5,288,18.8,15.5
-1,-1,-1,-1
13,277,15.1,15.3
-1,-1,-1,-1
10.3,282,13.7,15.1
-1,-1,-1,-1
11.2,283,13.8,15
-1,-1,-1,-1
11.6,274,15.1,14.8
-1,-1,-1,-1
9,277,11.7,14.7
8.1,267,13,14.7
11.4,272,13.9,14.6
-1,-1,-1,-1
11.2,275,14.3,14.4
-1,-1,-1,-1
11.4,283,14.9,14.3
9.4,278,12.1,14.3
5.3,244,7.1,14
-1,-1,-1,-1
-1,-1,-1,-1
-1,-1,-1,-1
6.1,258,9.1,13.7
-1,-1,-1,-1
6.4,255,9.5,13.7
-1,-1,-1,-1
6.9,259,8.4,13.4
-1,-1,-1,-1
4.5,253,5.7,13.3
-1,-1,-1,-1
2.6,244,3.6,13.1
-1,-1,-1,-1
2.6,227,3.4,13
3.2,232,4.4,13.1
2.9,251,3.8,13
-1,-1,-1,-1
4.7,276,5.6,12.9
-1,-1,-1,-1
3.8,280,5,12.8
-1,-1,-1,-1
4.2,259,6.2,12.7
-1,-1,-1,-1
6.6,285,7.8,12.6
-1,-1,-1,-1
4.8,270,5.9,12.5
-1,-1,-1,-1
3,236,3.7,12.3
-1,-1,-1,-1
3.1,236,6.4,12.2
-1,-1,-1,-1
5.5,246,6.2,12.1
-1,-1,-1,-1
5.8,249,6.6,11.8
-1,-1,-1,-1
6.2,279,6.5,11.9
-1,-1,-1,-1
4.8,274,5.1,11.8
-1,-1,-1,-1
3.8,273,4.7,11.7
-1,-1,-1,-1
6.3,286,7,11.7
-1,-1,-1,-1
5.9,292,6.6,11.6
-1,-1,-1,-1
5.3,296,6,11.6
-1,-1,-1,-1
5.1,287,6.1,11.7
-1,-1,-1,-1
6.1,290,7.3,11.7
-1,-1,-1,-1
6,292,7.8,11.8
-1,-1,-1,-1
6.9,298,8.1,11.9
-1,-1,-1,-1
7.7,301,9.1,12
-1,-1,-1,-1
6.6,311,7.9,12.2
-1,-1,-1,-1
8.6,314,10.5,12.4
9.7,309,11.3,12.3
8,315,9.7,12.3
-1,-1,-1,-1
7.6,316,9.9,12.7
-1,-1,-1,-1
6.2,316,7.8,13.5
-1,-1,-1,-1
8,305,9.3,14.5
-1,-1,-1,-1
5.6,299,6.9,15
-1,-1,-1,-1
2.3,325,5.4,15.2
-1,-1,-1,-1
-1,-1,-1,-1
4.2,342,5.7,15.9
3.3,350,5.8,16
-1,-1,-1,-1
0.8,333,4.3,16.9
-1,-1,-1,-1
1.3,296,3.5,18.8
5.9,284,7.3,18.9
4.9,283,7,19.3
4.8,280,6.6,19.5
-1,-1,-1,-1
4.8,285,6.5,20.2
3.2,283,5.4,21.4
1.4,269,3.8,21.6
2,298,5.1,22
2.8,293,4.6,22.9
0.4,342,2.8,23.3
0.9,353,3.4,24.1
-1,-1,-1,-1
4.1,335,9,24.7
5.3,335,7.6,24.2
3.7,335,5.4,24.7
-1,-1,-1,-1
6.2,359,7,23.8
4.5,339,7.7,24.5
5.8,334,7.7,24.7
5.7,345,6.5,24.5
7.1,353,8.6,24.3
6.3,337,8,24
7,337,8.6,23.4
7.8,344,9.2,23.2
5.3,346,6.5,23.6
-1,-1,-1,-1
5.9,342,7.1,24.5
5.8,336,7.9,25.2
5.3,352,6.2,25
4.8,347,5.8,26.7
3.6,341,6.4,26.8
3.8,11,5.1,27.3
2.8,32,3.8,27.8
2.6,11,3.5,28.3
0.5,343,2,29
1.3,61,2.7,29.4
0,70,2.4,29.6
-1,-1,-1,-1
1.5,224,2,30.8
1.7,196,2,31.3
2.1,211,3.3,31.4
1.6,192,2.6,31.4
2,201,2.5,31.5
1.9,194,3,31.5
2.9,200,3.2,31.1
2.6,197,3,31
1.9,190,2.4,30.9
2.1,202,3.1,31.2
2.2,200,2.5,31.1
-1,-1,-1,-1
2.4,204,2.7,30.9
2.3,196,2.7,30.6
2.5,204,3.7,30.4
2.4,199,2.7,30.4
2.5,201,3,30.1
2.7,194,2.9,29.9
3.4,183,3.7,29.4
3.8,159,4.2,29
6.8,129,8.5,28.4
8,131,9.2,28.5
8.1,124,8.7,28.6
8.4,115,9.2,28
9.2,112,9.9,27.6
9.9,107,10.6,27.4
-1,-1,-1,-1
-1,-1,-1,-1
7.3,116,7.9,27.9
7.4,118,8.3,27.7
7,128,7.4,27.5
8.5,117,9.2,27.6
9.1,114,10.1,27.6
8.1,107,8.7,27.4
8.8,104,9.6,27
8.4,100,9,27.3
6.2,93,7.3,27.2
4.8,100,5.3,27.7
6.4,117,7.1,27.7
4.7,124,5.1,28
4.3,124,4.5,28
-1,-1,-1,-1
3.7,130,3.6,28.4
3.1,125,3.6,28.8
2.4,140,3.2,28.7
2.1,181,2.5,28.8
2,197,2.4,28.9
3.1,186,3.5,28.5
1.9,164,3.5,28
7.3,124,9.1,28.1
7.8,118,8.7,28
9.2,112,10.3,28.1
10.2,107,10.9,27.8
13.5,111,14.3,27.1
14.3,107,15.1,26.8
15.3,108,15.8,26.5
15.9,100,16.6,26.1
-1,-1,-1,-1
15.6,115,17.7,25.6
15.9,104,16.6,25.3
15.6,107,16.8,25.1
-1,-1,-1,-1
15.8,106,16.4,24.7
14.6,113,15.3,23.9
15,103,15.6,23.7
14.6,102,15.3,23.6
15,103,16.1,23.6
14.8,99,15.2,23.7
15.2,101,16.7,23.9
-1,-1,-1,-1
17.6,99,18.4,23.5
16.1,101,16.9,23.6
16.3,101,17.3,23.6
15.9,101,17.1,23.5
14.9,105,15.2,23.6
14.7,93,15.3,23.6
15.6,102,15.8,23.4
15.5,101,16,23.2
16.6,104,17.3,23
-1,-1,-1,-1
16.5,103,17.3,23
15.3,105,15.8,22.9
14.9,104,15.6,22.7
14.6,111,15.4,22.5
14.5,105,15.2,22.4
-1,-1,-1,-1
12.8,104,13,22.2
12.6,103,12.8,22.3
12.3,103,12.6,22.2
13.4,102,13.9,22.1
14.4,105,14.9,21.9
-1,-1,-1,-1
14.9,103,15.3,21.7
15.3,104,16.4,21.5
14.5,102,15.2,21.5
14,97,14.4,21.4
14.1,100,14.9,21.4
14.1,103,14.7,21.2
-1,-1,-1,-1
-1,-1,-1,-1
-1,-1,-1,-1
-1,-1,-1,-1
-1,-1,-1,-1
-1,-1,-1,-1
-1,-1,-1,-1
-1,-1,-1,-1
11.8,109,12.5,20.1
12.4,112,13.1,20.1
13.3,109,14.2,20
13,106,13.7,19.8
12.9,107,13.2,19.8
12.6,106,13.5,19.6
12.6,101,13.2,19.5
11.9,97,12.7,19.5
12.3,107,13,19.4
12.1,107,12.6,19.2
12.2,105,13,19.1
11.3,100,11.8,19
10.5,103,11.7,18.9
12,105,12.5,18.8
10.8,105,11.4,18.6
11.6,105,12,18.4
11.2,109,12.3,18.3
10.5,105,11.3,18
9.9,113,10.7,17.9
9.1,106,9.7,17.8
9.3,104,10.1,17.8
10,100,10.5,17.7
9,102,10.1,17.6
9.7,103,10.5,17.5
9.1,108,10,17.5
9.7,112,10.7,17.3
9.2,110,10.4,17.3
9.8,104,10.5,17.2
9.5,105,10.8,17.1
9.6,95,10.9,17
9.6,98,10.8,16.9
-1,-1,-1,-1
-1,-1,-1,-1
7.7,100,8.9,16.8
-1,-1,-1,-1
6.7,94,7.4,16.7
6.5,92,7.3,16.6
6.3,91,6.8,16.5
7.3,90,8.6,16.5
7.1,88,8.3,16.4
5.7,93,6.4,16.4
5.1,93,5.8,16.4
4.9,95,5.6,16.3
5.6,93,6.7,16.3
-1,-1,-1,-1
5.4,86,7,16.2
5,82,5.8,16.2
3.9,83,4.7,16.2
4.3,85,4.9,16
3.3,89,3.7,16
4.5,73,5.5,16
4.1,85,4.8,15.9
5.1,80,5.7,15.9
5.6,79,6.7,15.9
4.9,73,5.7,15.8
5.1,76,5.8,15.8
4.4,84,5.2,15.7
-1,-1,-1,-1
-1,-1,-1,-1
-1,-1,-1,-1
-1,-1,-1,-1
-1,-1,-1,-1
-1,-1,-1,-1
-1,-1,-1,-1
-1,-1,-1,-1
-1,-1,-1,-1
-1,-1,-1,-1
-1,-1,-1,-1
-1,-1,-1,-1
-1,-1,-1,-1
-1,-1,-1,-1
-1,-1,-1,-1
-1,-1,-1,-1
-1,-1,-1,-1
-1,-1,-1,-1
-1,-1,-1,-1
-1,-1,-1,-1
-1,-1,-1,-1
-1,-1,-1,-1
-1,-1,-1,-1
-1,-1,-1,-1
-1,-1,-1,-1
-1,-1,-1,-1
-1,-1,-1,-1
-1,-1,-1,-1
-1,-1,-1,-1
-1,-1,-1,-1
-1,-1,-1,-1
-1,-1,-1,-1
-1,-1,-1,-1
-1,-1,-1,-1
-1,-1,-1,-1
-1,-1,-1,-1
-1,-1,-1,-1
-1,-1,-1,-1
-1,-1,-1,-1
-1,-1,-1,-1
-1,-1,-1,-1
-1,-1,-1,-1
-1,-1,-1,-1
-1,-1,-1,-1
-1,-1,-1,-1
-1,-1,-1,-1
-1,-1,-1,-1
-1,-1,-1,-1
-1,-1,-1,-1
-1,-1,-1,-1
-1,-1,-1,-1
-1,-1,-1,-1
-1,-1,-1,-1
-1,-1,-1,-1
-1,-1,-1,-1
-1,-1,-1,-1
-1,-1,-1,-1
-1,-1,-1,-1
-1,-1,-1,-1
-1,-1,-1,-1
-1,-1,-1,-1
-1,-1,-1,-1
-1,-1,-1,-1
-1,-1,-1,-1
-1,-1,-1,-1
-1,-1,-1,-1
-1,-1,-1,-1
-1,-1,-1,-1
-1,-1,-1,-1
-1,-1,-1,-1
-1,-1,-1,-1
-1,-1,-1,-1
-1,-1,-1,-1
-1,-1,-1,-1
-1,-1,-1,-1
-1,-1,-1,-1
-1,-1,-1,-1
-1,-1,-1,-1
-1,-1,-1,-1
-1,-1,-1,-1
-1,-1,-1,-1
-1,-1,-1,-1
-1,-1,-1,-1
-1,-1,-1,-1
-1,-1,-1,-1
-1,-1,-1,-1
-1,-1,-1,-1
-1,-1,-1,-1
-1,-1,-1,-1
-1,-1,-1,-1
-1,-1,-1,-1
-1,-1,-1,-1
-1,-1,-1,-1
-1,-1,-1,-1
-1,-1,-1,-1
-1,-1,-1,-1
-1,-1,-1,-1
-1,-1,-1,-1
-1,-1,-1,-1
-1,-1,-1,-1
-1,-1,-1,-1
-1,-1,-1,-1
-1,-1,-1,-1
-1,-1,-1,-1
-1,-1,-1,-1
-1,-1,-1,-1
3.8,130,4.1,24.3
3.7,126,4.2,23.5
4.2,118,4.9,23.4
4.1,125,4.9,22.7
2.8,119,3.6,22.7
3.3,137,4,22.8
3.2,144,3.6,22.7
2.7,151,2.9,22.7
2.3,144,2.6,22.6
3.7,113,4.3,22.6
5,113,5.4,22.5
4.3,107,5.2,22.3
6.1,116,6.4,22.1
4.8,114,5.3,21.7
6.5,120,6.9,21.4
5.4,116,6.1,21.8
6.2,109,6.5,21.9
6.1,102,6.3,22.2
6.4,98,6.7,22.5
5.8,106,6.3,23.2
6.4,94,6.7,24.3
5.6,91,5.8,24.9
5.4,92,5.7,26.1
5,93,5.1,26.5
6.2,92,6.5,26.7
6.7,91,6.9,27.5
6.2,89,6.6,28.4
6.8,88,7.3,28.5
6.1,90,6.3,29.8
5.7,89,5.8,29.2
5.9,93,0,30.2
7.7,93,7.8,29.9
7.8,93,8.1,29.9
8.3,92,8.6,30
9.3,92,9.5,29.7
8.4,93,8.6,29.8
9.7,95,9.9,29.6
9.2,93,9.5,29.6
8.7,93,9,29.5
8.2,93,8.4,29.7
8.3,95,8.6,29.9
8.6,95,8.8,29.5
8.6,95,8.6,28.9
8.2,93,8.3,29
8.9,97,9.1,29.1
-1,-1,-1,-1
-1,-1,-1,-1
-1,-1,-1,-1
-1,-1,-1,-1
7.4,91,7.7,28.2
7.5,100,7.7,28.2
8.2,103,8.4,28.2
7.6,99,7.7,28.2
7.8,100,8,28.4
9.1,108,9.2,27.9
9,106,0,27.5
9.6,106,9.8,27.1
9.4,108,9.9,26.9
9.7,107,9.9,26.7
9.9,110,10.1,26.4
10.1,112,10.8,26.2
-1,-1,-1,-1
9.6,109,9.9,25.9
9.6,113,9.7,25.9
8.5,115,8.3,25.7
8.4,119,8.6,25.8
8.8,125,9.4,25.8
8.3,122,8.7,26
9.1,115,9.4,26.1
9.2,114,9.5,26.2
9.4,113,9.9,26.2
9.2,117,9.6,26
8.1,112,9.1,26.3
8.9,116,9.5,26.4
9,112,9.5,26.4
8.8,114,9.2,26.4
9.8,115,10.5,26.3
6.8,112,7.7,26.4
9.4,107,10.1,26.5
9,114,10.1,26.6
9.7,106,10.2,26.6
8.7,108,9.6,26.6
8.8,115,9.1,26.5
8.3,120,9.5,26.1
9.3,120,9.6,26.1
8.5,118,9,26.3
9.2,125,9.8,26.5
7.1,124,7.7,25.9
7.5,110,8.1,26.2
8.7,114,9.2,26.4
8.1,115,8.5,26.5
7.5,117,7.9,26.1
7.7,121,8.3,26.3
5.8,123,6.2,26.2
5.3,127,5.9,26.7
6.3,103,7.2,26.8
7.3,98,8.2,27
6.7,106,7.4,27.1
7.3,111,8,27.5
6.9,122,7.1,27.1
5.3,129,5.9,27.3
6.4,112,6.7,27
8.9,122,9.5,27.2
7.9,124,8.7,27.1
7.7,126,8.4,26.8
8.3,124,9.8,26.9
7.9,120,8.4,26.4
7.8,126,8.6,26.1
7.8,124,8.2,26.2
7.8,130,8.3,26
7.4,128,7.7,25.4
7.9,127,8.4,25.3
3.9,150,4.4,25.8
5.9,159,7,25.6
4.7,148,5.8,25.8
3.9,153,5,25.7
6,175,7.1,25.1
5.2,170,6.5,25.1
-1,-1,-1,-1
-1,-1,-1,-1
-1,-1,-1,-1
-1,-1,-1,-1
-1,-1,-1,-1
-1,-1,-1,-1
5.9,207,6.7,24.4
5.3,194,5.6,24.3
4.6,192,5.6,24.2
4.8,218,5.6,24.1
5.3,202,5.7,24.1
8.1,222,8.7,23.9
7.3,221,7.7,23.6
6.1,219,6.9,23.5
6.3,225,7.3,23.3
6.2,222,6.7,23.1
4.9,212,5.3,22.9
4.7,212,5.2,22.9
5.2,216,5.7,22.9
-1,-1,-1,-1
4.8,211,5.4,22.4
4.9,213,5.6,22.4
5.2,218,5.3,22.2
5.7,221,5.9,21.9
5.9,217,6,21.8
5.5,219,5.8,21.6
5.7,234,5.9,21.3
5.8,223,6,21.2
5.7,233,6.2,21
4.6,230,4.8,20.9
4.2,231,4.5,20.8
4.9,231,5.3,20.6
4,239,5.3,20.4
4.5,239,5.3,20.3
5.3,241,6.2,20.2
6.2,247,7.1,20.1
5.8,251,6.9,19.9
5.2,254,6.6,19.8
5.1,259,5.6,19.7
-1,-1,-1,-1
5.6,258,6.2,19.7
3.2,262,4.3,19.7
4.1,248,4.6,19.6
4.2,245,4.9,19.7
5.8,249,6.4,19.7
5.2,249,5.3,19.7
5.4,248,0,19.8
5.6,247,5.9,19.8
4.8,239,5.1,19.6
3.8,237,4.3,19.6
4.4,241,4.7,19.5
4.4,248,4.7,19.5
4.8,255,4.8,19.4
4.9,253,5.5,19.5
5,255,5.4,19.5
4.7,249,5.6,19.5
4.3,252,5.5,19.5
4.2,247,5.6,19.5
5.3,250,5.8,19.3
4.3,251,5.9,19.3
2,249,5.7,19.2
1.8,258,4.7,19.1
4.8,257,6.4,19
2.2,255,4.7,18.9
2.7,262,5.1,18.8
-1,-1,-1,-1
2.1,277,3.8,18.6
3.9,282,4.1,18.5
3.8,287,4.1,18.3
3.9,290,0,18.1
4.4,280,6,18.1
-1,-1,-1,-1
-1,-1,-1,-1
-1,-1,-1,-1
-1,-1,-1,-1
-1,-1,-1,-1
-1,-1,-1,-1
-1,-1,-1,-1
-1,-1,-1,-1
3.2,316,3.8,17.4
2.6,321,3,17.5
1.9,323,2.1,17.4
1.4,316,2.1,17.3
1.8,311,2.3,17.3
2.1,290,2.6,17.1
2.4,297,2.8,17.1
3.1,302,3.5,17
3.8,298,4.2,17
6.3,282,6.7,16.8
6.1,285,6.2,16.6
5.3,279,5.6,16.6
6.3,285,6.8,16.5
6.9,285,7.9,16.6
6.9,286,8.4,16.6
6.2,290,7,16.5
3.9,307,5.3,16.6
3.3,307,4.4,16.6
2.7,321,3.6,16.6
3,329,4.7,16.6
4.3,309,5.3,16.6
4.9,308,5.9,16.5
3.8,310,4.6,16.5
2.3,310,3.6,16.5
2.9,324,3.6,16.5
4.6,303,5.4,16.5
4,305,5.5,16.4
3.6,322,4.5,16.4
2.3,304,4,16.3
2.3,330,4.1,16.3
3,339,4,16.3
1.6,320,3.3,16.3
1.4,325,2.2,16.3
3,292,3.7,16.2
3.2,295,3.7,16.2
2.9,317,3.7,16.1
3.1,303,3.8,16.1
4.3,287,5.3,16
6.1,281,7.8,15.9
6.4,301,7.3,15.8
5.2,307,6,15.7
4.8,322,6.1,15.7
4.9,320,6.4,15.7
4.6,317,5.7,15.7
2.5,303,5,15.7
3.3,323,4.2,15.7
3.5,327,4.6,15.8
3,340,3.8,15.8
3.6,336,5.2,15.8
4.8,335,5.7,15.9
4.6,336,6.7,16
4.6,333,6.8,16.1
5.1,330,8.6,16.3
4.8,318,6.5,16.4
7.1,312,8,16.6
6.7,331,8.9,16.9
-1,-1,-1,-1
4.6,323,6.7,17.6
6.2,328,7.7,18
5.2,338,7.7,18.4
6.7,334,8.4,18.6
6.4,333,9.9,18.8
3,332,5.5,19.2
2.7,340,6.2,19.5
-1,-1,-1,-1
-1,-1,-1,-1
-1,-1,-1,-1
-1,-1,-1,-1
-1,-1,-1,-1
-1,-1,-1,-1
-1,-1,-1,-1
-1,-1,-1,-1
7.4,348,8.9,20.6
6.5,360,7.2,20.8
7.3,350,8.3,21.3
6.1,354,6.9,21.2
4.9,337,6.5,22.3
5.2,351,5.9,22.6
3.8,338,5.5,23.4
4.2,353,4.9,24
4,352,4.9,24
3.8,339,5.1,25.3
2.9,338,5.8,25.9
2.8,357,3.8,26.5
3.8,357,4.7,26.4
3.4,2,3.8,27.4
2.6,348,3.6,28.3
2.7,335,4,28.5
1.8,29,2.9,29.1
2.3,3,3.2,29.6
2.1,9,3.7,30.1
0.8,63,2.6,30
1.1,79,2.9,30
0.3,99,2.7,30.5
1.4,45,3.4,30.5
1.2,88,3.3,30
2.6,15,3.8,29
3.6,18,4.7,29.2
3.2,348,5.9,29.4
3.8,336,6.4,30.4
2.5,5,5.6,31.1
4.3,347,6,31.6
3.4,351,5.3,31.1
8.2,355,10.5,31.3
6.3,5,9,30.2
6,352,11.2,30.3
11,355,12.8,29.2
8.6,342,9.6,29.5
5.2,338,7.9,30
3.9,5,6,30.6
8.1,337,10.8,30.7
9.6,335,14.1,30.2
3.4,347,7.9,31.5
9.8,13,11.8,30.4
12.2,354,17.5,30
13.8,358,16.1,29
12.7,15,14.7,29
7.7,1,12.1,29.6
14.3,356,16.5,28.7
11.1,24,13.6,29.4
9.2,14,11.7,29.2
8.9,359,12,28.9
12.2,4,15.4,28.7
12.6,18,14.3,28.6
12.2,13,13.6,28.5
11.5,357,13,28.3
13.3,356,16.5,28.3
9.4,20,10.6,28.8
14.7,53,16.9,29.4
11,28,17.3,29.3
14,35,17.4,29.5
13.8,8,15.4,29
13.1,8,15.5,28.4
12,31,17.4,29.2
8.6,1,11.2,28.6
13.8,19,15.8,29.1
-1,-1,-1,-1
-1,-1,-1,-1
12.9,40,15.2,29.1
10.5,27,11.9,28.9
11.7,32,15.8,28.9
10.5,52,12.9,29.4
9.6,29,10.5,29.5
7.2,56,10.1,29.7
12.4,33,14.4,29.6
11.6,62,14,29.7
9.5,56,15.2,29.9
5.3,52,6.4,30.3
5.1,56,6.7,30.6
10.7,10,14.8,30.1
4.9,35,6.9,30.1
11.1,62,12.5,30
-1,-1,-1,-1
12.6,62,15.5,30.6
8.3,97,11.6,30.3
5.1,88,7.2,30.4
2.8,127,3.5,30.8
2.7,63,4.3,30.8
7.9,56,9.9,30.8
11.3,62,12.6,30.9
8.9,42,11.2,31.2
11.5,63,14.2,31
4.7,63,6,31
2.2,98,3.3,31.4
8.4,52,13.1,31.2
9.9,26,12.1,31.2
8.6,88,10.9,31
4.9,128,6.7,30.8
10.7,42,13.9,30.1
6.6,59,11.7,30.2
2.3,100,7.5,30
6.7,126,7.5,30.1
5.1,135,6.3,30.5
9.1,52,11.6,29.8
7.8,102,9.7,28.7
9.2,122,9.9,28.5
9.9,112,10.3,28.8
7.9,140,9,29.1
6.3,128,8,29.4
9.2,100,9.8,29.1
10.3,117,11.3,29.1
9.4,116,10.5,29.2
13.4,106,15.1,28.8
15.2,99,15.7,28.6
19.1,102,20.5,28.3
17.8,117,18.9,27.6
20.9,113,22.3,26.3
18.6,101,19,26.2
20.4,110,21.4,26.5
20.1,102,20.9,25.6
19.7,107,20.1,25.6
20.1,110,20.7,25.5
20.5,105,20.9,25.1
19.3,101,19.9,24.9
19.9,103,20.4,24.8
20.5,105,21,24.5
21,102,21.8,24.3
19.9,102,20.3,24.3
19.4,104,20.2,24.2
19.1,103,20,24
19.1,103,20.2,23.9
19.3,103,19.9,23.8
19.6,103,20.7,23.7
19.6,106,20.1,23.4
18.9,108,19.6,23.4
17.4,106,18.4,23.1
17,112,17.7,22.4
15.5,116,16.1,22
16.5,114,17.3,21.9
-1,-1,-1,-1
-1,-1,-1,-1
-1,-1,-1,-1
-1,-1,-1,-1
-1,-1,-1,-1
-1,-1,-1,-1
13.9,115,14.2,21.8
12.9,117,13,21.9
12.1,121,12.6,21.8
10.7,121,11.2,21.8
10.1,123,10.2,21.7
10.4,112,10.7,21.7
10.1,111,10.8,21.7
10,106,10.4,21.8
9.2,116,9.5,21.4
9.7,104,9.8,21.6
9.2,115,9.6,21.5
8.1,106,8.3,21.3
8.2,114,8.4,20.9
8.2,113,8.6,20.8
9.5,111,9.8,20.6
8.9,110,9,20.6
8.6,105,9,20.8
8.3,113,8.3,20.7
7.7,109,8.1,20.7
7.4,107,7.6,20.6
7.2,102,7.5,20.6
6.3,100,6.6,20.6
5.7,111,5.9,20.5
5.9,106,6.3,20.4
4.8,105,4.7,20.4
4.1,110,4.3,20.2
3.2,118,3.6,20.1
3.2,107,3,20.1
2.9,112,3.4,20
3.9,98,4.1,20
5.4,78,6.4,19.9
4.7,92,5.4,20
3.9,96,4.5,19.9
-1,-1,-1,-1
4.7,86,4.8,19.9
3.6,93,4.1,19.8
3.3,88,3.4,19.8
3.3,75,3.4,19.9
2.2,49,2.2,19.9
3,36,3.4,20
3.5,24,4.4,20
3.4,4,3.8,20
5.3,354,5.8,20
5.5,349,6.1,19.9
5.6,348,6.1,19.9
6.3,355,7,20
7.7,9,8.9,20.3
8.5,16,10.3,20.5
7.5,31,8.8,20.6
7.3,32,8.3,20.5
7.3,37,8.1,20.3
7.5,40,8.1,20.3
7.2,48,7.9,20.2
-1,-1,-1,-1
6,25,6.7,20.3
6.7,28,7.9,20.3
6.4,20,7.7,20.3
6.2,14,7.8,20.3
6.9,31,7.7,20.2
5.6,37,7.1,20.2
6,34,6.9,20.1
6.5,30,8,20
9.7,40,12.1,20
6.7,37,7.9,19.9
7.6,47,9.6,19.8
-1,-1,-1,-1
-1,-1,-1,-1
-1,-1,-1,-1
-1,-1,-1,-1
-1,-1,-1,-1
-1,-1,-1,-1
-1,-1,-1,-1
-1,-1,-1,-1
-1,-1,-1,-1
5.5,27,6.5,19
5.8,37,7.4,19
4.7,23,5.8,18.9
5.1,32,7.3,18.8
4.6,21,5.6,18.7
4.6,27,5.6,18.7
5.3,16,6.3,18.6
5.5,8,6.8,18.4
6.7,0,7.5,18.2
6.6,354,7.4,18.1
7.1,356,7.9,18
7,360,7.8,17.9
7.8,2,8.3,17.8
7.7,8,8.5,17.8
7.1,6,7.9,17.6
7.7,16,8.8,17.7
7.4,6,8.2,17.6
7.5,7,8.4,17.5
8.3,357,9.3,17.4
9,358,10.1,17.3
8.5,5,10.4,17.2
9.3,358,11.2,17.1
10,0,11.4,17.1
8.5,3,9.9,17.1
8.8,2,10.5,17
8.8,5,11.1,17
8.6,0,10.3,16.9
8.9,360,10.5,16.9
9.4,359,10.6,16.8
8.9,3,10.8,16.8
10.4,359,11.7,16.7
10.1,2,11.1,16.7
9.5,1,11,16.6
9.8,358,11,16.5
10.5,356,12.8,16.5
11.2,1,12.3,16.5
10.9,359,11.6,16.4
10,359,11.2,16.3
9.1,357,10.9,16.2
7.6,353,10.5,16.2
8.4,342,9.7,16.2
7.4,339,9.1,16.2
9.4,350,11.2,16.1
7.9,348,9.8,16
8.1,3,10.4,16
9.1,359,10.7,16
8.8,2,10.5,16
10.7,0,11.7,16
9.5,356,11.4,16
10.2,359,12.5,16.1
10.2,347,11.6,16.1
9.1,349,11.4,16.1
8.9,349,11.3,16.2
10.5,346,12,16.5
11,345,12.5,16.8
-1,-1,-1,-1
9.4,348,10.8,17.5
10.3,347,12.9,17.8
10.3,346,12.5,18.3
9.3,342,10.8,18.6
7,345,9.9,19.1
11.6,344,13.7,19
10,349,12.4,18.9
-1,-1,-1,-1
-1,-1,-1,-1
-1,-1,-1,-1
-1,-1,-1,-1
-1,-1,-1,-1
-1,-1,-1,-1
-1,-1,-1,-1
-1,-1,-1,-1
9.7,358,11.6,19.7
8.9,9,11.4,19.9
11.3,10,12.5,20.2
8.4,6,10.3,20.8
9.2,356,11.3,20.6
8.8,8,11.6,21.1
9,354,11.3,21
7.2,360,9.7,21.8
8.3,354,11.9,22.3
7.3,1,10.4,22.6
7.7,2,11,22.8
8.9,12,10.4,23.1
11,30,12.5,23.2
6,14,7.2,23.9
7.7,1,9.5,23.4
9,8,10.2,24.2
7.7,24,10.3,24.5
6.9,357,9.1,24.9
8.1,14,10.2,25.1
10,21,13.1,25.1
10.1,30,11.9,24.9
11.4,36,14.1,25.1
10,46,13.4,25.4
12.9,50,14.7,25.3
10.6,22,13.3,24.8
13.1,37,16.8,24.8
11.5,48,13.2,25.3
10,41,13.4,26.5
14.6,17,16,26.3
10.5,14,13.6,26.1
13.9,37,15.6,27.3
9,15,12.8,27.1
13.5,27,15.4,27.1
14.9,19,19.3,26.9
16.3,15,19,26.9
14.9,43,18.1,27.3
14.6,30,16.7,28
15.6,39,18.3,27.7
17.7,41,20.3,27.9
14.7,27,20.3,28.1
14.4,26,18.9,27.6
14.8,41,17,28
16.6,31,21.4,27.6
17.8,32,21.8,27.4
17.3,13,19,27.2
17.4,15,20.3,27
16.8,25,19.3,27.3
13,20,16.4,27.4
17.9,33,22.2,27.6
11.9,37,14.9,28
11.6,31,15.1,27.9
17.9,19,20.3,27.1
16.6,32,19,27.8
12.6,40,15.3,28
8.7,15,11.8,28
14.4,26,19.4,27.8
16.7,46,21.2,28.1
12.6,53,14.8,28.4
10.6,24,15.8,28
16.4,22,20.3,27.6
17.3,20,20,27.6
12.3,24,14,27.7
19,41,21.8,27.7
15.7,50,18.7,27.7
-1,-1,-1,-1
-1,-1,-1,-1
-1,-1,-1,-1
-1,-1,-1,-1
-1,-1,-1,-1
-1,-1,-1,-1
-1,-1,-1,-1
11.5,48,13.7,28.3
11.1,59,17,28
15.1,40,18.1,28.2
11.5,55,13.4,28.4
8.8,8,11.4,27.7
11.8,7,17.8,27.4
13.2,20,16.6,27.3
13.3,27,15.5,27.2
9.1,44,12,28
-1,-1,-1,-1
11.1,51,14.1,28.2
10.4,24,14.2,28.3
15.3,9,17.1,28
11.1,43,14.4,28.1
12.2,41,14.9,28.5
13,46,16,28.4
15,33,17.3,28.5
13.4,53,17.3,28.7
13.3,10,15.9,28.7
7.5,12,9.6,27.9
16.5,5,19.6,27.5
14.5,11,18.8,27.5
13.9,8,17.4,27.4
10.3,44,12.9,28.1
12.4,45,13.3,28.5
13.8,11,17.6,27.9
11.5,350,15.5,27.7
13.6,10,17.9,27.7
14.4,23,18.4,28
14.9,51,17.6,28.2
16.2,59,19.5,28.5
20.2,27,22.5,28.4
13.7,19,16.4,28.3
10.3,24,13.1,28.5
14.7,54,17.3,28.7
16.7,46,19.1,28.7
14.9,41,17.7,28.8
14.2,41,17.3,29
10.6,25,14.9,28.8
12.3,31,14,29
14.3,53,17.8,29
14.3,11,18.5,28.7
14.5,38,17,28.9
10.9,58,14.9,29.1
6.8,24,14.4,29
15.2,39,19.8,28.9
8.4,5,10.9,28
12,10,19,28
12.1,56,16,28.6
15.3,11,17.8,28.3
14.7,17,22.4,28.1
17.3,44,19.4,28.5
13.8,34,15.9,28.6
15.2,30,17.6,28.5
16.8,8,20.6,28
16.1,14,19.7,27.7
13.9,17,16.5,27.9
13.6,33,16.3,28
16.2,46,17.9,28.3
12.7,54,16.3,28.2
14.2,35,16.8,27.6
17.8,14,19.9,27.6
14.9,30,18.3,27.6
16.6,14,18.8,27.5
17.8,21,21.4,27.2
-1,-1,-1,-1
-1,-1,-1,-1
17.2,36,19.1,27.1
15.3,24,17.2,26.9
12.7,44,16.6,27.1
12.2,47,14.8,27
13.8,26,17.4,26.9
14.5,19,17.4,26.7
15.3,25,17.2,26.5
12,15,15.5,26.4
13,12,16.2,26
14.9,17,18.1,26
15.2,355,18.5,25.6
14.9,1,18.7,25.4
16,354,18.9,25.3
13.1,16,18,25
15.8,3,18.6,24.8
14.5,11,18,24.7
13.2,6,16.3,24.5
14,359,17.4,24.3
15.5,12,18.4,24.2
13.3,16,17.4,24.2
10.2,28,13.8,24.3
9.8,29,11.6,24.2
6.7,35,10.3,24.2
8.5,21,9.9,24
10.9,41,14.7,24
15.8,14,17.6,23.8
11.5,12,14.1,23.8
10.9,40,12.7,23.7
10.7,67,12.8,23.6
10.2,58,13,23.4
12.4,63,14.1,23.3
12.7,63,14.3,23.1
12.7,64,16.1,23
13.5,58,15.4,22.9
12.9,54,13.8,22.8
11.2,45,12.5,22.7
7.6,54,9.3,22.6
9.4,53,11,22.5
-1,-1,-1,-1
11,65,14.1,22.2
9.2,59,11.1,22.1
10.6,56,12.5,22
9.7,56,12.9,21.9
9.9,55,12.5,21.8
11.2,59,12.8,21.7
9.6,56,11,21.6
9,52,11.6,21.5
8.4,51,9.5,21.3
7.8,55,9.5,21.3
9.1,56,11.3,21.2
8.5,51,11,21
7,62,8.2,21
7.9,50,9.6,20.8
7.9,62,8.6,20.7
8.1,60,9.8,20.6
7.5,57,9.1,20.6
7.5,59,8.6,20.5
7.1,52,8.2,20.5
7.3,51,8.6,20.4
6.7,40,7.8,20.3
7.9,39,9,20.2
8.5,24,9.4,20
8.3,23,9.6,20
-1,-1,-1,-1
-1,-1,-1,-1
-1,-1,-1,-1
-1,-1,-1,-1
-1,-1,-1,-1
-1,-1,-1,-1
-1,-1,-1,-1
-1,-1,-1,-1
-1,-1,-1,-1
-1,-1,-1,-1
-1,-1,-1,-1
-1,-1,-1,-1
-1,-1,-1,-1
-1,-1,-1,-1
-1,-1,-1,-1
-1,-1,-1,-1
-1,-1,-1,-1
-1,-1,-1,-1
-1,-1,-1,-1
-1,-1,-1,-1
-1,-1,-1,-1
-1,-1,-1,-1
-1,-1,-1,-1
-1,-1,-1,-1
-1,-1,-1,-1
-1,-1,-1,-1
-1,-1,-1,-1
-1,-1,-1,-1
-1,-1,-1,-1
-1,-1,-1,-1
14.9,358,16.9,17.2
14.5,358,17.2,17.2
14.1,360,17.1,17.1
14.7,358,17.6,17
14.2,359,16.7,16.9
14,356,16,16.8
14.5,0,17.5,16.7
14.4,357,18.1,16.7
13.9,355,16.7,16.6
14.1,355,15.8,16.4
14.8,3,17.2,16.3
14.4,354,17,16.3
15,356,17.4,16.2
14.5,356,18.8,16.2
16.7,356,19.5,16
16.3,355,17.9,16
16.7,355,19.3,15.9
16.4,355,20.9,15.9
15.2,359,19.1,15.8
15.9,356,20.3,15.7
16.6,357,19.4,15.6
16.2,357,18.5,15.5
15.8,356,19,15.5
14.3,356,18.5,15.4
12.3,353,15,15.3
8.9,344,12.9,15.4
8.1,357,10.8,15.3
6.1,340,8.5,15.2
7.4,344,10.5,15.1
5.4,342,7.1,15.2
7.6,349,9.1,15.1
6.9,348,8.8,15.1
10.5,344,12.2,15
8.1,344,11.8,15.1
8.4,344,10.7,15
9.4,340,12.9,15.1
6.2,341,8.9,15.3
7.8,344,10.3,15.3
7.1,337,10.2,15.5
10.3,344,12.2,15.6
11.1,338,13.5,16
-1,-1,-1,-1
12.2,339,14,16.5
13.8,342,16.6,16.8
11.4,341,13.8,17.2
10.2,338,13.2,17.4
11.5,346,14.1,17.8
12.4,342,14.5,17.6
12.9,349,15.6,17.5
-1,-1,-1,-1
-1,-1,-1,-1
-1,-1,-1,-1
-1,-1,-1,-1
-1,-1,-1,-1
-1,-1,-1,-1
-1,-1,-1,-1
-1,-1,-1,-1
11.5,348,15.8,18.6
12.1,343,15.7,18.9
11.9,345,14.2,18.9
12.6,340,17,19.1
11.9,341,15.4,19.1
12.5,341,15.3,19.5
12.5,343,14.6,19.5
11.7,346,13.3,19.7
9,345,12.1,20.2
10.5,347,12.6,20.3
9.6,342,13.2,20.8
10.8,352,12.6,20.9
10.6,339,13.2,21.1
6.6,350,10.1,21.6
9.5,346,11.5,21.9
8.9,7,11,21.5
-1,-1,-1,-1
8.1,355,9.6,21.9
11.1,344,14.4,22.2
10.3,343,12.6,22.5
11,332,14.3,22.5
-1,-1,-1,-1
12.2,350,14.3,21.4
10.8,335,14.1,21.9
10.7,339,13.1,21.8
11,347,13.1,21.9
11.6,343,13.2,22.1
11.3,341,13,23
11.9,342,14.9,23.4
10.1,333,13,24.1
9.5,338,11.6,24.8
11.6,343,12.8,25.1
7,341,12.2,25.2
11.2,349,14.7,24.9
12.8,355,14.5,24.1
11.9,356,15.6,24.2
8.7,8,11.5,24.6
10.4,354,13.8,23.6
8.3,342,13.7,25.2
8.7,1,11.5,25.1
9.6,348,11.8,23.3
8,9,10.9,23.5
9.7,344,12.9,23.2
8.8,343,11.5,23.2
14.8,352,17.1,23.3
11,339,14.6,23.4
9.6,2,13.1,23.4
7.5,1,11.6,23.7
7,343,11.1,24.1
8.7,348,11.8,24.1
12.2,22,15,24.2
8.6,358,11.1,24.3
9.4,355,11.8,24.5
7.1,8,10.1,24.3
13,9,16.2,24.1
11,27,13.1,24.9
12.6,20,14.7,24.6
9.1,8,15,24.5
9.5,9,12.5,24.3
12.4,15,16.7,24.2
9.9,40,12.4,24.8
13.3,17,14.9,25.2
8.8,358,12.6,24.8
10.9,29,12.4,25.2
-1,-1,-1,-1
-1,-1,-1,-1
-1,-1,-1,-1
-1,-1,-1,-1
-1,-1,-1,-1
-1,-1,-1,-1
5.6,19,8.2,25.6
8.1,32,10.8,26.3
11.5,22,16.2,26.1
10.9,347,15.6,25.4
11.4,34,15.3,25.9
9.4,343,13,25.5
11,20,12.3,25.9
9.9,352,13.6,25.5
10.7,42,13.2,26
6.4,54,9.1,26.3
-1,-1,-1,-1
8.8,58,13.1,26.7
7.5,357,9.5,26
5.6,9,8.8,26.9
7.9,29,10.1,26.6
5.7,352,7,26.4
8.2,41,10.9,26.8
10.2,16,12.8,26
11.4,15,14.5,26.5
8.5,355,12.8,26
13.8,10,16.4,26
11.7,29,13.5,26.7
11,42,12,27.2
11.5,23,12.9,27.2
9.7,25,10.7,27
9.5,0,12.1,26.5
11.3,30,15.2,27.1
8.6,11,10.5,26.1
10,27,12.6,27.3
8.4,27,10.2,26.5
10.9,359,12.7,26.3
13.6,40,15.7,27.5
14.9,53,16.9,27.7
7.3,53,10.5,27.9
8.9,18,11.6,27.8
11.4,24,13.5,27.4
12.6,21,14.3,27.4
12.9,15,16,27.1
14.6,13,17,26.8
7.3,23,8.8,26.8
14.9,22,16.7,27.6
12.6,22,15.9,27.5
12.2,16,15.5,27.2
11.4,8,15.1,26.9
9.4,44,12.3,27.5
11,42,12.3,27.8
9.6,344,12.9,27.3
8.2,21,9.1,27.5
13.6,31,17.2,27.4
12.3,1,15.1,27.2
13.6,10,15.4,26.7
12,350,15.2,26.9
11.9,357,15.2,26.7
11.5,32,14.4,27.6
10.1,26,11.2,27
9.4,42,11.4,27.6
11.8,49,14,27.5
7.6,15,9.9,27.5
12.9,42,16.6,27.5
9,24,9.8,27.2
7.5,45,10.1,27.6
10.7,24,12.4,27.3
9.5,8,12.4,27
12.9,349,16,26.7
11,21,14.1,26.5
11.7,17,12.8,26.8
-1,-1,-1,-1
-1,-1,-1,-1
13.6,356,15.1,26.1
14.9,352,17.8,26.1
15.4,356,17.5,25.9
14.8,351,16.4,25.9
11.3,3,14.3,25.6
14.7,4,17.2,25.4
13.8,355,16.4,25.4
13.7,357,15.8,25.2
14,2,18.6,25.1
14.4,0,17,25
13.6,8,16.3,24.9
12.4,359,14.9,24.8
12.8,5,15.7,24.7
14.1,2,17.5,24.6
13,8,17.3,24.6
12.3,8,17.2,24.5
12.2,3,15.6,24.4
14.2,4,16,24.2
13.1,3,15,24.1
11.3,5,14.1,24
11.3,8,14.1,23.9
11.6,7,13.7,23.8
9,10,11.4,23.7
11.5,10,14.1,23.5
11.9,11,14.6,23.4
11.2,9,13.7,23.3
12.7,0,13.9,23.2
12.8,356,14.4,23.1
13.1,356,14.1,23
12.1,357,13.2,23
12.2,357,13.4,22.8
10.9,360,12.4,22.7
9.4,360,10.4,22.6
8.3,12,9.4,22.4
3.3,33,5.7,21.9
5.1,66,8.7,21.6
4.8,69,7.1,21.5
6.4,73,8.4,21.3
-1,-1,-1,-1
6.2,71,7.3,20.9
6,55,7.9,21.1
6.7,76,7.3,21
6.1,68,6.6,20.9
5.3,60,6.1,21
5.4,51,6.2,21
6.1,30,6.7,20.9
5.8,21,6.8,20.9
7.9,22,10.9,20.9
8.7,17,10.4,20.9
8.7,13,10.1,20.8
9.9,13,11.4,20.8
7.8,17,9,20.8
7.1,18,7.8,20.7
5.2,29,6.1,20.6
4.2,25,5.2,20.4
4.1,19,4.8,20.3
4.6,19,4.9,20.2
4.9,28,5.5,20.3
4.8,32,5.3,20.2
4.7,28,5.2,20.1
4.7,22,5.1,20
5,23,5.9,19.9
5.8,19,6.8,19.9
5.4,20,6.1,19.7
4.7,12,5.6,19.7
4.3,32,4.9,19.7
3.8,31,4.4,19.6
4.3,31,5.1,19.6
4.6,40,5.4,19.6
4.3,43,4.7,19.4
-1,-1,-1,-1
-1,-1,-1,-1
-1,-1,-1,-1
-1,-1,-1,-1
-1,-1,-1,-1
-1,-1,-1,-1
-1,-1,-1,-1
-1,-1,-1,-1
2.6,9,3,18.8
3,7,3.5,18.6
3.3,18,3.8,18.7
3.3,5,3.9,18.4
3.2,8,3.7,18.4
3.7,358,4.8,18.1
3.5,2,4.7,18.1
3.7,358,4.8,17.9
4.5,356,5.7,17.8
5.5,354,6.1,17.7
5.8,0,6.8,17.5
4.3,360,5.4,17.5
4.5,14,5.2,17.6
4.8,11,6.1,17.5
5,8,6.3,17.4
5.7,3,6.7,17.2
6.1,10,7.1,17.2
5.9,12,6.9,17.2
5.1,9,6.6,17.2
5.5,13,6.6,17.2
-1,-1,-1,-1
4.8,21,5.5,17.2
-1,-1,-1,-1
5.7,358,6.3,16.7
5.2,4,6.8,16.7
5.9,358,7,16.5
6.2,354,7.1,16.5
5.4,359,6.6,16.3
6.4,358,7.3,16.3
6.6,355,7.7,16.1
6.2,353,7.1,16.1
6.7,349,7.7,16
6.6,357,7.7,15.8
5,2,5.8,15.8
5.5,355,6.4,15.6
5.2,351,6.3,15.6
4.8,4,5.9,15.6
4,351,5.4,15.5
5.6,355,7.1,15.4
6.5,360,7.8,15.3
7,6,8.6,15.1
8.6,353,10.1,15.1
7.9,2,9.8,15
8.6,10,10.1,15.1
8.1,358,9.9,14.9
10,2,12.4,15
10.2,4,11.9,14.9
10.8,355,12,14.8
7.3,352,9.2,15
8.9,351,11,14.9
10.2,349,12.5,15
8.9,353,11.3,15
7.1,352,10.2,15.2
7.4,348,9.7,15.3
7.9,341,11.4,15.4
7.7,340,10.5,15.6
-1,-1,-1,-1
7.9,356,11,15.9
8.1,354,11.5,16
11,352,13.9,16.2
9.9,343,12.5,16.4
10.6,343,14.1,16.4
9.3,345,11.1,16.6
8.3,342,12.6,16.7
-1,-1,-1,-1
-1,-1,-1,-1
-1,-1,-1,-1
-1,-1,-1,-1
-1,-1,-1,-1
-1,-1,-1,-1
-1,-1,-1,-1
-1,-1,-1,-1
9.1,354,12.3,17.7
8.8,354,11.1,17.8
9.5,350,12.9,17.9
7,350,9.7,18.2
7,352,9.9,18.3
7.8,350,10.2,18.4
9.4,1,11.6,18.6
8.8,360,10.9,18.9
9.4,8,11.7,19.2
9,359,11.9,19.5
6.7,10,8.6,19.7
10,15,14.4,20.3
12.6,14,14.3,20.2
11.4,10,12.9,20.5
10.6,22,11.8,20.8
7.6,21,10.1,21.1
11.1,30,13.4,21
11.3,18,14,21.6
14.1,29,16.9,21.3
11.5,8,14.1,21.3
10,35,14.8,22
13.6,16,17,21.2
14,30,16.2,21.6
12.4,19,14.3,21.6
15.8,39,18.1,21.6
18.4,17,21.1,21.5
14.6,32,19.3,21.7
14.5,29,16.2,22.3
12.9,24,16.8,22.5
16.3,31,18.1,22.8
15.6,53,19.5,23.5
13.2,26,18,23.6
14.7,14,18.2,23.5
14.5,21,18.1,23.8
13.2,31,15.5,24
13.6,34,16.5,24.3
13.5,13,16.3,24
14.7,40,17.8,24
14.5,47,19,24.4
13.4,58,17.6,24.9
11.2,51,14,25.5
10.4,38,11.7,25.3
12.6,31,17.8,25
14.4,13,17.8,24.6
14.1,41,15.5,25.2
10.4,45,13.4,25.5
12.3,64,15.1,25.8
11.4,52,14.9,25.7
13.1,17,15.9,25.2
16.2,24,19.5,25.1
14.9,37,17.6,25.5
15.4,26,19.1,25.6
14.6,25,20.5,25.5
13.1,54,15.3,25.6
18.4,45,22.3,25.9
17.4,41,19.5,25.9
13.8,29,19.9,26.2
18.5,35,21.7,25.7
19.5,16,24,24.9
15.4,46,20.2,26
14.9,45,17.6,26
11.7,55,14.4,26.5
10.8,37,16.1,26.2
15.1,3,19,24.9
-1,-1,-1,-1
-1,-1,-1,-1
-1,-1,-1,-1
-1,-1,-1,-1
12.5,40,14.9,26.5
17.9,48,19.6,26.6
16.1,39,18.8,26.9
12.3,47,16.3,26.9
12.7,356,18.7,26.3
9.3,6,14.7,25.5
14.6,11,17.6,25.4
13.4,60,18.3,26.3
18.9,24,22.9,25.8
10.1,28,14.3,26.5
15.3,30,18.6,26.6
16.7,13,19.5,25.8
-1,-1,-1,-1
13.7,23,18.9,26.4
17.9,18,19.8,26.2
13.9,24,17.9,26.5
12.8,20,16,25.7
18.6,6,21.4,25.2
15.6,18,20.9,25.1
17.4,0,21.6,25
15,37,20,25.4
17.8,352,22.5,25.2
18.6,10,21.4,25.3
14.5,352,18.4,25.4
16.2,17,22.1,25.4
17.4,8,21.1,24.9
12.4,23,19.5,25.5
19.6,26,22.1,25.2
16.8,19,20.4,24.8
17,14,19.3,25
17.2,28,19.9,24.9
16.9,6,23,24.5
16.6,26,18.4,24.8
14.6,15,17.8,24.7
11.7,360,15.6,24.3
17,13,22,24.3
16.8,35,18.5,24.7
17.5,6,20.1,24.1
12.9,10,16.6,24.7
18.1,38,20,25
18.9,26,20.8,24.6
18.9,21,21.6,24.4
16.8,20,21.3,24.4
12.1,22,13.6,24.4
17.5,350,22.2,24.1
18.1,354,22.8,24.3
20.7,28,23.6,24.9
16.3,8,20.4,24.4
18.3,358,21.5,23.9
17.7,7,24.6,24.2
19.3,29,21.5,24.9
20.5,17,24.9,24.3
18.8,14,22.5,24.1
14.2,21,17.8,23.9
18.3,351,22.4,23.8
17,357,20.7,23.6
20.4,357,24.4,23.6
19.1,352,22.8,23.4
19.1,359,22.9,23.6
17.3,11,22.5,24.1
20,350,23.6,23.5
20.8,355,25.3,23.5
18.8,355,22.9,23.3
12.5,356,16,23.9
13.2,8,16.5,23.8
21,359,27.9,23.4
19.5,5,24.7,23.2
17.2,358,21.3,23.1
-1,-1,-1,-1
-1,-1,-1,-1
-1,-1,-1,-1
-1,-1,-1,-1
-1,-1,-1,-1
18.8,355,22.4,22.2
15.7,357,20.5,22.3
18.4,4,23.5,22.1
14.9,16,18.3,22.2
16.9,9,19.1,22
16.2,18,18.2,21.9
14.9,19,18,22.1
15.2,26,20.4,22.1
17.5,16,19.5,21.8
16.5,20,20.3,21.7
17.1,29,20.1,21.8
17.4,17,19.7,21.7
14,22,16.1,21.7
10.7,13,14.6,21.6
14.7,6,18.6,21.2
13.9,8,19.7,21
14.1,9,17.8,20.8
18.3,359,22.4,20.5
19.6,352,22.9,20.4
12.8,2,15.6,20.3
15.6,354,19.9,20.2
16.6,358,21.6,20
14,8,18.1,19.8
16.5,356,20.6,19.5
14.9,2,19.8,19.4
12.5,4,15.8,19.3
14.4,1,17.5,19
16.6,360,19.4,18.7
19.4,356,23.9,18.5
16.1,0,23.3,18.5
15.3,5,21,18.2
13.9,1,17.5,18.1
14.5,359,19.3,17.9
13.9,10,18.7,17.8
14.2,7,20.4,17.6
-1,-1,-1,-1
19.5,355,25.6,17.1
18.8,6,24.3,16.9
15.5,7,19.4,16.8
14.9,6,19.3,16.9
17.6,359,22,16.6
19.5,8,22.8,16.4
20.5,11,23.5,16.3
21,10,24.1,16.2
16.6,8,19.4,16.1
15.2,0,21.5,16
17.2,8,20.3,15.7
19.2,0,24.2,15.6
17.5,11,20.5,15.6
13.5,8,18.2,15.6
19,5,23,15.2
17,9,20.8,15.1
17.3,358,21.9,14.9
20.7,5,25.5,14.9
18.4,4,23.4,14.7
15.3,4,20.5,14.8
15.8,10,19.6,14.8
15.5,9,19.1,14.5
12.8,6,18,14.6
17,12,21.8,14.4
15,6,20.1,14.3
15.4,9,18.9,14.3
16.6,11,20.2,14
12.3,7,17.4,14
14.2,7,18.7,14
12,13,15.7,13.9
15.1,14,17.7,13.7
-1,-1,-1,-1
-1,-1,-1,-1
-1,-1,-1,-1
-1,-1,-1,-1
-1,-1,-1,-1
-1,-1,-1,-1
-1,-1,-1,-1
-1,-1,-1,-1
13.2,6,17,12.9
14.1,15,15.7,13
11.7,16,14.4,13
-1,-1,-1,-1
-1,-1,-1,-1
-1,-1,-1,-1
-1,-1,-1,-1
-1,-1,-1,-1
-1,-1,-1,-1
-1,-1,-1,-1
-1,-1,-1,-1
-1,-1,-1,-1
-1,-1,-1,-1
-1,-1,-1,-1
-1,-1,-1,-1
-1,-1,-1,-1
-1,-1,-1,-1
-1,-1,-1,-1
-1,-1,-1,-1
-1,-1,-1,-1
-1,-1,-1,-1
-1,-1,-1,-1
-1,-1,-1,-1
-1,-1,-1,-1
-1,-1,-1,-1
-1,-1,-1,-1
-1,-1,-1,-1
-1,-1,-1,-1
-1,-1,-1,-1
-1,-1,-1,-1
-1,-1,-1,-1
-1,-1,-1,-1
-1,-1,-1,-1
-1,-1,-1,-1
-1,-1,-1,-1
-1,-1,-1,-1
-1,-1,-1,-1
-1,-1,-1,-1
-1,-1,-1,-1
-1,-1,-1,-1
-1,-1,-1,-1
-1,-1,-1,-1
-1,-1,-1,-1
-1,-1,-1,-1
-1,-1,-1,-1
-1,-1,-1,-1
-1,-1,-1,-1
-1,-1,-1,-1
-1,-1,-1,-1
-1,-1,-1,-1
-1,-1,-1,-1
-1,-1,-1,-1
-1,-1,-1,-1
-1,-1,-1,-1
-1,-1,-1,-1
-1,-1,-1,-1
-1,-1,-1,-1
-1,-1,-1,-1
-1,-1,-1,-1
-1,-1,-1,-1
-1,-1,-1,-1
-1,-1,-1,-1
-1,-1,-1,-1
-1,-1,-1,-1
-1,-1,-1,-1
-1,-1,-1,-1
-1,-1,-1,-1
-1,-1,-1,-1
-1,-1,-1,-1
-1,-1,-1,-1
-1,-1,-1,-1
-1,-1,-1,-1
-1,-1,-1,-1
-1,-1,-1,-1
-1,-1,-1,-1
-1,-1,-1,-1
-1,-1,-1,-1
-1,-1,-1,-1
-1,-1,-1,-1
9.3,23,11.8,14.6
9.8,25,13.6,14.7
10.4,42,14.7,15.1
11.7,27,13.8,14.9
10.6,41,12.5,14.8
8.8,17,10.7,14.5
10,26,12.9,14.5
8.6,34,11.2,15.2
9.1,9,12.5,15.8
10.7,6,14.4,15
11.4,356,13.5,14.9
12,15,15.6,15.1
11.1,7,13.3,15.1
9,360,11.6,15.8
8.8,28,10.9,15.7
11,30,14.1,15.9
9.3,19,11,16.6
8.5,14,11.6,16.4
8.4,29,10.3,16.4
9.1,8,12.6,16.3
11,10,12.9,16.8
9.5,358,13.7,16.3
10.7,356,13.5,17
7.3,8,10.8,16.9
9.2,350,12,16.9
9.5,2,11.1,17.2
8,360,10.5,17.5
9.4,354,13.4,17.5
8.5,346,9.9,18.1
11.4,28,15.1,18.2
9.9,42,11.7,19.3
4,38,7.4,19.6
9.9,61,14.7,20.2
11.9,16,14.9,19.6
8.9,58,11.6,20.4
14,22,16.1,19.9
8.5,24,11,19.8
9.6,33,11.4,20.3
8.3,357,11.3,19.2
11.5,3,16.1,18.8
7.2,18,8.5,19.3
5.8,352,10.1,20
3.5,341,6.8,20.6
8.8,23,10.8,20.5
7,11,8.9,19.6
5.4,360,6.6,20.5
8.1,14,9.1,20.6
8.3,19,10.6,21.2
5.4,28,7.4,21
8.2,64,9.8,22
5.9,56,7.4,22.7
11.7,15,14.3,21
7.4,39,10,21.8
8.5,22,13,21.2
9.9,33,12.3,21.6
1.8,18,4.3,21.6
10.4,31,13.3,22.3
-1,-1,-1,-1
-1,-1,-1,-1
-1,-1,-1,-1
-1,-1,-1,-1
9.7,41,11.4,21.5
5.8,24,7.2,22
7.2,2,10.9,21.5
9.3,16,12.4,21.8
8.8,53,10.6,22.4
13,42,15.1,22.3
9.8,45,12.1,22
9.4,15,11.1,22.1
3.9,42,7.6,22.1
11.8,48,15.2,22.8
4.9,23,6.6,21.9
9.2,38,12.5,23.1
-1,-1,-1,-1
10.3,13,13.3,22.5
5.4,21,7.3,22.1
7.3,114,9.3,22
8.3,66,11.8,22.6
11,73,15.7,22.9
7.7,102,9.4,22.6
6.2,103,7.6,22.9
6.2,124,8.3,23.2
7.3,90,8.4,23
9.8,104,11,22.8
9,115,10,23
6.6,139,7.5,23
8.8,120,9.7,23
7.5,122,8.9,22.8
9.3,108,10.9,22.6
11.4,123,14.1,22.6
12.2,117,12.7,22.1
12.6,120,14.1,21.9
12.9,111,13.7,22.1
13.6,111,15.4,22
12.6,117,13.7,22.1
12.6,117,13,21.7
13.8,112,14.7,21.6
14,118,15,21.5
13.7,107,14.5,21.3
13.5,112,14.3,21.5
12.2,117,13.1,21.6
14.7,115,16.4,21.5
13,116,13.5,21.5
13,113,14,21.5
13.5,113,15.4,21.5
14,112,15.3,21.3
11.7,119,12.3,21.3
12.6,114,13.2,21.3
12.8,103,13.9,21.3
9.4,125,10,21.4
11.4,124,12.3,21.2
11.9,110,12.5,21.3
11.7,119,12.7,21.2
12.5,115,13.5,20.8
12.2,109,12.7,20.9
10.8,124,11.3,20.8
12.6,113,13.3,20.7
13.2,111,13.9,20.6
12.7,113,13.3,20.5
14.3,107,15.1,20.4
13.1,113,13.4,20.2
14,112,14.8,19.8
14.2,112,14.9,19.6
13.6,114,14.1,19.3
14.8,106,15.8,19.5
13.8,110,14.5,19.3
13.2,105,14.8,19.1
13.6,105,14.5,19.2
12.5,101,13.7,19.2
-1,-1,-1,-1
-1,-1,-1,-1
-1,-1,-1,-1
10.9,103,12.1,19
11.4,100,13.2,19
12,103,12.8,18.8
11.6,101,12.6,18.7
11.6,98,13.1,18.5
11.1,99,11.7,18.6
10.2,104,10.9,18.5
10.7,103,12.1,18.5
10.4,105,11.3,18.1
10.5,105,11.4,18.1
9.9,103,11.2,17.8
9.6,108,10.6,17.8
9.9,100,10.9,17.5
9.6,102,10.4,17.4
9,104,10.1,17.5
8.9,105,9.4,17.4
8.4,104,9.3,17.1
8.4,111,9,17
8.1,112,9,17
8.7,114,9.3,16.7
8.2,108,8.6,16.8
8.5,104,10,16.7
9.3,111,10.1,16.6
8.9,102,10.8,16.4
9.8,108,10.6,16.4
9.6,112,12.4,16.3
9.3,99,10.7,16.2
8.8,93,9.9,16.2
8.6,97,9.3,16.1
8.4,101,10.2,16
8.7,101,9.9,16
9,111,9.8,15.9
8.9,112,10.1,15.8
8.2,106,9.5,15.8
7.6,118,8.9,15.7
7.1,130,8.5,15.7
7,141,7.6,15.7
-1,-1,-1,-1
5.5,148,6.1,15.9
4.6,149,5.6,15.8
5.2,144,6.3,15.7
5.3,150,6.8,15.7
4.7,149,5.4,15.6
4.3,139,5.7,15.6
4,160,5.7,15.4
1.6,169,3.2,15.3
0.6,149,1.3,15.1
1.2,137,2.6,15.1
2.6,175,3.5,15
1.4,170,2.9,14.9
0.6,149,0.9,14.9
1,184,1.8,14.9
2.6,220,3.2,14.8
1.4,240,2,14.7
0.7,186,2.1,14.6
1.5,204,1.6,14.5
1,218,1.1,14.5
1.5,217,2,14.6
0.4,52,1,14.4
0.5,18,0.8,14.4
0.6,46,0.6,14.6
0.9,215,1.8,14.4
1.5,204,2.4,14.4
1.9,212,2.4,14.4
2.8,193,3.1,14.3
1.8,182,2.5,14.3
0.8,223,0.9,14.2
1.3,166,1.3,14.1
1.4,38,1.5,14.2
-1,-1,-1,-1
-1,-1,-1,-1
-1,-1,-1,-1
-1,-1,-1,-1
-1,-1,-1,-1
-1,-1,-1,-1
-1,-1,-1,-1
-1,-1,-1,-1
-1,-1,-1,-1
-1,-1,-1,-1
6.2,55,7.3,14.2
5.8,47,6.6,14.3
5.1,40,5.7,14.3
5.4,42,6.4,14.4
5.6,37,6.2,14.3
7.5,40,8.8,14.2
8.4,49,9.4,14
8,54,9.7,13.9
6.9,56,8.8,13.9
8.1,66,10.1,13.8
8.3,63,9.5,13.7
8.2,63,10,13.6
7.8,58,9,13.7
6.8,58,7.8,13.7
7.4,58,8.9,13.6
7.5,61,8.6,13.5
8.3,62,11.4,13.5
6.8,62,8.3,13.5
7.2,61,8,13.5
6.3,65,7.8,13.4
6.4,64,7.8,13.5
5.3,60,6.1,13.5
5.7,55,7,13.4
5.7,56,6.1,13.4
5.9,55,7.4,13.4
5.4,60,6.3,13.3
5,56,6.2,13.3
4.9,49,5.8,13.3
4.7,45,5.2,13.2
5.2,37,5.9,13.3
5.9,44,7.1,13.2
5.5,31,6.5,13
5.9,20,7.4,13
6.2,28,7.3,13
5.4,21,6.9,13
6.5,22,7.5,12.9
7,24,8.3,12.8
6.8,28,8.2,12.9
6.9,28,8.1,12.7
6.6,28,8.7,12.8
7.4,27,9.5,12.8
6.6,26,7.6,12.8
6.7,35,8.3,12.7
7.1,38,9.1,12.8
7.3,28,8.6,12.7
6.3,49,8.1,12.8
7.9,55,9.7,12.8
7.8,39,9.8,12.9
7.6,50,9.2,13.1
7.1,52,7.9,13
6.9,60,8.1,13.2
7.6,36,9.6,13.2
7.9,33,9.4,13.2
7.9,26,9.4,13.2
-1,-1,-1,-1
7.3,26,9.9,13.4
7.7,15,8.6,13.5
7.8,22,9.6,13.5
8.2,36,9.2,13.6
6.2,41,7.7,13.8
5.7,39,6.7,14
6.9,30,9.6,14.1
-1,-1,-1,-1
-1,-1,-1,-1
-1,-1,-1,-1
-1,-1,-1,-1
-1,-1,-1,-1
-1,-1,-1,-1
-1,-1,-1,-1
-1,-1,-1,-1
7.2,32,9.2,14.5
6.9,42,9.7,14.7
7.2,33,8.4,14.9
8.1,20,9.2,14.8
6.9,45,9.1,15.1
7.4,18,9.2,14.9
9.2,26,11.5,15.1
8.8,10,9.9,15
9,16,10.7,14.8
8.8,12,10.6,14.8
8.3,36,10,14.9
7.8,25,9,15.2
6.2,29,7.8,15.6
9.3,4,11.5,14.9
6.2,17,8.2,15.2
8,46,9.8,15.9
7.7,11,8.5,15.4
7.7,17,9.3,15.6
8.5,8,9.5,15.5
7.3,34,9.3,16.1
5.4,21,6.5,16.5
6.4,15,8.4,16.3
4.8,15,6.1,16.4
6.5,17,8.3,16.9
4.6,49,6.1,17.3
3,35,4.1,18.3
2,93,3.6,19
5.8,76,6.8,19.5
7.1,68,9.3,19.6
9.8,67,11.6,20
5.3,90,6.4,21
6,73,8.5,20.7
3.9,100,4.8,21.6
6,71,8.8,21.3
4.6,110,7.3,22.4
5.6,110,7,21.8
4.1,133,5.7,22.2
4.2,145,5,22.9
4.5,178,5.7,22.3
3.3,163,4.3,22.5
3.4,188,4.9,22.9
4,180,5,22.5
3.7,186,5.5,23.1
2.9,195,4.1,23
1.9,172,2.7,23.3
-1,-1,-1,-1
3.9,160,4.7,22.9
4.2,138,4.7,22.9
4.8,131,6.7,23.1
4.8,144,5.3,23.3
5.1,148,6.5,23.4
4.6,150,5.6,23.6
3.8,169,4.4,23.2
2.5,154,3.8,24.2
4,159,4.6,23.4
4,161,4.4,23.3
3.6,160,4.3,23.9
3.1,152,4.1,23.7
4.6,152,5.2,23.9
4,123,5.4,23.3
6.2,109,7.8,23.2
7.7,125,8.6,23.3
9.5,108,11,23.4
8,110,9.1,23.3
-1,-1,-1,-1
-1,-1,-1,-1
-1,-1,-1,-1
9.9,102,10.7,23
7.6,122,8.4,22.9
9.4,111,10.2,22.9
7.9,123,8.8,22.9
9.1,107,10.3,23.2
7.3,116,8.2,23.2
9.3,100,9.8,23.5
6.9,116,7.7,23.4
9.7,98,10.5,23.6
8.7,107,9.4,23.3
9.1,111,9.8,23.8
8.7,102,9.8,24.3
9.4,110,10.4,23.9
-1,-1,-1,-1
10.5,106,11.7,23.8
10.8,106,11.4,23.8
10,114,10.8,23.9
10.1,111,10.8,23.6
10.3,111,11.3,23.7
8.6,123,9.6,24
10.6,105,11.2,23.5
10.2,108,10.8,23.8
10.5,113,11.4,23.8
10.1,116,11.1,23.8
10.4,111,11.6,23.7
10.1,105,12.3,23.6
10.2,106,10.8,23.6
10.7,99,11.2,23.8
10.9,99,12.1,23.6
11.4,107,12.4,23.5
9.6,116,10.3,24.2
9.9,115,10.5,24.1
9.9,106,10.8,24
11.2,105,12,24.2
9.7,119,10.5,24.3
8.6,125,9.3,24.6
9.8,108,10.7,24.7
10.3,113,11.6,24.4
9.6,107,10.5,24.2
9.4,112,10.7,24.4
11,111,11.4,24.3
10,107,10.5,24.3
11.3,105,12.5,24
11.3,104,11.9,23.9
9.4,122,10.1,24.7
9.2,124,9.8,25
10,106,10.6,24.3
8.9,110,9.9,24.5
9,115,9.6,24.8
8.9,126,9.5,24.8
6.8,127,8,25
6.2,130,7.1,25.4
5.6,138,7.4,25.1
5.9,136,7.3,25.2
2.7,130,6.4,25.1
4.3,205,6.2,25.3
4.4,213,5,25.5
4.1,213,5.2,25.4
5.7,191,7,24.9
3.7,213,5.1,25.1
5.4,222,7.3,25.1
5.7,211,6.3,25.2
3.4,212,4.7,24.9
3,218,4.7,25
3.2,217,4.1,25
5,216,6,24.7
5,198,5.6,24.2
3.7,207,4.4,24.5
4.1,204,5.2,24.4
-1,-1,-1,-1
-1,-1,-1,-1
-1,-1,-1,-1
-1,-1,-1,-1
-1,-1,-1,-1
-1,-1,-1,-1
-1,-1,-1,-1
-1,-1,-1,-1
4.5,205,4.9,22.8
2.7,167,4.8,22.8
4.3,131,5.4,22.6
10.1,95,11.3,21.6
10.7,96,11.4,21.6
11.9,103,12.6,21.1
11.8,107,12.2,20.9
12.3,102,13,20.5
11.7,106,12.3,20.1
11.5,108,12.4,20
11.6,105,12.3,20
11.3,105,12.3,19.9
10.6,108,11.4,19.6
9.8,108,10.5,19.3
9.1,110,9.9,19.2
8.6,106,9.8,19
8.4,109,9,18.9
8.3,107,9.7,18.8
6.9,113,8.1,18.8
4.2,206,4.6,18.5
2.8,205,3.6,18.4
-1,-1,-1,-1
6,205,6.6,18.1
5.9,203,6.2,17.8
5.9,197,6.5,17.9
5.3,208,5.7,17.7
4.5,212,5,17.6
5.2,211,5.8,17.5
5.4,208,5.7,17.2
5.4,204,6.1,17
5.3,204,5.7,16.8
4.8,212,5.4,16.8
-1,-1,-1,-1
5.3,205,5.7,16.6
5,204,5.5,16.5
3.4,216,4.1,16.5
3.4,224,4.3,16.4
5.2,212,6.4,16.5
6,219,8.2,16.4
4,227,4.9,16.2
4.2,212,5,16.1
4.2,206,5.7,16
3.3,194,5.1,15.9
3.8,210,4.8,15.9
4.9,213,5.5,15.9
4.1,211,5,15.7
4.3,218,5.4,15.8
4.9,220,6.2,15.7
4.6,218,5.4,15.6
4.5,222,5.7,15.4
3.5,227,4.6,15.4
4.7,226,5.5,15.3
4.7,233,6.1,15.1
4,224,4.9,15.1
4,223,5,15.2
4.1,236,4.5,15.1
4.3,238,5.3,15
3.2,245,4,15
3.7,249,4.6,14.8
3.3,255,4.7,14.9
3.3,254,5.2,14.9
3.7,259,4.7,14.8
4.3,252,5.8,14.8
3.5,257,5.9,14.8
-1,-1,-1,-1
-1,-1,-1,-1
4.9,266,6,14.7
-1,-1,-1,-1
-1,-1,-1,-1
-1,-1,-1,-1
-1,-1,-1,-1
-1,-1,-1,-1
-1,-1,-1,-1
-1,-1,-1,-1
-1,-1,-1,-1
-1,-1,-1,-1
-1,-1,-1,-1
-1,-1,-1,-1
-1,-1,-1,-1
-1,-1,-1,-1
-1,-1,-1,-1
-1,-1,-1,-1
-1,-1,-1,-1
-1,-1,-1,-1
-1,-1,-1,-1
-1,-1,-1,-1
-1,-1,-1,-1
-1,-1,-1,-1
-1,-1,-1,-1
-1,-1,-1,-1
-1,-1,-1,-1
-1,-1,-1,-1
-1,-1,-1,-1
-1,-1,-1,-1
-1,-1,-1,-1
-1,-1,-1,-1
-1,-1,-1,-1
-1,-1,-1,-1
-1,-1,-1,-1
-1,-1,-1,-1
-1,-1,-1,-1
-1,-1,-1,-1
-1,-1,-1,-1
-1,-1,-1,-1
-1,-1,-1,-1
-1,-1,-1,-1
-1,-1,-1,-1
-1,-1,-1,-1
-1,-1,-1,-1
-1,-1,-1,-1
-1,-1,-1,-1
-1,-1,-1,-1
-1,-1,-1,-1
-1,-1,-1,-1
-1,-1,-1,-1
-1,-1,-1,-1
-1,-1,-1,-1
-1,-1,-1,-1
-1,-1,-1,-1
-1,-1,-1,-1
-1,-1,-1,-1
-1,-1,-1,-1
-1,-1,-1,-1
-1,-1,-1,-1
-1,-1,-1,-1
-1,-1,-1,-1
-1,-1,-1,-1
-1,-1,-1,-1
-1,-1,-1,-1
-1,-1,-1,-1
-1,-1,-1,-1
-1,-1,-1,-1
-1,-1,-1,-1
-1,-1,-1,-1
-1,-1,-1,-1
-1,-1,-1,-1
-1,-1,-1,-1
-1,-1,-1,-1
-1,-1,-1,-1
-1,-1,-1,-1
-1,-1,-1,-1
-1,-1,-1,-1
-1,-1,-1,-1
-1,-1,-1,-1
-1,-1,-1,-1
-1,-1,-1,-1
-1,-1,-1,-1
-1,-1,-1,-1
-1,-1,-1,-1
-1,-1,-1,-1
-1,-1,-1,-1
-1,-1,-1,-1
-1,-1,-1,-1
-1,-1,-1,-1
-1,-1,-1,-1
-1,-1,-1,-1
-1,-1,-1,-1
-1,-1,-1,-1
-1,-1,-1,-1
-1,-1,-1,-1
-1,-1,-1,-1
-1,-1,-1,-1
-1,-1,-1,-1
-1,-1,-1,-1
-1,-1,-1,-1
-1,-1,-1,-1
-1,-1,-1,-1
-1,-1,-1,-1
-1,-1,-1,-1
-1,-1,-1,-1
-1,-1,-1,-1
-1,-1,-1,-1
-1,-1,-1,-1
-1,-1,-1,-1
-1,-1,-1,-1
-1,-1,-1,-1
-1,-1,-1,-1
-1,-1,-1,-1
-1,-1,-1,-1
-1,-1,-1,-1
-1,-1,-1,-1
1.8,116,2.4,30
1.5,41,2.2,29.4
0.2,25,2.2,29.6
1.2,320,2.3,30.3
1.6,289,2.2,29.8
0.7,269,1.7,30.7
0.5,207,2.3,31.2
1.4,198,2.1,31.5
0.9,330,3.4,31.1
2.1,218,3.5,30.5
0.6,244,2.5,30.3
1.8,323,2.8,30.3
0.9,211,2.3,31.1
2.6,265,5.1,30.4
1.9,273,4.7,30.6
2.3,161,5.8,31.7
3,215,4.6,31.4
0.8,85,3.2,31.5
2.3,0,3.5,31.5
1.1,346,2.5,31.3
1.9,348,3.5,31.6
1.6,320,2.8,31.7
3.9,20,6.7,31.5
0.5,182,2.6,32
1.8,195,2.7,32.4
2.9,4,4.6,31.8
3.3,313,5.1,31.8
-1,-1,-1,-1
-1,-1,-1,-1
-1,-1,-1,-1
-1,-1,-1,-1
-1,-1,-1,-1
-1,-1,-1,-1
-1,-1,-1,-1
-1,-1,-1,-1
2.9,40,5,32.1
6.6,4,7.9,31.1
2.1,316,6.4,31.1
6.5,332,8.9,31.1
8.7,357,10.4,30.4
5.8,356,6.9,30.4
5.4,343,8.3,31
1.2,190,2.8,31.4
-1,-1,-1,-1
2.8,280,5,30.9
6.7,327,8.6,30.4
7.4,348,10.6,31
4.1,3,5.6,30.8
3,340,4.3,31.5
5.5,329,7.8,31.2
4.7,347,7.2,31.4
4.1,333,5.7,30.9
4.5,11,5.1,31.4
8.6,337,10.2,31.4
7.6,337,8.7,31.3
2.8,8,4.2,30.9
2.7,344,4.4,32
4.9,332,10.6,31.9
4,319,7.7,31.8
10.5,345,13,31.7
7,334,8,31.9
6.7,344,9.4,32
5.7,330,6.9,32.1
2.1,331,7,32.2
6.4,313,10,31.8
4.5,306,6.4,31.9
5.3,280,7.4,31.7
3.9,355,5.9,32.1
10.5,180,12.9,31
10.1,175,12.1,30.8
8.9,203,10.2,31
7.4,208,9,31
9.8,204,11.2,30.7
9.3,196,11.3,30.4
9.7,184,14.1,30.2
9.4,179,10.8,29.9
10.3,177,11.8,29.5
6.6,194,11,29.3
7.9,165,11,29.1
6.8,154,10.6,29.1
11.2,179,12.3,28.4
11.4,171,12.6,28.1
11.2,175,12.6,27.9
10.3,184,11.4,28.3
9.9,183,11.2,27.9
10.7,177,11.4,27.8
10.9,191,11.7,27.6
10.1,199,11.6,27.8
9.4,186,10.8,27.8
11.1,198,12.5,27.8
9.3,204,10.7,27.7
11.2,204,12.4,27.7
9.7,207,11.3,27.6
9,196,10.8,27.6
9.5,195,11,27.6
8.3,195,9.7,27.5
7.6,207,8.4,27.4
7,208,8.2,27.4
7.6,210,9,27.3
-1,-1,-1,-1
-1,-1,-1,-1
-1,-1,-1,-1
-1,-1,-1,-1
-1,-1,-1,-1
-1,-1,-1,-1
-1,-1,-1,-1
-1,-1,-1,-1
4.1,184,6.7,26.6
4.7,155,6.5,26.8
3,121,4.9,26.7
5,129,5.8,26.5
6.4,114,9,25.9
9.3,106,10.6,25.2
9.4,108,10.7,24.7
10.2,106,11.4,24.5
11.7,98,12.7,24.4
9.8,96,10.5,24.3
9.4,97,10,23.9
7.9,113,8.2,24
-1,-1,-1,-1
8.2,137,8.5,24.4
8.2,143,8.4,23.8
8.9,149,9.7,23.6
8.5,124,9.4,23.5
8.8,122,9.9,22.5
9.7,130,10.2,22.9
9.1,140,10,23
10.6,127,11,22.5
9.5,129,10.1,22
8.7,127,9.2,21.7
8.7,126,9,21.4
9.4,124,9.8,21.3
9.5,121,10.1,20.9
9.8,119,10.1,21
8.6,116,9,21.1
8.5,108,8.9,21
8.1,102,8.4,21
7.5,90,8.2,20.6
7.4,85,8.1,20.7
-1,-1,-1,-1
6.8,85,7.4,20.7
7.3,84,8.1,20.5
6.9,89,8.2,20.7
7.1,88,7.7,20.3
6.9,88,7.3,20.2
7.2,89,7.9,20.1
8.2,90,8.5,19.9
8.1,90,8.6,19.8
6.7,89,7.6,19.9
6.9,88,7.5,19.7
7.1,86,7.9,19.8
6.9,89,7.6,19.7
5.5,91,6.5,19.7
5.5,93,6,19.5
4.7,88,5.1,19.6
3.8,101,4.3,19.6
3.1,103,3.7,19.6
4.5,129,5,19.6
4.5,109,5.7,19.6
4,116,4.5,19.5
4.3,108,5.4,19.4
5.9,118,6.6,19.4
4.5,118,5.2,19.4
3.7,97,4.4,19.2
3.4,97,3.7,19.3
3.8,116,4,19.2
3.2,99,3.8,19.1
1.7,87,2.5,19.3
1.2,99,1.4,19
2,129,2.5,19
0.9,92,2,19.1
-1,-1,-1,-1
-1,-1,-1,-1
-1,-1,-1,-1
-1,-1,-1,-1
-1,-1,-1,-1
-1,-1,-1,-1
-1,-1,-1,-1
-1,-1,-1,-1
4.2,220,4.7,18.4
2.6,194,3,18.4
0.9,213,1.4,18.4
2.2,155,2.4,18.6
2.1,161,2.4,18.6
3.2,171,3.5,18.5
2.7,220,5,18.3
2.8,203,3,18.1
4.9,234,5.7,18.1
3.5,244,4.8,18
4.5,238,5,17.8
3.9,239,5.4,17.8
4.6,242,5.3,17.8
4.7,239,5,17.8
5.4,237,5.9,17.7
3.9,250,4.7,17.7
4.7,237,5.2,17.7
4.1,228,4.6,17.7
3.9,230,4,17.6
3.4,230,3.7,17.6
4,230,4.2,17.5
3.2,228,3.5,17.5
4,232,4.4,17.5
4.2,229,4.6,17.5
3.6,230,4.2,17.5
2.4,246,4.3,17.3
4.5,252,5.1,17.3
2.7,262,3.7,17.4
2.5,258,3.3,17.5
3.6,261,4.2,17.6
4,281,4.3,17.5
4.2,289,4.4,17.1
4.2,292,4.3,17.1
4.8,283,5.2,17.2
4.3,280,4.9,17.2
2.6,297,3,17.3
2.7,307,3.3,17.3
2.2,350,2.4,17.4
1.1,38,1.2,17.5
0.7,45,1,17.4
1,60,1.2,17.4
0.5,219,0.9,17.3
0.8,358,0.9,17.4
1.6,307,2.5,16.9
1.6,304,1.7,16.7
2.3,324,2.3,16.6
3.1,327,3.1,16.9
2.9,313,3.3,16.6
3.2,323,3.5,16.8
2.8,333,3,17.1
2.6,339,2.9,17
2.2,335,2.6,17.2
2.3,342,2.5,17.2
2.1,343,2.4,17.3
1.5,353,1.5,17.5
2.4,332,2.9,17.6
-1,-1,-1,-1
2.2,352,2.6,17.9
3,350,3.3,17.8
2.4,352,2.8,18.1
1.5,35,1.7,18.4
1.4,12,1.9,18.9
1.2,103,1.6,18.9
0.8,334,2.5,19.3
-1,-1,-1,-1
-1,-1,-1,-1
-1,-1,-1,-1
-1,-1,-1,-1
-1,-1,-1,-1
-1,-1,-1,-1
-1,-1,-1,-1
-1,-1,-1,-1
0.8,110,2.6,21.3
0.5,287,1.7,21.4
0.3,114,1.8,21.9
0.4,302,2.5,22
0.9,42,2.5,22.5
1.2,10,2.1,21.9
1,21,3,22.2
0.6,283,2.5,23.1
0.7,6,2.8,23.8
0.7,315,1.5,24.4
1.4,311,2.7,24.1
1.1,341,2.2,25
1.1,325,2.9,24.8
1.7,355,2.5,25.5
0.7,88,3.1,24.9
2.4,324,3,25.4
3,3,5.4,25.9
4.1,355,5.9,25.6
4.5,348,6.6,25.7
5.4,356,6.4,25.3
3.7,2,5.5,25.5
2.5,44,4.7,26
1.2,44,5.4,26.3
1.3,212,2.6,27.4
0.2,60,2.4,26.7
0.9,356,2.3,27.1
2.4,51,4,27.2
0.9,84,2.8,28.1
1.5,44,3.4,28.1
1.1,81,2.3,28.5
1.3,224,2.7,28.9
1.9,191,3.5,29.3
1.7,204,3,29.5
2.7,205,3.7,30.3
1.9,199,3,29.7
2.1,159,3,30
1.7,209,2.4,31
1.4,286,1.9,29.6
2,233,2.8,30.6
0.7,249,2.6,30
1.3,142,2.4,30.7
1.5,241,2.6,31.2
1.3,243,2,31.3
1.9,274,3.8,31.4
3,268,4,31.2
1.4,246,2.2,31.7
1.6,249,3.5,32.2
0.3,211,1.5,32.1
1.6,161,3.4,32.8
1.7,218,1.9,33.4
1,178,1.8,33.1
2,191,2.4,33.7
2,219,3.6,33.7
2.1,260,3.3,33.2
1.8,254,3,32.9
2.6,260,5.1,32.2
4.7,277,9.2,32.3
5.4,281,6.3,31.1
7.1,280,9.9,31.1
4.9,297,7.2,31.1
0.3,242,4.8,31.6
6.5,269,10.2,30.9
1.5,243,5.3,31.1
2.9,241,5.3,31.6
-1,-1,-1,-1
-1,-1,-1,-1
-1,-1,-1,-1
-1,-1,-1,-1
8.1,299,10.1,29.9
8.1,272,9.3,30
5.9,270,8.2,30.6
8.1,284,9.2,30
4.7,308,5.8,30.5
6.7,292,8,30.6
7.3,279,8.8,30.5
8.1,278,8.8,29.6
2.9,273,4.7,31
3.4,298,5.7,31.1
2,287,3.3,31.4
3.2,260,5.9,31.4
-1,-1,-1,-1
4.1,272,6.7,30.9
9.3,284,10.6,30.2
7.7,274,8.8,30.2
5.2,273,7,29.9
2,242,4.3,30.8
8.6,273,10.8,30.2
8.7,272,12.3,31
9.4,280,11.6,30.1
9.6,283,12.3,29.5
5.8,265,8,29.5
8.1,272,12.8,30.1
12.5,280,14.9,29.2
5.5,287,6,29.7
6.5,280,7.7,29.3
3.8,276,8.9,29.5
2.2,265,6,29.8
6.3,202,9.3,29.9
10.2,182,11.4,29.6
11,198,13.1,29.8
12.7,212,14.1,29.4
13.6,204,16.5,29.8
14.8,199,17.9,29.4
15.5,204,17.2,29.4
13.6,198,15.2,29.4
13,217,15.7,29.1
12.8,209,14.7,29.4
12.5,211,14.2,29.5
13.6,216,15.9,29.3
14.5,210,16,29.2
12.3,207,13.9,29.1
12.7,207,14.4,29.2
12.6,208,16.6,29.4
12.9,217,16.1,29.2
12,206,13.5,29.3
12.1,209,13.1,29.1
11.4,214,13,29.2
12.7,198,13.9,29
14.1,207,15.8,28.7
12.2,205,13.6,28.8
11.8,204,13.6,28.7
11.3,203,14.1,28.7
12.8,207,15.6,28.4
13.3,205,14.6,28.3
12,203,14.3,28.2
13.6,208,15.1,28.2
10.9,207,13.1,28.1
14,217,15.4,27.7
12.8,211,14.4,27.8
13.8,207,16.1,27.7
11.9,204,14.1,27.5
12.2,204,14.5,27.3
12.1,201,13.9,27.1
13,197,15.3,27.1
10.4,201,12.4,27
11.5,202,12.6,27
-1,-1,-1,-1
-1,-1,-1,-1
-1,-1,-1,-1
-1,-1,-1,-1
-1,-1,-1,-1
-1,-1,-1,-1
-1,-1,-1,-1
8.7,205,10,26.3
9.4,205,10.4,26.1
8,208,9.7,26.2
7.8,206,9.3,26
8,208,9.2,25.9
5.4,211,6.7,25.9
4.8,208,5.5,25.6
3.6,215,4.4,25.6
1.3,217,2.7,25.6
2.1,229,4,25.4
4.9,199,6.1,24.9
4.5,210,5.7,25
5.3,211,6.8,25
5,212,6,24.9
5.3,214,5.8,24.8
5.2,220,5.5,24.8
6.2,231,7.1,24.3
6.2,233,6.5,24.2
7,234,7.6,24
8.3,241,9,24
9.1,248,10.4,24.3
9.8,252,10.9,24.2
7.5,246,9.5,24.2
7.2,248,9.4,24
7.2,257,10.1,24.2
7.1,255,10,24.1
6.4,255,8.7,24
7.3,256,8.8,23.9
7.5,258,9.1,23.8
7.6,260,9.1,23.8
7.5,263,9.9,23.7
7.3,261,8.8,23.7
5.9,256,8.8,23.6
-1,-1,-1,-1
6.1,254,9.7,23.4
6.4,253,10.6,23.3
8,251,9.9,23.1
5.2,248,10.3,23
5.9,252,9.9,23
6.3,251,10.1,22.9
8.3,255,11.7,22.7
9.1,255,11,22.7
8.8,255,12,22.6
10.9,262,13,22.4
8.4,259,11.9,22.5
7.4,260,11.8,22.4
8.6,270,12.3,22.3
7.6,264,11.2,22.3
10.6,287,12.4,22
11.8,270,14.4,22
11.6,299,13.4,21.8
12.3,280,13.9,21.8
12.3,282,13.4,21.8
11.3,299,12.2,21.7
8.1,300,9.8,21.6
9.5,294,10.4,21.6
8.2,292,9.2,21.5
7.6,297,9,21.5
8.1,295,8.6,21.3
7,296,10.3,21.5
6.3,298,7.5,21.4
5.9,293,7.8,21.3
6.1,290,7.1,21.3
6.5,294,7.6,21.2
7.7,292,8.9,21.2
-1,-1,-1,-1
-1,-1,-1,-1
-1,-1,-1,-1
-1,-1,-1,-1
7.5,301,9,20.9
9.1,306,11.4,20.9
7.8,317,10.5,21
8.1,310,10.1,20.8
6.9,306,9,20.8
8.9,306,10.4,20.8
8.8,307,10.1,20.8
7,307,8.4,20.7
8.8,305,10.4,20.7
7,294,8.3,20.7
7,287,8.6,20.4
7.4,284,9,20.4
8,284,9.4,20.2
7.2,280,9.8,20.2
8.9,290,9.5,20
8.4,294,9.2,19.9
7.6,298,9.3,19.9
8.7,300,9.3,19.6
8.3,303,9,19.8
8.5,296,9.3,19.6
8.9,289,9.7,19.5
8.2,298,8.8,19.5
8.6,294,10.4,19.4
8,296,8.8,19.4
8.2,295,9.9,19.3
7.8,293,10.2,19.3
6.6,299,8.9,19.3
7.2,305,9.8,19.1
7,292,8.7,19.2
7.5,297,9.4,19
8.3,302,10.6,19
9.1,303,10.6,18.9
9.7,300,10.6,18.8
10.4,302,11.3,18.7
9.6,303,10.8,18.6
8.1,305,9.3,18.6
6.9,311,10,18.6
7.1,319,9.3,18.6
7.2,318,9.2,18.6
7.3,328,10.9,18.6
7.3,331,11.7,18.6
11,332,14.2,18.5
10.1,333,12.6,18.5
7.9,332,10.7,18.4
8.7,333,10.8,18.4
8.2,337,12,18.3
9.5,340,11.9,18.3
9.7,340,11.4,18.2
9.3,339,11.5,18.1
8.2,340,10.2,18.1
9.9,341,12.5,18.1
9.9,342,13,18.1
8.5,343,11.1,18.1
7,336,9.2,18.2
7.6,342,10.5,18.2
6.8,349,9.2,18.3
6.9,334,9.2,18.3
6.8,333,9.6,18.5
7.5,340,9.6,18.5
8,344,11.2,18.7
-1,-1,-1,-1
9.5,339,11.9,19.1
7.9,340,10.8,19.3
11.2,343,13.6,19.5
9.4,343,11.9,19.7
9.5,340,11.6,20.1
9.4,345,10.8,20.3
6.9,339,9.4,20.6
-1,-1,-1,-1
-1,-1,-1,-1
-1,-1,-1,-1
-1,-1,-1,-1
-1,-1,-1,-1
12.5,343,14.3,20.8
10.5,346,12.5,21
10.6,343,12.9,21.1
11.4,342,13.2,21.4
11.9,341,13.5,21.8
8.6,338,10.4,21.9
9.8,333,11.8,22.6
10.6,336,13.4,22.7
7.4,333,10,22.7
9.9,332,12.9,23
6.7,337,10.2,23.6
7.1,332,8.5,23.5
9.4,338,10.8,23.7
5.8,339,8.6,24.4
9.4,351,11.6,24.5
7.2,350,10.5,24.7
7.2,336,10,25.1
8.1,347,9.5,25.3
7.9,351,9.8,25.5
6.4,353,7.8,26
8.7,345,10.8,25.7
7.7,347,9.2,26.1
8.7,348,10.1,26.4
6.8,348,7.6,26.6
6.3,348,8,26.8
6.6,348,8,27
7.3,344,8.5,27
5.5,331,6.8,27
3.8,346,4.9,27
-1,-1,-1,-1
-1,-1,-1,-1
-1,-1,-1,-1
-1,-1,-1,-1
-1,-1,-1,-1
-1,-1,-1,-1
-1,-1,-1,-1
-1,-1,-1,-1
-1,-1,-1,-1
-1,-1,-1,-1
-1,-1,-1,-1
-1,-1,-1,-1
-1,-1,-1,-1
-1,-1,-1,-1
-1,-1,-1,-1
-1,-1,-1,-1
-1,-1,-1,-1
1.9,255,3,32.5
1.4,242,2.5,32.9
2,227,3,33
1.8,189,2,33.4
2.7,183,3.3,33.3
1.2,228,1.6,33.5
1.8,216,2.3,33.6
1.3,216,1.8,33.7
2.2,219,2.7,33
2,225,2.6,33.4
2.3,220,3.4,33.8
3.2,222,3.8,33.3
3.5,257,5.7,32.1
4.2,238,5.6,32.5
2,249,3.1,32.6
1.9,247,2.5,32.3
2.4,243,3.2,32.7
2.4,235,4.4,32.8
1.9,211,3.6,33.1
2.4,201,3.4,32.8
3.7,241,4.2,32.2
-1,-1,-1,-1
-1,-1,-1,-1
-1,-1,-1,-1
-1,-1,-1,-1
-1,-1,-1,-1
-1,-1,-1,-1
-1,-1,-1,-1
-1,-1,-1,-1
6.6,211,8.3,31.6
7.2,202,7.7,31.1
6.2,190,7.6,31.2
3.2,166,4.9,31.4
6.5,210,8.4,31.4
6.7,199,7.8,30.8
7.7,203,9.4,30.8
10.4,215,13.2,30.4
-1,-1,-1,-1
10.8,222,13.6,29.9
9.7,213,12.4,29.7
5,226,8.9,29.8
8.9,223,10.9,29.9
8.3,201,9.2,29.9
8.7,204,10.1,29.7
9.4,205,13.7,29.8
10.5,214,12.4,29.7
8,201,10.7,30
8.8,197,10.5,30.1
9.9,197,13.2,29.5
8.1,210,11.8,29.7
10.6,199,16,29.2
11.1,199,14.1,29.1
13.6,214,16.6,28.8
12.7,214,15.4,28.9
13.5,205,14.6,28.7
12.7,209,14.8,28.7
13.4,200,16.1,28.5
12.3,194,15.2,28.2
13.8,203,15.8,28.1
13.7,201,15.1,28
13.6,200,15.7,27.8
13,198,14.8,27.8
13.7,199,14.8,27.8
13.3,207,16.3,27.7
14.5,209,16.4,27.6
14.8,209,16,27.4
14.6,195,16.8,27.1
15.8,194,16.9,27.1
14.6,195,15.6,27
12.1,192,14.1,26.9
8.6,201,14.2,26.6
10.6,199,13.5,26.7
10.4,208,11.6,27
9.6,191,11.6,26.9
11.9,201,15.5,26.8
10.2,202,12.4,26.9
9.5,205,11.2,26.9
7.9,211,10.6,26.9
4.8,184,7.8,26.9
6.7,177,8.4,26.6
7,175,8.5,26.6
7.9,169,9.1,26.3
9,188,10.1,26.2
8.1,185,9.1,25.9
8.3,187,9.4,25.7
7.2,192,8.7,25.8
8.9,186,10.1,25.5
8.1,184,9.7,25.3
7.8,188,8.9,25.2
6.8,199,8.2,25.2
4.6,195,5.3,25.2
3.6,185,4.7,25.1
7.1,183,8.3,24.9
-1,-1,-1,-1
-1,-1,-1,-1
4.5,206,6.3,24.6
4.3,199,6.3,24.6
6.4,188,8.7,24.5
6.8,194,7.9,24.7
5,202,7.6,24.1
5.4,202,7.2,24.2
5.5,199,7.2,24.2
6.8,187,7.9,24.1
6.4,184,7.5,23.9
3.8,158,4.7,23.9
3.2,173,4.5,23.9
3.1,211,4.3,24.1
2.6,184,3.4,23.8
0.3,177,1.3,23.6
0.4,246,1.2,23.8
2.7,206,3.6,23.5
2.1,213,3.3,23.5
1.9,189,2.8,23.7
1.5,200,2.6,23.5
1.8,205,3.1,23.4
1.9,210,2.9,23.4
3.7,206,4.5,23.1
3.9,191,4.5,23.1
4.9,193,7,22.8
3.2,188,4.4,22.8
2.9,204,4.3,22.6
3.4,183,4.2,22.7
3.1,177,4.2,22.6
0.9,180,1.3,22.6
0.4,255,1.9,22.5
0.5,65,1.7,22.6
0.7,136,2.2,22.4
2.2,205,3.6,22.4
1.6,201,2,22.4
1.2,213,2.6,22.3
1.5,206,2.2,22.2
1,208,1.8,22.2
1.5,217,2.6,22.1
-1,-1,-1,-1
2.6,216,3.7,22
3.4,214,4.4,22
3.4,219,4.3,21.9
3.6,225,4.6,21.7
5.2,225,5.6,21.5
5.6,228,6,21.7
-1,-1,-1,-1
-1,-1,-1,-1
-1,-1,-1,-1
-1,-1,-1,-1
-1,-1,-1,-1
-1,-1,-1,-1
-1,-1,-1,-1
-1,-1,-1,-1
-1,-1,-1,-1
-1,-1,-1,-1
-1,-1,-1,-1
-1,-1,-1,-1
-1,-1,-1,-1
